from,to,type,count
"core.yaml","jsonapi.yaml","file_ref",387
"items.yaml","jsonapi.yaml","file_ref",325
"salesDoc.yaml","jsonapi.yaml","file_ref",194
"surveyDoc.yaml","jsonapi.yaml","file_ref",126
"purchaseDoc.yaml","jsonapi.yaml","file_ref",117
"hierarchies.yaml","jsonapi.yaml","file_ref",107
"customers.yaml","jsonapi.yaml","file_ref",102
"tasks.yaml","jsonapi.yaml","file_ref",101
"accessControl.yaml","jsonapi.yaml","file_ref",100
"clusters.yaml","jsonapi.yaml","file_ref",95
"warehouseDoc.yaml","jsonapi.yaml","file_ref",90
"documents.yaml","jsonapi.yaml","file_ref",90
"commissions.yaml","jsonapi.yaml","file_ref",90
"items.yaml","core.yaml","file_ref",82
"entityAttributes.yaml","jsonapi.yaml","file_ref",79
"openapi.yaml","core.yaml","file_ref",76
"discountlists.yaml","jsonapi.yaml","file_ref",61
"customers.yaml","core.yaml","file_ref",58
"target.yaml","jsonapi.yaml","file_ref",56
"purchaseDoc.yaml","documents.yaml","file_ref",56
"pricelists.yaml","jsonapi.yaml","file_ref",55
"openapi.yaml","items.yaml","file_ref",54
"salesDoc.yaml","core.yaml","file_ref",52
"inventoryDoc.yaml","jsonapi.yaml","file_ref",49
"collectionDoc.yaml","jsonapi.yaml","file_ref",47
"authWorkflows.yaml","jsonapi.yaml","file_ref",44
"warehouseDoc.yaml","documents.yaml","file_ref",43
"tickets.yaml","jsonapi.yaml","file_ref",43
"workSessions.yaml","jsonapi.yaml","file_ref",43
"messages.yaml","jsonapi.yaml","file_ref",41
"payments.yaml","jsonapi.yaml","file_ref",41
"digitalContents.yaml","jsonapi.yaml","file_ref",41
"salesReps.yaml","jsonapi.yaml","file_ref",41
"checkpoints.yaml","jsonapi.yaml","file_ref",39
"suppliers.yaml","jsonapi.yaml","file_ref",39
"priceCondition.yaml","jsonapi.yaml","file_ref",37
"cashDepositDoc.yaml","jsonapi.yaml","file_ref",37
"budgets.yaml","jsonapi.yaml","file_ref",34
"openapi.yaml","salesDoc.yaml","file_ref",33
"devices.yaml","jsonapi.yaml","file_ref",33
"documents.yaml","core.yaml","file_ref",28
"core.yaml","core.yaml","file_ref",28
"openapi.yaml","purchaseDoc.yaml","file_ref",28
"customerContracts.yaml","jsonapi.yaml","file_ref",27
"greyMarketSurvey.yaml","jsonapi.yaml","file_ref",27
"communications.yaml","jsonapi.yaml","file_ref",27
"plants.yaml","jsonapi.yaml","file_ref",25
"openapi.yaml","customers.yaml","file_ref",24
"openapi.yaml","surveyDoc.yaml","file_ref",24
"openapi.yaml","accessControl.yaml","file_ref",22
"certificates.yaml","jsonapi.yaml","file_ref",20
"openapi.yaml","warehouseDoc.yaml","file_ref",20
"clusters.yaml","core.yaml","file_ref",20
"salesDoc.yaml","documents.yaml","file_ref",20
"openapi.yaml","hierarchies.yaml","file_ref",19
"stats.yaml","jsonapi.yaml","file_ref",18
"purchaseDoc.yaml","core.yaml","file_ref",17
"commissions.yaml","core.yaml","file_ref",17
"hierarchies.yaml","core.yaml","file_ref",17
"openapi.yaml","entityAttributes.yaml","file_ref",16
"openapi.yaml","clusters.yaml","file_ref",16
"suppliers.yaml","core.yaml","file_ref",15
"customers.yaml::CustomerAccountAttributes","customers.yaml::SimpleEntity","external_schema_ref",15
"salesDoc.yaml::SalesDocHeaderAttributes","salesDoc.yaml::SimpleEntity","external_schema_ref",15
"warehouseDoc.yaml","core.yaml","file_ref",14
"openapi.yaml","tasks.yaml","file_ref",14
"salesReps.yaml","core.yaml","file_ref",14
"customerContacts.yaml","jsonapi.yaml","file_ref",13
"openapi.yaml","ontag/sourcing.yaml","file_ref",13
"items.yaml::ItemRelationships","items.yaml::relToOne","external_schema_ref",13
"discountlists.yaml","core.yaml","file_ref",12
"core.yaml","dataTypes.yaml","file_ref",12
"openapi.yaml","commissions.yaml","file_ref",12
"inventoryDoc.yaml","documents.yaml","file_ref",11
"entityAttributes.yaml","core.yaml","file_ref",11
"items.yaml","dataTypes.yaml","file_ref",11
"vehicles.yaml","jsonapi.yaml","file_ref",11
"entitySets.yaml","jsonapi.yaml","file_ref",11
"openapi.yaml","documents.yaml","file_ref",11
"workSessions.yaml","core.yaml","file_ref",11
"collectionDoc.yaml","core.yaml","file_ref",11
"surveyDoc.yaml","core.yaml","file_ref",11
"salesDoc.yaml::SalesDocLineAttributes","salesDoc.yaml::SimpleEntity","external_schema_ref",11
"comments.yaml","jsonapi.yaml","file_ref",10
"cashDepositDoc.yaml","core.yaml","file_ref",10
"documents.yaml","dataTypes.yaml","file_ref",10
"openapi.yaml","pricelists.yaml","file_ref",10
"pricelists.yaml","core.yaml","file_ref",10
"tasks.yaml","core.yaml","file_ref",10
"recurrences.yaml","jsonapi.yaml","file_ref",10
"items.yaml::ItemAttributes","items.yaml::SimpleEntity","external_schema_ref",10
"workSessions.yaml::WorkSession","workSessions.yaml::relToOneReadOnly","external_schema_ref",10
"salesDoc.yaml::SalesDocHeaderUpdateData","salesDoc.yaml::relToOne","external_schema_ref",10
"inventoryDoc.yaml","core.yaml","file_ref",9
"commissions.yaml","dataTypes.yaml","file_ref",9
"accessControl.yaml","core.yaml","file_ref",9
"openapi.yaml","checkpoints.yaml","file_ref",9
"openapi.yaml","discountlists.yaml","file_ref",9
"openapi.yaml","workSessions.yaml","file_ref",9
"openapi.yaml","target.yaml","file_ref",9
"core.yaml::WarehouseJournalEntry","core.yaml::relToOneWithMeta","external_schema_ref",9
"priceCondition.yaml","core.yaml","file_ref",8
"authWorkflows.yaml","core.yaml","file_ref",8
"entityAttributes.yaml","entityAttributes.yaml","file_ref",8
"payments.yaml","core.yaml","file_ref",8
"budgets.yaml","core.yaml","file_ref",8
"openapi.yaml","priceCondition.yaml","file_ref",8
"openapi.yaml","payments.yaml","file_ref",8
"openapi.yaml","collectionDoc.yaml","file_ref",8
"openapi.yaml","budgets.yaml","file_ref",8
"openapi.yaml","salesReps.yaml","file_ref",8
"openapi.yaml","messages.yaml","file_ref",8
"openapi.yaml","b2b/marketplaces.yaml","file_ref",8
"priceCondition.yaml::PriceSearch","priceCondition.yaml::SearchKey","internal_schema_ref",8
"priceCondition.yaml::PriceCondition","priceCondition.yaml::SearchKeyValue","internal_schema_ref",8
"customers.yaml::CustomerAccountRelationships","customers.yaml::relToOne","external_schema_ref",8
"authWorkflows.yaml","dataTypes.yaml","file_ref",7
"accessControl.yaml","dataTypes.yaml","file_ref",7
"openapi.yaml","cashDepositDoc.yaml","file_ref",7
"openapi.yaml","suppliers.yaml","file_ref",7
"openapi.yaml","inventoryDoc.yaml","file_ref",7
"openapi.yaml","authWorkflows.yaml","file_ref",7
"openapi.yaml","digitalContents.yaml","file_ref",7
"surveyDoc.yaml","dataTypes.yaml","file_ref",7
"surveyDoc.yaml","documents.yaml","file_ref",7
"salesDoc.yaml","dataTypes.yaml","file_ref",7
"purchaseDoc.yaml::PurchaseDocReading","purchaseDoc.yaml::relToOne","external_schema_ref",7
"businessHours.yaml::BusinessHours","businessHours.yaml::DaySchedule","internal_schema_ref",7
"items.yaml::WarehouseItemEntryRelationships","items.yaml::relToOneWithMeta","external_schema_ref",7
"commissions.yaml::SalesDocLineCommission","commissions.yaml::relToOne","external_schema_ref",7
"salesDoc.yaml::SalesDocHeaderCreationData","salesDoc.yaml::relToOne","external_schema_ref",7
"target.yaml","core.yaml","file_ref",6
"purchaseDoc.yaml","dataTypes.yaml","file_ref",6
"items.yaml","entityAttributes.yaml","file_ref",6
"tickets.yaml","core.yaml","file_ref",6
"notifications.yaml","jsonapi.yaml","file_ref",6
"openapi.yaml","communications.yaml","file_ref",6
"clusters.yaml","dataTypes.yaml","file_ref",6
"plants.yaml::PlantDetailRelationships","plants.yaml::relToOneWithMeta","external_schema_ref",6
"warehouseDoc.yaml::WarehouseDocReading","warehouseDoc.yaml::relToOne","external_schema_ref",6
"tickets.yaml::Ticket","tickets.yaml::relToOne","external_schema_ref",6
"commissions.yaml::CommissionSession","commissions.yaml::relToOne","external_schema_ref",6
"salesDoc.yaml::SalesDocLineRelationships","salesDoc.yaml::relToOne","external_schema_ref",6
"customerContracts.yaml","dataTypes.yaml","file_ref",5
"customerContracts.yaml","core.yaml","file_ref",5
"identities.yaml","jsonapi.yaml","file_ref",5
"openapi.yaml","devices.yaml","file_ref",5
"openapi.yaml","b2b/catalog.yaml","file_ref",5
"widgets.yaml","jsonapi.yaml","file_ref",5
"tasks.yaml","dataTypes.yaml","file_ref",5
"salesReps.yaml","dataTypes.yaml","file_ref",5
"target.yaml::Target","target.yaml::relToOneWithMeta","external_schema_ref",5
"target.yaml::TargetValue","target.yaml::relToOneWithMeta","external_schema_ref",5
"discountlists.yaml::CustomerDiscountList","discountlists.yaml::relToOne","external_schema_ref",5
"items.yaml::FullItem","items.yaml::relToMany","external_schema_ref",5
"customers.yaml::CustomerAccountRelationshipsLite","customers.yaml::relToOne","external_schema_ref",5
"documents.yaml::DocHeaderAttributes","documents.yaml::SimpleEntityReadOnly","external_schema_ref",5
"budgets.yaml::Budget","budgets.yaml::relToOne","external_schema_ref",5
"accessControl.yaml::AccessJournalEntryRelationships","accessControl.yaml::relToOneWithMetaReadOnly","external_schema_ref",5
"pricelists.yaml::PriceListParty","pricelists.yaml::relToOne","external_schema_ref",5
"collectionDoc.yaml::CollectionDocLedgerEntry","collectionDoc.yaml::relToOne","external_schema_ref",5
"clusters.yaml::CustomerItemSelection","clusters.yaml::relToOne","external_schema_ref",5
"clusters.yaml::EligibleItemForClusterValue","clusters.yaml::SimpleEntity","external_schema_ref",5
"salesReps.yaml::SalesRep","salesReps.yaml::relToOneWithMeta","external_schema_ref",5
"salesDoc.yaml::ExceededBudgetLimit","salesDoc.yaml::relToOneWithMeta","external_schema_ref",5
"checkpoints.yaml","dataTypes.yaml","file_ref",4
"warehouseDoc.yaml","dataTypes.yaml","file_ref",4
"discountlists.yaml","dataTypes.yaml","file_ref",4
"messages.yaml","dataTypes.yaml","file_ref",4
"customers.yaml","entityAttributes.yaml","file_ref",4
"customers.yaml","tasks.yaml","file_ref",4
"certificates.yaml","core.yaml","file_ref",4
"certificates.yaml","dataTypes.yaml","file_ref",4
"documents.yaml","documents.yaml","file_ref",4
"openapi.yaml","customerContracts.yaml","file_ref",4
"openapi.yaml","greyMarketSurvey.yaml","file_ref",4
"openapi.yaml","certificates.yaml","file_ref",4
"openapi.yaml","tickets.yaml","file_ref",4
"hierarchies.yaml","dataTypes.yaml","file_ref",4
"pricelists.yaml","dataTypes.yaml","file_ref",4
"recurrences.yaml","core.yaml","file_ref",4
"purchaseDoc.yaml::PurchaseDocHeaderRelationships","purchaseDoc.yaml::relToOneWithMeta","external_schema_ref",4
"checkpoints.yaml::Checkpoint","checkpoints.yaml::relToOne","external_schema_ref",4
"checkpoints.yaml::UpsertCheckpoint","checkpoints.yaml::relToOne","external_schema_ref",4
"warehouseDoc.yaml::WarehouseDocLineAttributes","warehouseDoc.yaml::SimpleEntity","external_schema_ref",4
"discountlists.yaml::DiscountList","discountlists.yaml::relToOne","external_schema_ref",4
"items.yaml::ItemInstanceRelationships","items.yaml::relToOne","external_schema_ref",4
"items.yaml::Asset","items.yaml::relToOne","external_schema_ref",4
"items.yaml::DocLineInstanceRelationships","items.yaml::relToOneWithMeta","external_schema_ref",4
"items.yaml::WarehouseItemEntryRelationships","items.yaml::relToOne","external_schema_ref",4
"certificates.yaml::Certificate","certificates.yaml::apiDate","external_schema_ref",4
"tickets.yaml::Ticket","tickets.yaml::relToOneWithMeta","external_schema_ref",4
"greyMarketSurvey.yaml::GreyMarketSurveyHeaderRelationships","greyMarketSurvey.yaml::relToOne","external_schema_ref",4
"documents.yaml::DocHeaderRelationships","documents.yaml::relToOne","external_schema_ref",4
"documents.yaml::DocHeaderRelationships","documents.yaml::relToOneWithMeta","external_schema_ref",4
"accessControl.yaml::AccessJournalEntryRelationships","accessControl.yaml::relToOne","external_schema_ref",4
"core.yaml::AppEvent","core.yaml::relToOneWithMeta","external_schema_ref",4
"core.yaml::ReportQueueEntry","core.yaml::apiDateTimeReadOnly","external_schema_ref",4
"pricelists.yaml::PriceList","pricelists.yaml::relToOne","external_schema_ref",4
"surveyDoc.yaml::SurveyDocHeaderCreation","surveyDoc.yaml::relToOne","external_schema_ref",4
"stats.yaml::SalesStatsDataset","stats.yaml::relToOneWithMeta","external_schema_ref",4
"salesReps.yaml::SalesRep","salesReps.yaml::apiDate","external_schema_ref",4
"salesDoc.yaml::SalesDocLineUpdateData","salesDoc.yaml::relToOne","external_schema_ref",4
"customerContacts.yaml","core.yaml","file_ref",3
"plants.yaml","core.yaml","file_ref",3
"greyMarketSurvey.yaml","dataTypes.yaml","file_ref",3
"greyMarketSurvey.yaml","core.yaml","file_ref",3
"notifications.yaml","dataTypes.yaml","file_ref",3
"payments.yaml","dataTypes.yaml","file_ref",3
"core.yaml","widgets.yaml","file_ref",3
"core.yaml","tasks.yaml","file_ref",3
"openapi.yaml","customerContacts.yaml","file_ref",3
"openapi.yaml","identities.yaml","file_ref",3
"openapi.yaml","plants.yaml","file_ref",3
"workSessions.yaml","dataTypes.yaml","file_ref",3
"hierarchies.yaml","entityAttributes.yaml","file_ref",3
"collectionDoc.yaml","dataTypes.yaml","file_ref",3
"devices.yaml","core.yaml","file_ref",3
"salesDoc.yaml","items.yaml","file_ref",3
"purchaseDoc.yaml::PurchaseDocHeaderRelationships","purchaseDoc.yaml::relToOne","external_schema_ref",3
"purchaseDoc.yaml::PurchaseDocLineAttributes","purchaseDoc.yaml::SimpleEntity","external_schema_ref",3
"purchaseDoc.yaml::PurchaseDocLineRelationships","purchaseDoc.yaml::relToOneWithMeta","external_schema_ref",3
"purchaseDoc.yaml::PurchaseDocLineRelationships","purchaseDoc.yaml::relToOneNullable","external_schema_ref",3
"purchaseDoc.yaml::PurchaseDocLineInstance","purchaseDoc.yaml::SimpleEntity","external_schema_ref",3
"inventoryDoc.yaml::InventoryDocLineInstanceRelationships","inventoryDoc.yaml::relToOne","external_schema_ref",3
"authWorkflows.yaml::EntityAuthorizationWorkflowStep","authWorkflows.yaml::SimpleEntity","external_schema_ref",3
"authWorkflows.yaml::EntityAuthorizationWorkflowStep","authWorkflows.yaml::apiDateTime","external_schema_ref",3
"items.yaml::ItemInstanceAttributes","items.yaml::apiDateTime","external_schema_ref",3
"items.yaml::Asset","items.yaml::apiDate","external_schema_ref",3
"items.yaml::ItemRelationships","items.yaml::relToMany","external_schema_ref",3
"items.yaml::AvailableStock","items.yaml::relToOne","external_schema_ref",3
"customerContracts.yaml::CustomerContract","customerContracts.yaml::apiDate","external_schema_ref",3
"messages.yaml::UserMessage","messages.yaml::apiDateTimeReadOnly","external_schema_ref",3
"customers.yaml::CustomerAccountRelationships","customers.yaml::relToMany","external_schema_ref",3
"documents.yaml::DocType","documents.yaml::relToOne","external_schema_ref",3
"documents.yaml::ReasonBlock","documents.yaml::relToOne","external_schema_ref",3
"payments.yaml::CustomerLedgerEntry","payments.yaml::apiDate","external_schema_ref",3
"payments.yaml::CustomerLedgerEntry","payments.yaml::relToOne","external_schema_ref",3
"budgets.yaml::Budget","budgets.yaml::relToOneWithMeta","external_schema_ref",3
"commissions.yaml::CommissionSession","commissions.yaml::apiDate","external_schema_ref",3
"core.yaml::UserProfileSignUp","core.yaml::relToOne","external_schema_ref",3
"core.yaml::UserProfile","core.yaml::relToManyWithMeta","external_schema_ref",3
"core.yaml::LinkedProfiles","core.yaml::LinkedProfile","internal_schema_ref",3
"core.yaml::Organization","core.yaml::relToManyLink","external_schema_ref",3
"workSessions.yaml::WorkSession","workSessions.yaml::apiDateTimeReadOnly","external_schema_ref",3
"hierarchies.yaml::HierarchyNode","hierarchies.yaml::relToMany","external_schema_ref",3
"hierarchies.yaml::Hierarchy","hierarchies.yaml::relToOne","external_schema_ref",3
"pricelists.yaml::PriceListDetail","pricelists.yaml::relToOne","external_schema_ref",3
"collectionDoc.yaml::CollectionDocPaymentMethod","collectionDoc.yaml::relToOne","external_schema_ref",3
"devices.yaml::DeviceAppRelationships","devices.yaml::relToOne","external_schema_ref",3
"surveyDoc.yaml::SurveyDocSectionRelationships","surveyDoc.yaml::relToOne","external_schema_ref",3
"surveyDoc.yaml::SurveyAttachment","surveyDoc.yaml::relToOne","external_schema_ref",3
"digitalContents.yaml::DigitalContent","digitalContents.yaml::relToOne","external_schema_ref",3
"clusters.yaml::Cluster","clusters.yaml::relToOne","external_schema_ref",3
"tasks.yaml::TaskRelationships","tasks.yaml::relToOneParty","external_schema_ref",3
"tasks.yaml::TaskAction","tasks.yaml::relToOne","external_schema_ref",3
"salesDoc.yaml::SalesDocHeaderAttributesLite","salesDoc.yaml::IdCodePair","external_schema_ref",3
"salesDoc.yaml::SalesDocLineDiscount","salesDoc.yaml::SimpleEntity","external_schema_ref",3
"salesDoc.yaml::SalesDocLineWarning","salesDoc.yaml::relToOneWithMeta","external_schema_ref",3
"salesDoc.yaml::ShippingCost","salesDoc.yaml::relToOneWithMeta","external_schema_ref",3
"target.yaml","dataTypes.yaml","file_ref",2
"priceCondition.yaml","dataTypes.yaml","file_ref",2
"comments.yaml","dataTypes.yaml","file_ref",2
"jsonapi.yaml","dataTypes.yaml","file_ref",2
"plants.yaml","dataTypes.yaml","file_ref",2
"businessHours.yaml","jsonapi.yaml","file_ref",2
"cashDepositDoc.yaml","dataTypes.yaml","file_ref",2
"cashDepositDoc.yaml","documents.yaml","file_ref",2
"items.yaml","plants.yaml","file_ref",2
"identities.yaml","dataTypes.yaml","file_ref",2
"customers.yaml","documents.yaml","file_ref",2
"budgets.yaml","dataTypes.yaml","file_ref",2
"core.yaml","stats.yaml","file_ref",2
"core.yaml","devices.yaml","file_ref",2
"suppliers.yaml","items.yaml","file_ref",2
"openapi.yaml","vehicles.yaml","file_ref",2
"openapi.yaml","entitySets.yaml","file_ref",2
"openapi.yaml","notifications.yaml","file_ref",2
"openapi.yaml","recurrences.yaml","file_ref",2
"openapi.yaml","comments.yaml","file_ref",2
"openapi.yaml","stats.yaml","file_ref",2
"workSessions.yaml","documents.yaml","file_ref",2
"identifiers.yaml","jsonapi.yaml","file_ref",2
"jobs.yaml","jsonapi.yaml","file_ref",2
"collectionDoc.yaml","documents.yaml","file_ref",2
"devices.yaml","dataTypes.yaml","file_ref",2
"digitalContents.yaml","core.yaml","file_ref",2
"communications.yaml","core.yaml","file_ref",2
"salesDoc.yaml","entityAttributes.yaml","file_ref",2
"recurrences.yaml","dataTypes.yaml","file_ref",2
"target.yaml::Target","target.yaml::apiDate","external_schema_ref",2
"priceCondition.yaml::PriceCondition","priceCondition.yaml::SimpleEntity","external_schema_ref",2
"priceCondition.yaml::PriceCondition","priceCondition.yaml::apiDate","external_schema_ref",2
"priceCondition.yaml::PriceCondition","priceCondition.yaml::relToOneWithMeta","external_schema_ref",2
"comments.yaml::Comment","comments.yaml::apiDateTime","external_schema_ref",2
"purchaseDoc.yaml::PurchaseDocHeaderAttributes","purchaseDoc.yaml::SimpleEntity","external_schema_ref",2
"purchaseDoc.yaml::LoadingUnitGenData","purchaseDoc.yaml::relToOne","external_schema_ref",2
"purchaseDoc.yaml::PurchaseDocLineInstance","purchaseDoc.yaml::relToOne","external_schema_ref",2
"jsonapi.yaml::data","jsonapi.yaml::resource","internal_schema_ref",2
"jsonapi.yaml::relationshipLinks","jsonapi.yaml::linkUri","internal_schema_ref",2
"inventoryDoc.yaml::CommonInventoryDocLineRelationships","inventoryDoc.yaml::relToOneWithMeta","external_schema_ref",2
"inventoryDoc.yaml::InventoryDocLineAttributes","inventoryDoc.yaml::SimpleEntity","external_schema_ref",2
"inventoryDoc.yaml::InventoryDocLineRelationships","inventoryDoc.yaml::relToOneWithMeta","external_schema_ref",2
"checkpoints.yaml::IdentificationUHFReadingRelationships","checkpoints.yaml::relToOne","external_schema_ref",2
"plants.yaml::PlantDetailAttributes","plants.yaml::apiDate","external_schema_ref",2
"authWorkflows.yaml::AuthorizationWorkflow","authWorkflows.yaml::apiDate","external_schema_ref",2
"authWorkflows.yaml::AuthorizationWorkflow","authWorkflows.yaml::relToOne","external_schema_ref",2
"authWorkflows.yaml::AuthorizationWorkflowStep","authWorkflows.yaml::relToOne","external_schema_ref",2
"cashDepositDoc.yaml::CashDepositDocHeaderRelationships","cashDepositDoc.yaml::relToOne","external_schema_ref",2
"cashDepositDoc.yaml::CashDepositCollectionDoc","cashDepositDoc.yaml::relToOne","external_schema_ref",2
"entityAttributes.yaml::Sheet","entityAttributes.yaml::relToOneReadOnly","external_schema_ref",2
"warehouseDoc.yaml::WarehouseDocHeaderAttributes","warehouseDoc.yaml::SimpleEntity","external_schema_ref",2
"warehouseDoc.yaml::WarehouseDocLineRelationships","warehouseDoc.yaml::relToOneNullable","external_schema_ref",2
"discountlists.yaml::DiscountList","discountlists.yaml::apiDate","external_schema_ref",2
"discountlists.yaml::DiscountListDetail","discountlists.yaml::apiDateTime","external_schema_ref",2
"discountlists.yaml::DiscountListDetail","discountlists.yaml::relToOne","external_schema_ref",2
"items.yaml::ItemInstanceAttributes","items.yaml::SimpleEntity","external_schema_ref",2
"items.yaml::ItemInstanceRelationships","items.yaml::relToOneWithMeta","external_schema_ref",2
"items.yaml::Asset","items.yaml::apiDateReadOnly","external_schema_ref",2
"items.yaml::ItemAttributes","items.yaml::PeriodicRecurrence","internal_schema_ref",2
"items.yaml::ItemRelationships","items.yaml::relToOneWithMeta","external_schema_ref",2
"items.yaml::DocItemUnitOfMeasurementRelationships","items.yaml::relToOne","external_schema_ref",2
"items.yaml::ItemSupplierRelationships","items.yaml::relToOneWithMeta","external_schema_ref",2
"items.yaml::ItemRelatedRelationships","items.yaml::relToOneWithMeta","external_schema_ref",2
"items.yaml::ItemBarcodeRelationships","items.yaml::relToOne","external_schema_ref",2
"items.yaml::DocLineInstanceAttributes","items.yaml::SimpleEntity","external_schema_ref",2
"items.yaml::DocLineInstanceRelationships","items.yaml::relToOne","external_schema_ref",2
"items.yaml::WarehouseItemEntryAttributes","items.yaml::SimpleEntity","external_schema_ref",2
"items.yaml::PATCH /items/tags","core.yaml::Tags","operation_external_schema_ref",2
"items.yaml::PATCH /items/{itemId}/tags","core.yaml::Tags","operation_external_schema_ref",2
"items.yaml::PATCH /items/marketplaces","items.yaml::Marketplaces","operation_internal_schema_ref",2
"customerContracts.yaml::CustomerContract","customerContracts.yaml::relToOne","external_schema_ref",2
"customerContracts.yaml::CustomerContract","customerContracts.yaml::relToOneWithMeta","external_schema_ref",2
"customerContracts.yaml::CustomerContractAssetRelationships","customerContracts.yaml::relToOne","external_schema_ref",2
"customerContracts.yaml::CustomerContractAsset","customerContracts.yaml::apiDate","external_schema_ref",2
"messages.yaml::UserMessage","messages.yaml::relToOneReadOnly","external_schema_ref",2
"customers.yaml::CustomerRelationships","customers.yaml::relToOne","external_schema_ref",2
"customers.yaml::CustomerRelationshipsLite","customers.yaml::relToOne","external_schema_ref",2
"customers.yaml::PATCH /customer-accounts/tags","core.yaml::Tags","operation_external_schema_ref",2
"customers.yaml::PATCH /customer-accounts/{customerAccountId}/tags","core.yaml::Tags","operation_external_schema_ref",2
"tickets.yaml::TicketType","tickets.yaml::relToOne","external_schema_ref",2
"greyMarketSurvey.yaml::GreyMarketSurveyHeaderAttributes","greyMarketSurvey.yaml::apiDateTime","external_schema_ref",2
"documents.yaml::DocHeaderAttributes","documents.yaml::SimpleEntity","external_schema_ref",2
"documents.yaml::DocHeaderRelationships","documents.yaml::relToMany","external_schema_ref",2
"documents.yaml::DocHeaderLite","documents.yaml::LinkedDocument","internal_schema_ref",2
"documents.yaml::ReasonDocType","documents.yaml::relToOne","external_schema_ref",2
"documents.yaml::ReasonBlockAttributes","documents.yaml::apiDate","external_schema_ref",2
"documents.yaml::ReasonBlockInfo","documents.yaml::EntityObjectId","internal_schema_ref",2
"documents.yaml::DocHeaderTotals","documents.yaml::SimpleEntity","external_schema_ref",2
"documents.yaml::GroupByPackageGroup","documents.yaml::SimpleEntity","external_schema_ref",2
"documents.yaml::GroupByLinePackageGroup","documents.yaml::SimpleEntity","external_schema_ref",2
"documents.yaml::SerialsOnlyGroup","documents.yaml::SimpleEntity","external_schema_ref",2
"entitySets.yaml::EntitySet","entitySets.yaml::relToOne","external_schema_ref",2
"notifications.yaml::EmailNotification","notifications.yaml::apiDateTimeReadOnly","external_schema_ref",2
"budgets.yaml::Budget","budgets.yaml::apiDate","external_schema_ref",2
"commissions.yaml::Commission","commissions.yaml::apiDate","external_schema_ref",2
"commissions.yaml::Commission","commissions.yaml::relToOneWithMeta","external_schema_ref",2
"commissions.yaml::CommissionSession","commissions.yaml::apiDateTime","external_schema_ref",2
"commissions.yaml::CommissionSessionRequest","commissions.yaml::apiDate","external_schema_ref",2
"accessControl.yaml::ZoneRelationships","accessControl.yaml::relToOne","external_schema_ref",2
"accessControl.yaml::ZoneRelationships","accessControl.yaml::relToMany","external_schema_ref",2
"accessControl.yaml::ZoneEmergencyAttributes","accessControl.yaml::apiDateTime","external_schema_ref",2
"accessControl.yaml::AccessGateRelationships","accessControl.yaml::relToOneWithMeta","external_schema_ref",2
"accessControl.yaml::AccessJournalEntryRelationships","accessControl.yaml::relToOneWithMeta","external_schema_ref",2
"accessControl.yaml::BadgeRelationships","accessControl.yaml::relToOne","external_schema_ref",2
"accessControl.yaml::BadgeHolderAttributes","accessControl.yaml::apiDate","external_schema_ref",2
"accessControl.yaml::AccessGroupRelationships","accessControl.yaml::relToManyReadOnly","external_schema_ref",2
"core.yaml::PermissionRole","core.yaml::relToOne","external_schema_ref",2
"core.yaml::UserProfileHierarchyNode","core.yaml::apiDate","external_schema_ref",2
"core.yaml::WarehouseJournalEntry","core.yaml::relToOne","external_schema_ref",2
"core.yaml::TaxRateGroup","core.yaml::relToMany","external_schema_ref",2
"core.yaml::KPIEntity","core.yaml::relToOne","external_schema_ref",2
"core.yaml::CustomViewRelationships","core.yaml::relToOneWithMeta","external_schema_ref",2
"core.yaml::AccountingPeriod","core.yaml::apiDate","external_schema_ref",2
"core.yaml::ReportTemplateRelationships","core.yaml::relToOne","external_schema_ref",2
"core.yaml::ReportQueueEntry","core.yaml::relToOneReadOnly","external_schema_ref",2
"core.yaml::ReportQueueEntry","core.yaml::relToOne","external_schema_ref",2
"core.yaml::SalesPoint","core.yaml::relToOne","external_schema_ref",2
"core.yaml::SalesPoint","core.yaml::relToOneWithMeta","external_schema_ref",2
"core.yaml::SalesDepartment","core.yaml::relToOne","external_schema_ref",2
"workSessions.yaml::WorkSession","workSessions.yaml::relToOne","external_schema_ref",2
"hierarchies.yaml::HierarchyNode","hierarchies.yaml::SimpleEntity","external_schema_ref",2
"hierarchies.yaml::HierarchyNode","hierarchies.yaml::relToOne","external_schema_ref",2
"hierarchies.yaml::Hierarchy","hierarchies.yaml::apiDate","external_schema_ref",2
"hierarchies.yaml::HierarchyNodeUserProfile","hierarchies.yaml::apiDate","external_schema_ref",2
"hierarchies.yaml::HierarchyNodeUserProfile","hierarchies.yaml::relToOne","external_schema_ref",2
"hierarchies.yaml::HierarchyEligibleItem","hierarchies.yaml::SimpleEntity","external_schema_ref",2
"hierarchies.yaml::HierarchyEligibleItem","hierarchies.yaml::relToOneWithMeta","external_schema_ref",2
"hierarchies.yaml::PATCH /hierarchies/{hierarchyId}/hierarchy-nodes/{nodeId}/tags","core.yaml::Tags","operation_external_schema_ref",2
"hierarchies.yaml::PATCH /hierarchies/{hierarchyId}/hierarchy-nodes/{nodeId}/entity-attributes","hierarchies.yaml::HierarchyTreeEntityAttribute","operation_internal_schema_ref",2
"jobs.yaml::Job","jobs.yaml::relToOne","external_schema_ref",2
"widgets.yaml::Widget","widgets.yaml::WidgetPlaceholder","internal_schema_ref",2
"widgets.yaml::Widget","widgets.yaml::relToOne","external_schema_ref",2
"pricelists.yaml::PriceList","pricelists.yaml::apiDate","external_schema_ref",2
"pricelists.yaml::PriceListDetail","pricelists.yaml::apiDateTime","external_schema_ref",2
"collectionDoc.yaml::CollectionDocHeaderAttributes","collectionDoc.yaml::SimpleEntity","external_schema_ref",2
"collectionDoc.yaml::CollectionDocHeaderRelationships","collectionDoc.yaml::relToOne","external_schema_ref",2
"collectionDoc.yaml::CollectionDocLedgerEntry","collectionDoc.yaml::apiDate","external_schema_ref",2
"surveyDoc.yaml::SurveyDocSectionAttributes","surveyDoc.yaml::SimpleEntity","external_schema_ref",2
"surveyDoc.yaml::SurveyDocTemplate","surveyDoc.yaml::apiDate","external_schema_ref",2
"surveyDoc.yaml::SurveyDocTemplate","surveyDoc.yaml::relToOne","external_schema_ref",2
"surveyDoc.yaml::SurveyDocTemplateSection","surveyDoc.yaml::relToOne","external_schema_ref",2
"surveyDoc.yaml::SurveyDocTemplateCluster","surveyDoc.yaml::relToOne","external_schema_ref",2
"stats.yaml::StatConfig","stats.yaml::relToOneWithMeta","external_schema_ref",2
"clusters.yaml::Cluster","clusters.yaml::apiDate","external_schema_ref",2
"clusters.yaml::Cluster","clusters.yaml::lastChangeTs","external_schema_ref",2
"clusters.yaml::ClusterWithValues","clusters.yaml::apiDate","external_schema_ref",2
"clusters.yaml::ClusterValue","clusters.yaml::apiDate","external_schema_ref",2
"clusters.yaml::ClusterValue","clusters.yaml::relToOne","external_schema_ref",2
"clusters.yaml::EligibleItemForClusterValue","clusters.yaml::relToOne","external_schema_ref",2
"tasks.yaml::TaskRelationships","tasks.yaml::relToOne","external_schema_ref",2
"tasks.yaml::TaskAction","tasks.yaml::relToOneWithMeta","external_schema_ref",2
"tasks.yaml::CalendarEvent","tasks.yaml::apiDateTime","external_schema_ref",2
"tasks.yaml::CalendarEvent","tasks.yaml::relToOne","external_schema_ref",2
"tasks.yaml::CalendarEvent","tasks.yaml::relToOneParty","external_schema_ref",2
"communications.yaml::Communication","communications.yaml::relToOne","external_schema_ref",2
"communications.yaml::Communication","communications.yaml::relToOneParty","external_schema_ref",2
"communications.yaml::CommunicationLite","communications.yaml::relToOne","external_schema_ref",2
"salesDoc.yaml::SalesDocHeaderRelationships","salesDoc.yaml::relToOne","external_schema_ref",2
"salesDoc.yaml::SalesDocLineItemInfo","salesDoc.yaml::relToOne","external_schema_ref",2
"recurrences.yaml::Recurrence","recurrences.yaml::apiDate","external_schema_ref",2
"purchaseDoc.yaml","items.yaml","file_ref",1
"checkpoints.yaml","core.yaml","file_ref",1
"checkpoints.yaml","items.yaml","file_ref",1
"checkpoints.yaml","warehouseDoc.yaml","file_ref",1
"entityAttributes.yaml","items.yaml","file_ref",1
"entityAttributes.yaml","surveyDoc.yaml","file_ref",1
"discountlists.yaml","customers.yaml","file_ref",1
"customerContracts.yaml","customerContracts.yaml","file_ref",1
"vehicles.yaml","core.yaml","file_ref",1
"messages.yaml","core.yaml","file_ref",1
"messages.yaml","identities.yaml","file_ref",1
"customers.yaml","dataTypes.yaml","file_ref",1
"customers.yaml","clusters.yaml","file_ref",1
"notifications.yaml","digitalContents.yaml","file_ref",1
"notifications.yaml","jobs.yaml","file_ref",1
"core.yaml","jobs.yaml","file_ref",1
"suppliers.yaml","entityAttributes.yaml","file_ref",1
"suppliers.yaml","salesReps.yaml","file_ref",1
"openapi.yaml","jobs.yaml","file_ref",1
"openapi.yaml","widgets.yaml","file_ref",1
"openapi.yaml","businessHours.yaml","file_ref",1
"openapi.yaml","identifiers.yaml","file_ref",1
"workSessions.yaml","customers.yaml","file_ref",1
"workSessions.yaml","suppliers.yaml","file_ref",1
"identifiers.yaml","dataTypes.yaml","file_ref",1
"hierarchies.yaml","customers.yaml","file_ref",1
"hierarchies.yaml","items.yaml","file_ref",1
"pricelists.yaml","discountlists.yaml","file_ref",1
"surveyDoc.yaml","entityAttributes.yaml","file_ref",1
"surveyDoc.yaml","clusters.yaml","file_ref",1
"digitalContents.yaml","dataTypes.yaml","file_ref",1
"stats.yaml","core.yaml","file_ref",1
"clusters.yaml","customers.yaml","file_ref",1
"salesReps.yaml","target.yaml","file_ref",1
"salesReps.yaml","tasks.yaml","file_ref",1
"salesDoc.yaml","widgets.yaml","file_ref",1
"target.yaml::TargetMeasurementMethod","target.yaml::TargetLimitType","internal_schema_ref",1
"target.yaml::TargetMeasurementMethod","target.yaml::TargetCounterType","internal_schema_ref",1
"target.yaml::TargetMeasurementMethodListResponse","target.yaml::TargetMeasurementMethod","internal_schema_ref",1
"target.yaml::TargetMeasurementMethodListResponse","target.yaml::PaginationMeta","external_schema_ref",1
"target.yaml::TargetMeasurementMethodListResponse","target.yaml::pagination","external_schema_ref",1
"target.yaml::Target","target.yaml::TargetLimitType","internal_schema_ref",1
"target.yaml::Target","target.yaml::TargetCounterType","internal_schema_ref",1
"target.yaml::Target","target.yaml::SimpleEntity","external_schema_ref",1
"target.yaml::Target","target.yaml::Action","external_schema_ref",1
"target.yaml::Target","target.yaml::relToOne","external_schema_ref",1
"target.yaml::TargetValue","target.yaml::TargetValueStatus","internal_schema_ref",1
"target.yaml::TargetValue","target.yaml::lastChangeTs","external_schema_ref",1
"target.yaml::TargetValue","target.yaml::relToOne","external_schema_ref",1
"target.yaml::TargetResponse","target.yaml::Target","internal_schema_ref",1
"target.yaml::TargetResponse","target.yaml::TargetIncluded","internal_schema_ref",1
"target.yaml::TargetValueResponse","target.yaml::TargetValue","internal_schema_ref",1
"target.yaml::TargetValueResponse","target.yaml::TargetValueIncluded","internal_schema_ref",1
"target.yaml::TargetListResponse","target.yaml::Target","internal_schema_ref",1
"target.yaml::TargetListResponse","target.yaml::PaginationMeta","external_schema_ref",1
"target.yaml::TargetListResponse","target.yaml::pagination","external_schema_ref",1
"target.yaml::TargetListResponse","target.yaml::TargetIncluded","internal_schema_ref",1
"target.yaml::TargetValueListResponse","target.yaml::TargetValue","internal_schema_ref",1
"target.yaml::TargetValueListResponse","target.yaml::PaginationMeta","external_schema_ref",1
"target.yaml::TargetValueListResponse","target.yaml::pagination","external_schema_ref",1
"target.yaml::TargetValueListResponse","target.yaml::TargetValueIncluded","internal_schema_ref",1
"target.yaml::TargetRequest","target.yaml::Target","internal_schema_ref",1
"target.yaml::TargetValueRequest","target.yaml::TargetValue","internal_schema_ref",1
"target.yaml::GET /targets/measurement-methods","jsonapi.yaml::pageSize","operation_external_schema_ref",1
"target.yaml::GET /targets/measurement-methods","jsonapi.yaml::pageNumber","operation_external_schema_ref",1
"target.yaml::GET /targets/measurement-methods","target.yaml::TargetMeasurementMethodListResponse","operation_internal_schema_ref",1
"target.yaml::GET /targets/measurement-methods","jsonapi.yaml::failure","operation_external_schema_ref",1
"target.yaml::GET /targets","core.yaml::filterOrganizationRequired","operation_external_schema_ref",1
"target.yaml::GET /targets","jsonapi.yaml::pageSize","operation_external_schema_ref",1
"target.yaml::GET /targets","jsonapi.yaml::pageNumber","operation_external_schema_ref",1
"target.yaml::GET /targets","jsonapi.yaml::sort","operation_external_schema_ref",1
"target.yaml::GET /targets","jsonapi.yaml::include","operation_external_schema_ref",1
"target.yaml::GET /targets","target.yaml::TargetListResponse","operation_internal_schema_ref",1
"target.yaml::GET /targets","jsonapi.yaml::failure","operation_external_schema_ref",1
"target.yaml::POST /targets","target.yaml::TargetRequest","operation_internal_schema_ref",1
"target.yaml::POST /targets","target.yaml::TargetResponse","operation_internal_schema_ref",1
"target.yaml::POST /targets","jsonapi.yaml::failure","operation_external_schema_ref",1
"target.yaml::GET /targets/{targetId}","target.yaml::TargetResponse","operation_internal_schema_ref",1
"target.yaml::PATCH /targets/{targetId}","target.yaml::TargetRequest","operation_internal_schema_ref",1
"target.yaml::PATCH /targets/{targetId}","target.yaml::TargetResponse","operation_internal_schema_ref",1
"target.yaml::PATCH /targets/{targetId}","jsonapi.yaml::failure","operation_external_schema_ref",1
"target.yaml::DELETE /targets/{targetId}","jsonapi.yaml::failure","operation_external_schema_ref",1
"target.yaml::GET /targets/{targetId}/values","jsonapi.yaml::pageSize","operation_external_schema_ref",1
"target.yaml::GET /targets/{targetId}/values","jsonapi.yaml::pageNumber","operation_external_schema_ref",1
"target.yaml::GET /targets/{targetId}/values","jsonapi.yaml::sort","operation_external_schema_ref",1
"target.yaml::GET /targets/{targetId}/values","target.yaml::TargetValueListResponse","operation_internal_schema_ref",1
"target.yaml::GET /targets/{targetId}/values","jsonapi.yaml::failure","operation_external_schema_ref",1
"target.yaml::POST /targets/{targetId}/values","target.yaml::TargetValueRequest","operation_internal_schema_ref",1
"target.yaml::POST /targets/{targetId}/values","target.yaml::TargetValueResponse","operation_internal_schema_ref",1
"target.yaml::POST /targets/{targetId}/values","jsonapi.yaml::failure","operation_external_schema_ref",1
"target.yaml::GET /targets/{targetId}/values/{targetValueId}","target.yaml::TargetValueResponse","operation_internal_schema_ref",1
"target.yaml::GET /targets/{targetId}/values/{targetValueId}","jsonapi.yaml::failure","operation_external_schema_ref",1
"target.yaml::PATCH /targets/{targetId}/values/{targetValueId}","target.yaml::TargetValueRequest","operation_internal_schema_ref",1
"target.yaml::PATCH /targets/{targetId}/values/{targetValueId}","target.yaml::TargetValueResponse","operation_internal_schema_ref",1
"target.yaml::PATCH /targets/{targetId}/values/{targetValueId}","jsonapi.yaml::failure","operation_external_schema_ref",1
"target.yaml::DELETE /targets/{targetId}/values/{targetValueId}","jsonapi.yaml::failure","operation_external_schema_ref",1
"target.yaml::POST /targets/{targetId}/edit","target.yaml::TargetResponse","operation_internal_schema_ref",1
"target.yaml::POST /targets/{targetId}/edit","jsonapi.yaml::failure","operation_external_schema_ref",1
"target.yaml::POST /targets/{targetId}/publish","target.yaml::TargetResponse","operation_internal_schema_ref",1
"target.yaml::POST /targets/{targetId}/publish","jsonapi.yaml::failure","operation_external_schema_ref",1
"target.yaml::GET /targets/{targetId}/parties","jsonapi.yaml::pageSize","operation_external_schema_ref",1
"target.yaml::GET /targets/{targetId}/parties","jsonapi.yaml::pageNumber","operation_external_schema_ref",1
"target.yaml::GET /targets/{targetId}/parties","core.yaml::SimpleEntityListResponse","operation_external_schema_ref",1
"target.yaml::GET /targets/{targetId}/parties","jsonapi.yaml::failure","operation_external_schema_ref",1
"target.yaml::GET /targets/{targetId}/customer-accounts","jsonapi.yaml::pageSize","operation_external_schema_ref",1
"target.yaml::GET /targets/{targetId}/customer-accounts","jsonapi.yaml::pageNumber","operation_external_schema_ref",1
"target.yaml::GET /targets/{targetId}/customer-accounts","core.yaml::SimpleEntityListResponse","operation_external_schema_ref",1
"target.yaml::GET /targets/{targetId}/customer-accounts","jsonapi.yaml::failure","operation_external_schema_ref",1
"priceCondition.yaml::PriceSearchGroupListResponse","priceCondition.yaml::PriceSearchGroup","internal_schema_ref",1
"priceCondition.yaml::PriceSearch","priceCondition.yaml::ConditionValueType","internal_schema_ref",1
"priceCondition.yaml::PriceSearch","priceCondition.yaml::relToOneWithMeta","external_schema_ref",1
"priceCondition.yaml::PriceSearchListResponse","priceCondition.yaml::PriceSearch","internal_schema_ref",1
"priceCondition.yaml::PriceSearchListResponse","priceCondition.yaml::pagination","external_schema_ref",1
"priceCondition.yaml::PriceSearchListResponse","priceCondition.yaml::PriceSearchIncluded","internal_schema_ref",1
"priceCondition.yaml::PriceSearchIncluded","priceCondition.yaml::PriceSearchGroup","internal_schema_ref",1
"priceCondition.yaml::PriceCondition","priceCondition.yaml::lastChangeTs","external_schema_ref",1
"priceCondition.yaml::PriceCondition","priceCondition.yaml::relToOne","external_schema_ref",1
"priceCondition.yaml::PriceConditionListResponse","priceCondition.yaml::PriceCondition","internal_schema_ref",1
"priceCondition.yaml::PriceConditionListResponse","priceCondition.yaml::PaginationMeta","external_schema_ref",1
"priceCondition.yaml::PriceConditionListResponse","priceCondition.yaml::pagination","external_schema_ref",1
"priceCondition.yaml::PriceConditionListResponse","priceCondition.yaml::PriceConditionIncluded","internal_schema_ref",1
"priceCondition.yaml::PriceConditionRequest","priceCondition.yaml::PriceCondition","internal_schema_ref",1
"priceCondition.yaml::PriceConditionResponse","priceCondition.yaml::PriceCondition","internal_schema_ref",1
"priceCondition.yaml::PriceConditionResponse","priceCondition.yaml::PriceConditionIncluded","internal_schema_ref",1
"priceCondition.yaml::PriceConditionDescrListResponse","priceCondition.yaml::SimpleEntity","external_schema_ref",1
"priceCondition.yaml::PriceSearchAttributeValuesListResponse","priceCondition.yaml::SimpleEntity","external_schema_ref",1
"priceCondition.yaml::PriceSearchAttributeValuesListResponse","priceCondition.yaml::PaginationMeta","external_schema_ref",1
"priceCondition.yaml::PriceSearchAttributeValuesListResponse","priceCondition.yaml::pagination","external_schema_ref",1
"priceCondition.yaml::GET /price-search-groups","core.yaml::filterOrganizationRequired","operation_external_schema_ref",1
"priceCondition.yaml::GET /price-search-groups","jsonapi.yaml::acceptLanguage","operation_external_schema_ref",1
"priceCondition.yaml::GET /price-search-groups","priceCondition.yaml::PriceSearchGroupListResponse","operation_internal_schema_ref",1
"priceCondition.yaml::GET /price-search-groups","jsonapi.yaml::failure","operation_external_schema_ref",1
"priceCondition.yaml::GET /price-searches","core.yaml::filterOrganizationRequired","operation_external_schema_ref",1
"priceCondition.yaml::GET /price-searches","jsonapi.yaml::acceptLanguage","operation_external_schema_ref",1
"priceCondition.yaml::GET /price-searches","priceCondition.yaml::PriceSearchListResponse","operation_internal_schema_ref",1
"priceCondition.yaml::GET /price-searches","jsonapi.yaml::failure","operation_external_schema_ref",1
"priceCondition.yaml::GET /price-conditions","jsonapi.yaml::pageSize","operation_external_schema_ref",1
"priceCondition.yaml::GET /price-conditions","jsonapi.yaml::pageNumber","operation_external_schema_ref",1
"priceCondition.yaml::GET /price-conditions","jsonapi.yaml::sort","operation_external_schema_ref",1
"priceCondition.yaml::GET /price-conditions","jsonapi.yaml::include","operation_external_schema_ref",1
"priceCondition.yaml::GET /price-conditions","jsonapi.yaml::acceptLanguage","operation_external_schema_ref",1
"priceCondition.yaml::GET /price-conditions","priceCondition.yaml::PriceConditionListResponse","operation_internal_schema_ref",1
"priceCondition.yaml::GET /price-conditions","jsonapi.yaml::failure","operation_external_schema_ref",1
"priceCondition.yaml::POST /price-conditions","jsonapi.yaml::acceptLanguage","operation_external_schema_ref",1
"priceCondition.yaml::POST /price-conditions","priceCondition.yaml::PriceConditionRequest","operation_internal_schema_ref",1
"priceCondition.yaml::POST /price-conditions","priceCondition.yaml::PriceConditionResponse","operation_internal_schema_ref",1
"priceCondition.yaml::POST /price-conditions","jsonapi.yaml::failure","operation_external_schema_ref",1
"priceCondition.yaml::GET /price-conditions/{id}","priceCondition.yaml::PriceConditionResponse","operation_internal_schema_ref",1
"priceCondition.yaml::PATCH /price-conditions/{id}","priceCondition.yaml::PriceConditionRequest","operation_internal_schema_ref",1
"priceCondition.yaml::PATCH /price-conditions/{id}","priceCondition.yaml::PriceConditionResponse","operation_internal_schema_ref",1
"priceCondition.yaml::PATCH /price-conditions/{id}","jsonapi.yaml::failure","operation_external_schema_ref",1
"priceCondition.yaml::DELETE /price-conditions/{id}","jsonapi.yaml::failure","operation_external_schema_ref",1
"priceCondition.yaml::POST /price-conditions/export","jsonapi.yaml::acceptLanguage","operation_external_schema_ref",1
"priceCondition.yaml::POST /price-conditions/export","jsonapi.yaml::info","operation_external_schema_ref",1
"priceCondition.yaml::POST /price-conditions/export","jsonapi.yaml::failure","operation_external_schema_ref",1
"priceCondition.yaml::GET /price-searches/{priceSearchId}/price-condition-descr","priceCondition.yaml::PriceConditionDescrListResponse","operation_internal_schema_ref",1
"priceCondition.yaml::GET /price-searches/{priceSearchId}/price-condition-descr","jsonapi.yaml::failure","operation_external_schema_ref",1
"priceCondition.yaml::POST /price-searches/{priceSearchId}/price-condition-descr/{priceConditionDescrId}","jsonapi.yaml::info","operation_external_schema_ref",1
"priceCondition.yaml::POST /price-searches/{priceSearchId}/price-condition-descr/{priceConditionDescrId}","jsonapi.yaml::failure","operation_external_schema_ref",1
"priceCondition.yaml::DELETE /price-searches/{priceSearchId}/price-condition-descr/{priceConditionDescrId}","jsonapi.yaml::failure","operation_external_schema_ref",1
"priceCondition.yaml::GET /price-search-keys/attributes/{attributeId}/values","jsonapi.yaml::pageSize","operation_external_schema_ref",1
"priceCondition.yaml::GET /price-search-keys/attributes/{attributeId}/values","jsonapi.yaml::pageNumber","operation_external_schema_ref",1
"priceCondition.yaml::GET /price-search-keys/attributes/{attributeId}/values","jsonapi.yaml::sort","operation_external_schema_ref",1
"priceCondition.yaml::GET /price-search-keys/attributes/{attributeId}/values","core.yaml::filterOrganizationRequired","operation_external_schema_ref",1
"priceCondition.yaml::GET /price-search-keys/attributes/{attributeId}/values","priceCondition.yaml::PriceSearchAttributeValuesListResponse","operation_internal_schema_ref",1
"priceCondition.yaml::GET /price-search-keys/attributes/{attributeId}/values","jsonapi.yaml::failure","operation_external_schema_ref",1
"customerContacts.yaml::Contact","customerContacts.yaml::Email","external_schema_ref",1
"customerContacts.yaml::Contact","customerContacts.yaml::Phone","external_schema_ref",1
"customerContacts.yaml::Contact","customerContacts.yaml::relToOne","external_schema_ref",1
"customerContacts.yaml::Contact","customerContacts.yaml::relToManyReadOnly","external_schema_ref",1
"customerContacts.yaml::Contact","customerContacts.yaml::relToManyParties","external_schema_ref",1
"customerContacts.yaml::ContactIncluded","customerContacts.yaml::PrivacyAgreement","external_schema_ref",1
"customerContacts.yaml::ContactResponse","customerContacts.yaml::Contact","internal_schema_ref",1
"customerContacts.yaml::ContactResponse","customerContacts.yaml::ContactIncluded","internal_schema_ref",1
"customerContacts.yaml::ContactListResponse","customerContacts.yaml::Contact","internal_schema_ref",1
"customerContacts.yaml::ContactListResponse","customerContacts.yaml::ContactIncluded","internal_schema_ref",1
"customerContacts.yaml::ContactRequest","customerContacts.yaml::Contact","internal_schema_ref",1
"customerContacts.yaml::GET /customers/{id}/contacts","jsonapi.yaml::sort","operation_external_schema_ref",1
"customerContacts.yaml::GET /customers/{id}/contacts","jsonapi.yaml::include","operation_external_schema_ref",1
"customerContacts.yaml::GET /customers/{id}/contacts","customerContacts.yaml::ContactListResponse","operation_internal_schema_ref",1
"customerContacts.yaml::GET /customers/{id}/contacts","jsonapi.yaml::failure","operation_external_schema_ref",1
"customerContacts.yaml::POST /customers/{id}/contacts","customerContacts.yaml::ContactRequest","operation_internal_schema_ref",1
"customerContacts.yaml::POST /customers/{id}/contacts","customerContacts.yaml::ContactResponse","operation_internal_schema_ref",1
"customerContacts.yaml::POST /customers/{id}/contacts","jsonapi.yaml::failure","operation_external_schema_ref",1
"customerContacts.yaml::GET /customers/{customerId}/contacts/{contactId}","customerContacts.yaml::ContactResponse","operation_internal_schema_ref",1
"customerContacts.yaml::PATCH /customers/{customerId}/contacts/{contactId}","customerContacts.yaml::ContactRequest","operation_internal_schema_ref",1
"customerContacts.yaml::PATCH /customers/{customerId}/contacts/{contactId}","customerContacts.yaml::ContactResponse","operation_internal_schema_ref",1
"customerContacts.yaml::PATCH /customers/{customerId}/contacts/{contactId}","jsonapi.yaml::failure","operation_external_schema_ref",1
"customerContacts.yaml::DELETE /customers/{customerId}/contacts/{contactId}","jsonapi.yaml::failure","operation_external_schema_ref",1
"customerContacts.yaml::PATCH /customers/{customerId}/contacts/{contactId}/swap","customerContacts.yaml::ContactResponse","operation_internal_schema_ref",1
"customerContacts.yaml::PATCH /customers/{customerId}/contacts/{contactId}/swap","jsonapi.yaml::failure","operation_external_schema_ref",1
"comments.yaml::Comment","comments.yaml::relToOne","external_schema_ref",1
"comments.yaml::Comment","comments.yaml::relToOneWithMetaReadOnly","external_schema_ref",1
"comments.yaml::CommentRequest","comments.yaml::Comment","internal_schema_ref",1
"comments.yaml::CommentResponse","comments.yaml::Comment","internal_schema_ref",1
"comments.yaml::CommentResponse","comments.yaml::CommentIncluded","internal_schema_ref",1
"comments.yaml::CommentListResponse","comments.yaml::Comment","internal_schema_ref",1
"comments.yaml::CommentListResponse","comments.yaml::CommentIncluded","internal_schema_ref",1
"comments.yaml::GET /comments","jsonapi.yaml::include","operation_external_schema_ref",1
"comments.yaml::GET /comments","jsonapi.yaml::acceptLanguage","operation_external_schema_ref",1
"comments.yaml::GET /comments","comments.yaml::CommentListResponse","operation_internal_schema_ref",1
"comments.yaml::GET /comments","jsonapi.yaml::failure","operation_external_schema_ref",1
"comments.yaml::POST /comments","comments.yaml::CommentRequest","operation_internal_schema_ref",1
"comments.yaml::POST /comments","comments.yaml::CommentResponse","operation_internal_schema_ref",1
"comments.yaml::POST /comments","jsonapi.yaml::failure","operation_external_schema_ref",1
"comments.yaml::GET /comments/{id}","comments.yaml::CommentResponse","operation_internal_schema_ref",1
"comments.yaml::GET /comments/{id}","jsonapi.yaml::failure","operation_external_schema_ref",1
"comments.yaml::PATCH /comments/{id}","comments.yaml::CommentRequest","operation_internal_schema_ref",1
"comments.yaml::PATCH /comments/{id}","comments.yaml::CommentResponse","operation_internal_schema_ref",1
"comments.yaml::PATCH /comments/{id}","jsonapi.yaml::failure","operation_external_schema_ref",1
"comments.yaml::DELETE /comments/{id}","jsonapi.yaml::failure","operation_external_schema_ref",1
"purchaseDoc.yaml::PurchaseDocHeaderAttributes","purchaseDoc.yaml::FulfillmentStatus","external_schema_ref",1
"purchaseDoc.yaml::PurchaseDocHeaderAttributes","purchaseDoc.yaml::DocHeaderTotals","external_schema_ref",1
"purchaseDoc.yaml::PurchaseDocHeaderAttributes","purchaseDoc.yaml::apiDate","external_schema_ref",1
"purchaseDoc.yaml::PurchaseDocHeaderAttributesWithDocHeader","purchaseDoc.yaml::PurchaseDocHeaderAttributes","internal_schema_ref",1
"purchaseDoc.yaml::PurchaseDocHeaderAttributesWithDocHeader","purchaseDoc.yaml::DocHeaderAttributes","external_schema_ref",1
"purchaseDoc.yaml::PurchaseDocHeader","purchaseDoc.yaml::PurchaseDocHeaderAttributesWithDocHeader","internal_schema_ref",1
"purchaseDoc.yaml::PurchaseDocHeader","purchaseDoc.yaml::DocHeaderRelationships","external_schema_ref",1
"purchaseDoc.yaml::PurchaseDocHeader","purchaseDoc.yaml::PurchaseDocHeaderRelationships","internal_schema_ref",1
"purchaseDoc.yaml::PurchaseDocHeaderListResponse","purchaseDoc.yaml::PurchaseDocHeader","internal_schema_ref",1
"purchaseDoc.yaml::PurchaseDocHeaderListResponse","purchaseDoc.yaml::PaginationMeta","external_schema_ref",1
"purchaseDoc.yaml::PurchaseDocHeaderListResponse","purchaseDoc.yaml::pagination","external_schema_ref",1
"purchaseDoc.yaml::PurchaseDocHeaderListResponse","purchaseDoc.yaml::PurchaseDocHeaderIncluded","internal_schema_ref",1
"purchaseDoc.yaml::PurchaseDocHeaderResponse","purchaseDoc.yaml::PurchaseDocHeader","internal_schema_ref",1
"purchaseDoc.yaml::PurchaseDocHeaderResponse","purchaseDoc.yaml::PurchaseDocHeaderIncluded","internal_schema_ref",1
"purchaseDoc.yaml::PurchaseDocHeaderRequest","purchaseDoc.yaml::PurchaseDocHeader","internal_schema_ref",1
"purchaseDoc.yaml::PurchaseDocLineAttributes","purchaseDoc.yaml::FulfillmentStatus","external_schema_ref",1
"purchaseDoc.yaml::PurchaseDocLineAttributes","purchaseDoc.yaml::apiDate","external_schema_ref",1
"purchaseDoc.yaml::PurchaseDocLineAttributes","purchaseDoc.yaml::CommonDocLineAttributes","external_schema_ref",1
"purchaseDoc.yaml::PurchaseDocLineRelationships","purchaseDoc.yaml::relToOneReadOnly","external_schema_ref",1
"purchaseDoc.yaml::PurchaseDocLineRelationships","purchaseDoc.yaml::relToOne","external_schema_ref",1
"purchaseDoc.yaml::PurchaseDocLine","purchaseDoc.yaml::PurchaseDocLineAttributes","internal_schema_ref",1
"purchaseDoc.yaml::PurchaseDocLine","purchaseDoc.yaml::CommonDocLineRelationships","external_schema_ref",1
"purchaseDoc.yaml::PurchaseDocLine","purchaseDoc.yaml::PurchaseDocLineRelationships","internal_schema_ref",1
"purchaseDoc.yaml::PurchaseDocLineListResponse","purchaseDoc.yaml::PurchaseDocLine","internal_schema_ref",1
"purchaseDoc.yaml::PurchaseDocLineListResponse","purchaseDoc.yaml::PurchaseDocLineIncluded","internal_schema_ref",1
"purchaseDoc.yaml::PurchaseDocLineListResponse","purchaseDoc.yaml::PaginationMeta","external_schema_ref",1
"purchaseDoc.yaml::PurchaseDocLineListResponse","purchaseDoc.yaml::DocLineTotalsPaginationMeta","external_schema_ref",1
"purchaseDoc.yaml::PurchaseDocLineResponse","purchaseDoc.yaml::PurchaseDocLine","internal_schema_ref",1
"purchaseDoc.yaml::PurchaseDocLineResponse","purchaseDoc.yaml::PurchaseDocLineIncluded","internal_schema_ref",1
"purchaseDoc.yaml::PurchaseDocLineRequest","purchaseDoc.yaml::PurchaseDocLine","internal_schema_ref",1
"purchaseDoc.yaml::PurchaseDocLineListRequest","purchaseDoc.yaml::PurchaseDocLine","internal_schema_ref",1
"purchaseDoc.yaml::PurchaseDocLineWithHeader","purchaseDoc.yaml::PurchaseDocHeaderAttributesWithDocHeader","internal_schema_ref",1
"purchaseDoc.yaml::PurchaseDocLineWithHeader","purchaseDoc.yaml::PurchaseDocLineAttributes","internal_schema_ref",1
"purchaseDoc.yaml::PurchaseDocLineWithHeader","purchaseDoc.yaml::DocHeaderRelationships","external_schema_ref",1
"purchaseDoc.yaml::PurchaseDocLineWithHeader","purchaseDoc.yaml::PurchaseDocHeaderRelationships","internal_schema_ref",1
"purchaseDoc.yaml::PurchaseDocLineWithHeader","purchaseDoc.yaml::PurchaseDocLineRelationships","internal_schema_ref",1
"purchaseDoc.yaml::PurchaseDocLineWithHeaderListResponse","purchaseDoc.yaml::PurchaseDocLineWithHeader","internal_schema_ref",1
"purchaseDoc.yaml::PurchaseDocLineWithHeaderListResponse","purchaseDoc.yaml::PaginationMeta","external_schema_ref",1
"purchaseDoc.yaml::PurchaseDocLineWithHeaderListResponse","purchaseDoc.yaml::pagination","external_schema_ref",1
"purchaseDoc.yaml::PurchaseDocLineWithHeaderListResponse","purchaseDoc.yaml::PurchaseDocLineWithHeaderIncluded","internal_schema_ref",1
"purchaseDoc.yaml::LoadingUnitGenRequest","purchaseDoc.yaml::LoadingUnitGenData","internal_schema_ref",1
"purchaseDoc.yaml::LoadingUnit","purchaseDoc.yaml::apiDateTime","external_schema_ref",1
"purchaseDoc.yaml::LoadingUnitListResponse","purchaseDoc.yaml::LoadingUnit","internal_schema_ref",1
"purchaseDoc.yaml::LoadingUnitResponse","purchaseDoc.yaml::LoadingUnit","internal_schema_ref",1
"purchaseDoc.yaml::PurchaseDocReading","purchaseDoc.yaml::apiDate","external_schema_ref",1
"purchaseDoc.yaml::PurchaseDocReading","purchaseDoc.yaml::LineMatchAttribute","external_schema_ref",1
"purchaseDoc.yaml::PurchaseDocReading","purchaseDoc.yaml::UnexpectedDataStrategy","external_schema_ref",1
"purchaseDoc.yaml::PurchaseDocReading","purchaseDoc.yaml::relToMany","external_schema_ref",1
"purchaseDoc.yaml::PurchaseDocReadingRequest","purchaseDoc.yaml::PurchaseDocReading","internal_schema_ref",1
"purchaseDoc.yaml::PurchaseDocInboundResponse","purchaseDoc.yaml::InboundLine","external_schema_ref",1
"purchaseDoc.yaml::PurchaseDocInboundResponse","purchaseDoc.yaml::Item","external_schema_ref",1
"purchaseDoc.yaml::PurchaseDocLineInstance","purchaseDoc.yaml::apiDateTime","external_schema_ref",1
"purchaseDoc.yaml::ListPurchaseDocLineInstanceResponse","purchaseDoc.yaml::PurchaseDocLineInstance","internal_schema_ref",1
"purchaseDoc.yaml::PurchaseDocLineInstanceRequest","purchaseDoc.yaml::PurchaseDocLineInstance","internal_schema_ref",1
"purchaseDoc.yaml::PurchaseDocLineInstanceResponse","purchaseDoc.yaml::PurchaseDocLineInstance","internal_schema_ref",1
"purchaseDoc.yaml::PurchaseDocLineInstanceUpdateRequest","purchaseDoc.yaml::PurchaseDocLineInstanceUpdateData","internal_schema_ref",1
"purchaseDoc.yaml::PurchaseDocAggregatedDataResponse","purchaseDoc.yaml::PurchaseDocAggregatedData","internal_schema_ref",1
"purchaseDoc.yaml::PurchaseDocNoGroupingElement","purchaseDoc.yaml::apiDateTime","external_schema_ref",1
"purchaseDoc.yaml::PurchaseDocNoGroupingElement","purchaseDoc.yaml::SimpleEntity","external_schema_ref",1
"purchaseDoc.yaml::PurchaseDocNoGrouping","purchaseDoc.yaml::PurchaseDocNoGroupingElement","internal_schema_ref",1
"purchaseDoc.yaml::PurchaseDocNoGrouping","purchaseDoc.yaml::PurchaseDocAggregatedTotals","internal_schema_ref",1
"purchaseDoc.yaml::PurchaseDocGroupByPackage","purchaseDoc.yaml::PurchaseDocGroupByPackageGroup","internal_schema_ref",1
"purchaseDoc.yaml::PurchaseDocGroupByPackage","purchaseDoc.yaml::PurchaseDocAggregatedTotals","internal_schema_ref",1
"purchaseDoc.yaml::PurchaseDocSerialsOnlyGroup","purchaseDoc.yaml::SimpleEntity","external_schema_ref",1
"purchaseDoc.yaml::PurchaseDocSerialsOnly","purchaseDoc.yaml::PurchaseDocSerialsOnlyGroup","internal_schema_ref",1
"purchaseDoc.yaml::PurchaseDocSerialsOnly","purchaseDoc.yaml::PurchaseDocAggregatedTotals","internal_schema_ref",1
"purchaseDoc.yaml::PurchaseDocAggregatedData","purchaseDoc.yaml::PurchaseDocNoGrouping","internal_schema_ref",1
"purchaseDoc.yaml::PurchaseDocAggregatedData","purchaseDoc.yaml::PurchaseDocGroupByPackage","internal_schema_ref",1
"purchaseDoc.yaml::PurchaseDocAggregatedData","purchaseDoc.yaml::PurchaseDocSerialsOnly","internal_schema_ref",1
"purchaseDoc.yaml::GET /purchase-docs/headers","jsonapi.yaml::pageSize","operation_external_schema_ref",1
"purchaseDoc.yaml::GET /purchase-docs/headers","jsonapi.yaml::pageNumber","operation_external_schema_ref",1
"purchaseDoc.yaml::GET /purchase-docs/headers","jsonapi.yaml::include","operation_external_schema_ref",1
"purchaseDoc.yaml::GET /purchase-docs/headers","core.yaml::filterOrganizationRequired","operation_external_schema_ref",1
"purchaseDoc.yaml::GET /purchase-docs/headers","documents.yaml::filterDocCategoryRequired","operation_external_schema_ref",1
"purchaseDoc.yaml::GET /purchase-docs/headers","purchaseDoc.yaml::PurchaseDocHeaderListResponse","operation_internal_schema_ref",1
"purchaseDoc.yaml::GET /purchase-docs/headers","jsonapi.yaml::failure","operation_external_schema_ref",1
"purchaseDoc.yaml::POST /purchase-docs/headers","purchaseDoc.yaml::PurchaseDocHeaderRequest","operation_internal_schema_ref",1
"purchaseDoc.yaml::POST /purchase-docs/headers","purchaseDoc.yaml::PurchaseDocHeaderResponse","operation_internal_schema_ref",1
"purchaseDoc.yaml::POST /purchase-docs/headers","jsonapi.yaml::failure","operation_external_schema_ref",1
"purchaseDoc.yaml::GET /purchase-docs/headers/{headerId}/lines","jsonapi.yaml::pageSize","operation_external_schema_ref",1
"purchaseDoc.yaml::GET /purchase-docs/headers/{headerId}/lines","jsonapi.yaml::pageNumber","operation_external_schema_ref",1
"purchaseDoc.yaml::GET /purchase-docs/headers/{headerId}/lines","jsonapi.yaml::sort","operation_external_schema_ref",1
"purchaseDoc.yaml::GET /purchase-docs/headers/{headerId}/lines","jsonapi.yaml::include","operation_external_schema_ref",1
"purchaseDoc.yaml::GET /purchase-docs/headers/{headerId}/lines","purchaseDoc.yaml::PurchaseDocLineListResponse","operation_internal_schema_ref",1
"purchaseDoc.yaml::GET /purchase-docs/headers/{headerId}/lines","jsonapi.yaml::failure","operation_external_schema_ref",1
"purchaseDoc.yaml::POST /purchase-docs/headers/{headerId}/lines","purchaseDoc.yaml::PurchaseDocLineListRequest","operation_internal_schema_ref",1
"purchaseDoc.yaml::POST /purchase-docs/headers/{headerId}/lines","purchaseDoc.yaml::PurchaseDocLineListResponse","operation_internal_schema_ref",1
"purchaseDoc.yaml::POST /purchase-docs/headers/{headerId}/lines","jsonapi.yaml::failure","operation_external_schema_ref",1
"purchaseDoc.yaml::DELETE /purchase-docs/headers/{headerId}/lines","jsonapi.yaml::failure","operation_external_schema_ref",1
"purchaseDoc.yaml::GET /purchase-docs/headers/{headerId}/lines/{lineId}","purchaseDoc.yaml::PurchaseDocLineResponse","operation_internal_schema_ref",1
"purchaseDoc.yaml::PATCH /purchase-docs/headers/{headerId}/lines/{lineId}","purchaseDoc.yaml::PurchaseDocLineRequest","operation_internal_schema_ref",1
"purchaseDoc.yaml::PATCH /purchase-docs/headers/{headerId}/lines/{lineId}","purchaseDoc.yaml::PurchaseDocLineResponse","operation_internal_schema_ref",1
"purchaseDoc.yaml::PATCH /purchase-docs/headers/{headerId}/lines/{lineId}","jsonapi.yaml::failure","operation_external_schema_ref",1
"purchaseDoc.yaml::DELETE /purchase-docs/headers/{headerId}/lines/{lineId}","jsonapi.yaml::failure","operation_external_schema_ref",1
"purchaseDoc.yaml::GET /purchase-docs/lines/{lineId}/string-templates","jsonapi.yaml::include","operation_external_schema_ref",1
"purchaseDoc.yaml::GET /purchase-docs/lines/{lineId}/string-templates","core.yaml::filterOrganizationRequired","operation_external_schema_ref",1
"purchaseDoc.yaml::GET /purchase-docs/lines/{lineId}/string-templates","core.yaml::ReportTemplateEntityListResponse","operation_external_schema_ref",1
"purchaseDoc.yaml::GET /purchase-docs/lines/{lineId}/string-templates","jsonapi.yaml::failure","operation_external_schema_ref",1
"purchaseDoc.yaml::GET /purchase-docs/headers/{headerId}/lines/{lineId}/loading-units","jsonapi.yaml::sort","operation_external_schema_ref",1
"purchaseDoc.yaml::GET /purchase-docs/headers/{headerId}/lines/{lineId}/loading-units","purchaseDoc.yaml::LoadingUnitListResponse","operation_internal_schema_ref",1
"purchaseDoc.yaml::GET /purchase-docs/headers/{headerId}/lines/{lineId}/loading-units","jsonapi.yaml::failure","operation_external_schema_ref",1
"purchaseDoc.yaml::POST /purchase-docs/headers/{headerId}/lines/{lineId}/loading-units","purchaseDoc.yaml::PurchaseDocLineResponse","operation_internal_schema_ref",1
"purchaseDoc.yaml::POST /purchase-docs/headers/{headerId}/lines/{lineId}/loading-units","jsonapi.yaml::failure","operation_external_schema_ref",1
"purchaseDoc.yaml::GET /purchase-docs/headers/{headerId}","purchaseDoc.yaml::PurchaseDocHeaderResponse","operation_internal_schema_ref",1
"purchaseDoc.yaml::PATCH /purchase-docs/headers/{headerId}","purchaseDoc.yaml::PurchaseDocHeaderRequest","operation_internal_schema_ref",1
"purchaseDoc.yaml::PATCH /purchase-docs/headers/{headerId}","purchaseDoc.yaml::PurchaseDocHeaderResponse","operation_internal_schema_ref",1
"purchaseDoc.yaml::PATCH /purchase-docs/headers/{headerId}","jsonapi.yaml::failure","operation_external_schema_ref",1
"purchaseDoc.yaml::DELETE /purchase-docs/headers/{headerId}","jsonapi.yaml::failure","operation_external_schema_ref",1
"purchaseDoc.yaml::POST /purchase-docs/headers/{headerId}/edit","purchaseDoc.yaml::PurchaseDocHeaderResponse","operation_internal_schema_ref",1
"purchaseDoc.yaml::POST /purchase-docs/headers/{headerId}/edit","jsonapi.yaml::failure","operation_external_schema_ref",1
"purchaseDoc.yaml::POST /purchase-docs/headers/{headerId}/publish","purchaseDoc.yaml::PurchaseDocHeaderResponse","operation_internal_schema_ref",1
"purchaseDoc.yaml::POST /purchase-docs/headers/{headerId}/publish","jsonapi.yaml::failure","operation_external_schema_ref",1
"purchaseDoc.yaml::POST /purchase-docs/headers/{headerId}/release","jsonapi.yaml::failure","operation_external_schema_ref",1
"purchaseDoc.yaml::GET /purchase-docs/headers/{headerId}/linked-docs","documents.yaml::DocHeaderLiteListResponse","operation_external_schema_ref",1
"purchaseDoc.yaml::GET /purchase-docs/headers/{headerId}/linked-docs","jsonapi.yaml::failure","operation_external_schema_ref",1
"purchaseDoc.yaml::GET /purchase-docs/headers/{headerId}/transfer-statuses","documents.yaml::DocTransferStatusListResponse","operation_external_schema_ref",1
"purchaseDoc.yaml::GET /purchase-docs/headers/{headerId}/transfer-statuses","jsonapi.yaml::failure","operation_external_schema_ref",1
"purchaseDoc.yaml::PATCH /purchase-docs/headers/{headerId}/transfer-statuses","documents.yaml::TransferStatusRequest","operation_external_schema_ref",1
"purchaseDoc.yaml::PATCH /purchase-docs/headers/{headerId}/transfer-statuses","purchaseDoc.yaml::PurchaseDocHeaderResponse","operation_internal_schema_ref",1
"purchaseDoc.yaml::PATCH /purchase-docs/headers/{headerId}/transfer-statuses","jsonapi.yaml::failure","operation_external_schema_ref",1
"purchaseDoc.yaml::GET /purchase-docs/headers/{headerId}/draft-ownership","jsonapi.yaml::failure","operation_external_schema_ref",1
"purchaseDoc.yaml::PATCH /purchase-docs/headers/{headerId}/draft-ownership","core.yaml::ChangeDraftEntityOwnershipRequest","operation_external_schema_ref",1
"purchaseDoc.yaml::PATCH /purchase-docs/headers/{headerId}/draft-ownership","jsonapi.yaml::failure","operation_external_schema_ref",1
"purchaseDoc.yaml::GET /purchase-docs/headers/{headerId}/inbound","purchaseDoc.yaml::PurchaseDocInboundResponse","operation_internal_schema_ref",1
"purchaseDoc.yaml::GET /purchase-docs/headers/{headerId}/inbound","jsonapi.yaml::failure","operation_external_schema_ref",1
"purchaseDoc.yaml::POST /purchase-docs/headers/{headerId}/inbound","purchaseDoc.yaml::PurchaseDocInboundResponse","operation_internal_schema_ref",1
"purchaseDoc.yaml::POST /purchase-docs/headers/{headerId}/inbound","jsonapi.yaml::failure","operation_external_schema_ref",1
"purchaseDoc.yaml::POST /purchase-docs/headers-export","jsonapi.yaml::sort","operation_external_schema_ref",1
"purchaseDoc.yaml::POST /purchase-docs/headers-export","jsonapi.yaml::include","operation_external_schema_ref",1
"purchaseDoc.yaml::POST /purchase-docs/headers-export","core.yaml::filterOrganizationRequired","operation_external_schema_ref",1
"purchaseDoc.yaml::POST /purchase-docs/headers-export","documents.yaml::filterDocCategoryRequired","operation_external_schema_ref",1
"purchaseDoc.yaml::POST /purchase-docs/headers-export","jsonapi.yaml::acceptLanguage","operation_external_schema_ref",1
"purchaseDoc.yaml::POST /purchase-docs/headers-export","jsonapi.yaml::info","operation_external_schema_ref",1
"purchaseDoc.yaml::POST /purchase-docs/headers-export","jsonapi.yaml::failure","operation_external_schema_ref",1
"purchaseDoc.yaml::POST /purchase-docs/loading-units","jsonapi.yaml::acceptLanguage","operation_external_schema_ref",1
"purchaseDoc.yaml::POST /purchase-docs/loading-units","core.yaml::utcOffset","operation_external_schema_ref",1
"purchaseDoc.yaml::POST /purchase-docs/loading-units","purchaseDoc.yaml::LoadingUnitGenRequest","operation_internal_schema_ref",1
"purchaseDoc.yaml::POST /purchase-docs/loading-units","purchaseDoc.yaml::LoadingUnitListResponse","operation_internal_schema_ref",1
"purchaseDoc.yaml::POST /purchase-docs/loading-units","jsonapi.yaml::failure","operation_external_schema_ref",1
"purchaseDoc.yaml::POST /purchase-docs/headers/{headerId}/lines/{lineId}/loading-units/printing-callback","jsonapi.yaml::acceptLanguage","operation_external_schema_ref",1
"purchaseDoc.yaml::POST /purchase-docs/headers/{headerId}/lines/{lineId}/loading-units/printing-callback","purchaseDoc.yaml::LoadingUnitListResponse","operation_internal_schema_ref",1
"purchaseDoc.yaml::POST /purchase-docs/headers/{headerId}/lines/{lineId}/loading-units/printing-callback","jsonapi.yaml::failure","operation_external_schema_ref",1
"purchaseDoc.yaml::GET /purchase-docs/lines","jsonapi.yaml::pageSize","operation_external_schema_ref",1
"purchaseDoc.yaml::GET /purchase-docs/lines","jsonapi.yaml::pageNumber","operation_external_schema_ref",1
"purchaseDoc.yaml::GET /purchase-docs/lines","jsonapi.yaml::sort","operation_external_schema_ref",1
"purchaseDoc.yaml::GET /purchase-docs/lines","jsonapi.yaml::include","operation_external_schema_ref",1
"purchaseDoc.yaml::GET /purchase-docs/lines","core.yaml::filterOrganizationRequired","operation_external_schema_ref",1
"purchaseDoc.yaml::GET /purchase-docs/lines","documents.yaml::filterDocCategoryRequired","operation_external_schema_ref",1
"purchaseDoc.yaml::GET /purchase-docs/lines","jsonapi.yaml::acceptLanguage","operation_external_schema_ref",1
"purchaseDoc.yaml::GET /purchase-docs/lines","purchaseDoc.yaml::PurchaseDocLineWithHeaderListResponse","operation_internal_schema_ref",1
"purchaseDoc.yaml::GET /purchase-docs/lines","jsonapi.yaml::failure","operation_external_schema_ref",1
"purchaseDoc.yaml::POST /purchase-docs/reading/headers","purchaseDoc.yaml::PurchaseDocReadingRequest","operation_internal_schema_ref",1
"purchaseDoc.yaml::POST /purchase-docs/reading/headers","purchaseDoc.yaml::PurchaseDocHeaderResponse","operation_internal_schema_ref",1
"purchaseDoc.yaml::POST /purchase-docs/reading/headers","jsonapi.yaml::failure","operation_external_schema_ref",1
"purchaseDoc.yaml::GET /purchase-docs/draft-skipped/headers/{headerId}/lines/{lineId}/instances","jsonapi.yaml::include","operation_external_schema_ref",1
"purchaseDoc.yaml::GET /purchase-docs/draft-skipped/headers/{headerId}/lines/{lineId}/instances","purchaseDoc.yaml::ListPurchaseDocLineInstanceResponse","operation_internal_schema_ref",1
"purchaseDoc.yaml::GET /purchase-docs/draft-skipped/headers/{headerId}/lines/{lineId}/instances","jsonapi.yaml::failure","operation_external_schema_ref",1
"purchaseDoc.yaml::GET /purchase-docs/draft-skipped/headers/{headerId}/instances","jsonapi.yaml::include","operation_external_schema_ref",1
"purchaseDoc.yaml::GET /purchase-docs/draft-skipped/headers/{headerId}/instances","purchaseDoc.yaml::ListPurchaseDocLineInstanceResponse","operation_internal_schema_ref",1
"purchaseDoc.yaml::GET /purchase-docs/draft-skipped/headers/{headerId}/instances","jsonapi.yaml::failure","operation_external_schema_ref",1
"purchaseDoc.yaml::DELETE /purchase-docs/draft-skipped/headers/{headerId}/instances","jsonapi.yaml::failure","operation_external_schema_ref",1
"purchaseDoc.yaml::PATCH /purchase-docs/draft-skipped/headers/{headerId}/instances/{lineInstanceId}","purchaseDoc.yaml::PurchaseDocLineInstanceUpdateRequest","operation_internal_schema_ref",1
"purchaseDoc.yaml::PATCH /purchase-docs/draft-skipped/headers/{headerId}/instances/{lineInstanceId}","purchaseDoc.yaml::PurchaseDocLineInstanceResponse","operation_internal_schema_ref",1
"purchaseDoc.yaml::PATCH /purchase-docs/draft-skipped/headers/{headerId}/instances/{lineInstanceId}","jsonapi.yaml::failure","operation_external_schema_ref",1
"purchaseDoc.yaml::POST /purchase-docs/reading/headers/{headerId}/compile","documents.yaml::CompileReadingDocRequest","operation_external_schema_ref",1
"purchaseDoc.yaml::POST /purchase-docs/reading/headers/{headerId}/compile","jsonapi.yaml::failure","operation_external_schema_ref",1
"purchaseDoc.yaml::POST /purchase-docs/reading/headers/{headerId}/release","documents.yaml::ReleaseReadingDocRequest","operation_external_schema_ref",1
"purchaseDoc.yaml::POST /purchase-docs/reading/headers/{headerId}/release","jsonapi.yaml::failure","operation_external_schema_ref",1
"purchaseDoc.yaml::GET /purchase-docs/reading/headers/{headerId}/aggregated-data","jsonapi.yaml::include","operation_external_schema_ref",1
"purchaseDoc.yaml::GET /purchase-docs/reading/headers/{headerId}/aggregated-data","documents.yaml::groupByFulfilledDoc","operation_external_schema_ref",1
"purchaseDoc.yaml::GET /purchase-docs/reading/headers/{headerId}/aggregated-data","documents.yaml::groupByReason","operation_external_schema_ref",1
"purchaseDoc.yaml::GET /purchase-docs/reading/headers/{headerId}/aggregated-data","documents.yaml::groupByOperationReason","operation_external_schema_ref",1
"purchaseDoc.yaml::GET /purchase-docs/reading/headers/{headerId}/aggregated-data","documents.yaml::includeCountersRequired","operation_external_schema_ref",1
"purchaseDoc.yaml::GET /purchase-docs/reading/headers/{headerId}/aggregated-data","documents.yaml::includePackageCountersRequired","operation_external_schema_ref",1
"purchaseDoc.yaml::GET /purchase-docs/reading/headers/{headerId}/aggregated-data","documents.yaml::groupingStrategy","operation_external_schema_ref",1
"purchaseDoc.yaml::GET /purchase-docs/reading/headers/{headerId}/aggregated-data","documents.yaml::GetReadingDocAggregatedDataSorting","operation_external_schema_ref",1
"purchaseDoc.yaml::GET /purchase-docs/reading/headers/{headerId}/aggregated-data","documents.yaml::GetReadingDocAggregatedDataFilters","operation_external_schema_ref",1
"purchaseDoc.yaml::GET /purchase-docs/reading/headers/{headerId}/aggregated-data","documents.yaml::ReadingDocGetAggregatedResponse","operation_external_schema_ref",1
"purchaseDoc.yaml::GET /purchase-docs/reading/headers/{headerId}/aggregated-data","jsonapi.yaml::failure","operation_external_schema_ref",1
"purchaseDoc.yaml::POST /purchase-docs/reading/headers/{headerId}/reset","documents.yaml::ResetReadingDocRequest","operation_external_schema_ref",1
"purchaseDoc.yaml::POST /purchase-docs/reading/headers/{headerId}/reset","purchaseDoc.yaml::PurchaseDocHeaderResponse","operation_internal_schema_ref",1
"purchaseDoc.yaml::POST /purchase-docs/reading/headers/{headerId}/reset","jsonapi.yaml::failure","operation_external_schema_ref",1
"purchaseDoc.yaml::PATCH /purchase-docs/reading/headers/{headerId}/unexpected-instances","documents.yaml::UpdateReadingDocInstancesRequest","operation_external_schema_ref",1
"purchaseDoc.yaml::PATCH /purchase-docs/reading/headers/{headerId}/unexpected-instances","jsonapi.yaml::failure","operation_external_schema_ref",1
"purchaseDoc.yaml::PATCH /purchase-docs/reading/headers/{headerId}/expected-instances","documents.yaml::UpdateReadingDocInstancesRequest","operation_external_schema_ref",1
"purchaseDoc.yaml::PATCH /purchase-docs/reading/headers/{headerId}/expected-instances","jsonapi.yaml::failure","operation_external_schema_ref",1
"purchaseDoc.yaml::PATCH /purchase-docs/reading/headers/{headerId}/instances/properties","documents.yaml::UpdateReadingDocInstancesPropertiesRequest","operation_external_schema_ref",1
"purchaseDoc.yaml::PATCH /purchase-docs/reading/headers/{headerId}/instances/properties","jsonapi.yaml::failure","operation_external_schema_ref",1
"jsonapi.yaml::JSONAPIresponse","jsonapi.yaml::success","internal_schema_ref",1
"jsonapi.yaml::JSONAPIresponse","jsonapi.yaml::failure","internal_schema_ref",1
"jsonapi.yaml::JSONAPIresponse","jsonapi.yaml::info","internal_schema_ref",1
"jsonapi.yaml::success","jsonapi.yaml::data","internal_schema_ref",1
"jsonapi.yaml::success","jsonapi.yaml::resource","internal_schema_ref",1
"jsonapi.yaml::success","jsonapi.yaml::meta","internal_schema_ref",1
"jsonapi.yaml::success","jsonapi.yaml::links","internal_schema_ref",1
"jsonapi.yaml::success","jsonapi.yaml::pagination","internal_schema_ref",1
"jsonapi.yaml::success","jsonapi.yaml::jsonapi","internal_schema_ref",1
"jsonapi.yaml::failure","jsonapi.yaml::apiError","internal_schema_ref",1
"jsonapi.yaml::failure","jsonapi.yaml::meta","internal_schema_ref",1
"jsonapi.yaml::failure","jsonapi.yaml::jsonapi","internal_schema_ref",1
"jsonapi.yaml::failure","jsonapi.yaml::links","internal_schema_ref",1
"jsonapi.yaml::info","jsonapi.yaml::meta","internal_schema_ref",1
"jsonapi.yaml::info","jsonapi.yaml::links","internal_schema_ref",1
"jsonapi.yaml::info","jsonapi.yaml::jsonapi","internal_schema_ref",1
"jsonapi.yaml::onlyMeta","jsonapi.yaml::meta","internal_schema_ref",1
"jsonapi.yaml::relationshipMeta","jsonapi.yaml::apiDateReadOnly","external_schema_ref",1
"jsonapi.yaml::relationshipToManyMeta","jsonapi.yaml::apiDateReadOnly","external_schema_ref",1
"jsonapi.yaml::data","jsonapi.yaml::nulltype","internal_schema_ref",1
"jsonapi.yaml::post_datum","jsonapi.yaml::post_resource","internal_schema_ref",1
"jsonapi.yaml::datum","jsonapi.yaml::resource","internal_schema_ref",1
"jsonapi.yaml::resource","jsonapi.yaml::type","internal_schema_ref",1
"jsonapi.yaml::resource","jsonapi.yaml::id","internal_schema_ref",1
"jsonapi.yaml::resource","jsonapi.yaml::attributes","internal_schema_ref",1
"jsonapi.yaml::resource","jsonapi.yaml::relationships","internal_schema_ref",1
"jsonapi.yaml::resource","jsonapi.yaml::links","internal_schema_ref",1
"jsonapi.yaml::resource","jsonapi.yaml::meta","internal_schema_ref",1
"jsonapi.yaml::post_resource","jsonapi.yaml::type","internal_schema_ref",1
"jsonapi.yaml::post_resource","jsonapi.yaml::id","internal_schema_ref",1
"jsonapi.yaml::post_resource","jsonapi.yaml::attributes","internal_schema_ref",1
"jsonapi.yaml::post_resource","jsonapi.yaml::relationships","internal_schema_ref",1
"jsonapi.yaml::post_resource","jsonapi.yaml::links","internal_schema_ref",1
"jsonapi.yaml::post_resource","jsonapi.yaml::meta","internal_schema_ref",1
"jsonapi.yaml::links","jsonapi.yaml::link","internal_schema_ref",1
"jsonapi.yaml::link","jsonapi.yaml::linkUri","internal_schema_ref",1
"jsonapi.yaml::link","jsonapi.yaml::linkHref","internal_schema_ref",1
"jsonapi.yaml::linkHref","jsonapi.yaml::meta","internal_schema_ref",1
"jsonapi.yaml::relationships","jsonapi.yaml::relationship","internal_schema_ref",1
"jsonapi.yaml::relationship","jsonapi.yaml::relationshipLinks","internal_schema_ref",1
"jsonapi.yaml::relationship","jsonapi.yaml::relationshipToOne","internal_schema_ref",1
"jsonapi.yaml::relationship","jsonapi.yaml::relationshipToMany","internal_schema_ref",1
"jsonapi.yaml::relationship","jsonapi.yaml::meta","internal_schema_ref",1
"jsonapi.yaml::relationshipToOneWithMeta","jsonapi.yaml::linkageWithMeta","internal_schema_ref",1
"jsonapi.yaml::relToOne","jsonapi.yaml::relationshipLinks","internal_schema_ref",1
"jsonapi.yaml::relToOne","jsonapi.yaml::relationshipToOne","internal_schema_ref",1
"jsonapi.yaml::relToOneWithMeta","jsonapi.yaml::relationshipLinks","internal_schema_ref",1
"jsonapi.yaml::relToOneWithMeta","jsonapi.yaml::linkageWithMeta","internal_schema_ref",1
"jsonapi.yaml::relToOneParty","jsonapi.yaml::relationshipLinks","internal_schema_ref",1
"jsonapi.yaml::relToOneParty","jsonapi.yaml::linkageParty","internal_schema_ref",1
"jsonapi.yaml::relToOnePartyReadOnly","jsonapi.yaml::relationshipLinks","internal_schema_ref",1
"jsonapi.yaml::relToOnePartyReadOnly","jsonapi.yaml::linkageParty","internal_schema_ref",1
"jsonapi.yaml::relToOneWithMetaReadOnly","jsonapi.yaml::relationshipLinks","internal_schema_ref",1
"jsonapi.yaml::relToOneWithMetaReadOnly","jsonapi.yaml::linkageWithMeta","internal_schema_ref",1
"jsonapi.yaml::relToOneReadOnly","jsonapi.yaml::relationshipLinks","internal_schema_ref",1
"jsonapi.yaml::relToOneReadOnly","jsonapi.yaml::relationshipToOne","internal_schema_ref",1
"jsonapi.yaml::relToOneNullable","jsonapi.yaml::relationshipLinks","internal_schema_ref",1
"jsonapi.yaml::relToOneNullable","jsonapi.yaml::relationshipToOne","internal_schema_ref",1
"jsonapi.yaml::relToMany","jsonapi.yaml::relationshipLinks","internal_schema_ref",1
"jsonapi.yaml::relToMany","jsonapi.yaml::relationshipToMany","internal_schema_ref",1
"jsonapi.yaml::relToMany","jsonapi.yaml::relToManyMeta","internal_schema_ref",1
"jsonapi.yaml::relToManyReadOnly","jsonapi.yaml::relationshipLinks","internal_schema_ref",1
"jsonapi.yaml::relToManyReadOnly","jsonapi.yaml::relationshipToMany","internal_schema_ref",1
"jsonapi.yaml::relToManyReadOnly","jsonapi.yaml::relToManyMeta","internal_schema_ref",1
"jsonapi.yaml::relToManyWithMeta","jsonapi.yaml::relationshipLinks","internal_schema_ref",1
"jsonapi.yaml::relToManyWithMeta","jsonapi.yaml::relationshipToManyWithMeta","internal_schema_ref",1
"jsonapi.yaml::relToManyWithMeta","jsonapi.yaml::relToManyMeta","internal_schema_ref",1
"jsonapi.yaml::relToManyParties","jsonapi.yaml::relationshipLinks","internal_schema_ref",1
"jsonapi.yaml::relToManyParties","jsonapi.yaml::relationshipToManyParties","internal_schema_ref",1
"jsonapi.yaml::relToManyParties","jsonapi.yaml::relToManyMeta","internal_schema_ref",1
"jsonapi.yaml::relToManyPartiesReadOnly","jsonapi.yaml::relationshipLinks","internal_schema_ref",1
"jsonapi.yaml::relToManyPartiesReadOnly","jsonapi.yaml::relationshipToManyParties","internal_schema_ref",1
"jsonapi.yaml::relToManyPartiesReadOnly","jsonapi.yaml::relToManyMeta","internal_schema_ref",1
"jsonapi.yaml::relToManyWithMetaReadOnly","jsonapi.yaml::relationshipLinks","internal_schema_ref",1
"jsonapi.yaml::relToManyWithMetaReadOnly","jsonapi.yaml::relationshipToManyWithMeta","internal_schema_ref",1
"jsonapi.yaml::relToManyWithMetaReadOnly","jsonapi.yaml::relToManyMeta","internal_schema_ref",1
"jsonapi.yaml::relToOneData","jsonapi.yaml::relationshipToOne","internal_schema_ref",1
"jsonapi.yaml::relToManyData","jsonapi.yaml::relationshipToMany","internal_schema_ref",1
"jsonapi.yaml::relToManyLink","jsonapi.yaml::relationshipLinks","internal_schema_ref",1
"jsonapi.yaml::relToManyLink","jsonapi.yaml::relToManyMeta","internal_schema_ref",1
"jsonapi.yaml::relationshipToMany","jsonapi.yaml::linkageOneToMany","internal_schema_ref",1
"jsonapi.yaml::relationshipToManyWithMeta","jsonapi.yaml::linkageToManyWithMeta","internal_schema_ref",1
"jsonapi.yaml::relationshipToManyParties","jsonapi.yaml::linkageToManyParties","internal_schema_ref",1
"jsonapi.yaml::empty","jsonapi.yaml::nulltype","internal_schema_ref",1
"jsonapi.yaml::linkageWithMeta","jsonapi.yaml::relationshipMeta","internal_schema_ref",1
"jsonapi.yaml::linkageToManyWithMeta","jsonapi.yaml::relationshipToManyMeta","internal_schema_ref",1
"jsonapi.yaml::linkageToManyParties","jsonapi.yaml::relationshipToManyPartiesMeta","internal_schema_ref",1
"jsonapi.yaml::linkageOneToMany","jsonapi.yaml::metaSeq","internal_schema_ref",1
"jsonapi.yaml::jsonapi","jsonapi.yaml::meta","internal_schema_ref",1
"jsonapi.yaml::apiError","jsonapi.yaml::apiErrorMeta","internal_schema_ref",1
"inventoryDoc.yaml::InventoryDocLineWithHeaderFilters","inventoryDoc.yaml::InventoryDocHeaderFilters","internal_schema_ref",1
"inventoryDoc.yaml::InventoryDocLineWithHeaderFilters","inventoryDoc.yaml::InventoryDocLineFilters","internal_schema_ref",1
"inventoryDoc.yaml::InventoryDocHeaderFilters","inventoryDoc.yaml::DocHeaderFilters","external_schema_ref",1
"inventoryDoc.yaml::InventoryDocHeaderAttributes","inventoryDoc.yaml::SimpleEntity","external_schema_ref",1
"inventoryDoc.yaml::InventoryDocHeaderAttributesWithDocHeader","inventoryDoc.yaml::InventoryDocHeaderAttributes","internal_schema_ref",1
"inventoryDoc.yaml::InventoryDocHeaderAttributesWithDocHeader","inventoryDoc.yaml::DocHeaderAttributes","external_schema_ref",1
"inventoryDoc.yaml::InventoryDocHeaderRelationships","inventoryDoc.yaml::relToOneReadOnly","external_schema_ref",1
"inventoryDoc.yaml::InventoryDocHeader","inventoryDoc.yaml::InventoryDocHeaderAttributesWithDocHeader","internal_schema_ref",1
"inventoryDoc.yaml::InventoryDocHeader","inventoryDoc.yaml::DocHeaderRelationships","external_schema_ref",1
"inventoryDoc.yaml::InventoryDocHeader","inventoryDoc.yaml::InventoryDocHeaderRelationships","internal_schema_ref",1
"inventoryDoc.yaml::InventoryDocHeaderResponse","inventoryDoc.yaml::InventoryDocHeader","internal_schema_ref",1
"inventoryDoc.yaml::InventoryDocHeaderResponse","inventoryDoc.yaml::InventoryDocHeaderIncluded","internal_schema_ref",1
"inventoryDoc.yaml::InventoryDocHeaderListResponse","inventoryDoc.yaml::InventoryDocHeader","internal_schema_ref",1
"inventoryDoc.yaml::InventoryDocHeaderListResponse","inventoryDoc.yaml::PaginationMeta","external_schema_ref",1
"inventoryDoc.yaml::InventoryDocHeaderListResponse","inventoryDoc.yaml::pagination","external_schema_ref",1
"inventoryDoc.yaml::InventoryDocHeaderListResponse","inventoryDoc.yaml::InventoryDocHeaderIncluded","internal_schema_ref",1
"inventoryDoc.yaml::InventoryDocLineRelationships","inventoryDoc.yaml::relToOneReadOnly","external_schema_ref",1
"inventoryDoc.yaml::InventoryDocLine","inventoryDoc.yaml::InventoryDocLineAttributes","internal_schema_ref",1
"inventoryDoc.yaml::InventoryDocLine","inventoryDoc.yaml::CommonInventoryDocLineRelationships","internal_schema_ref",1
"inventoryDoc.yaml::InventoryDocLine","inventoryDoc.yaml::InventoryDocLineRelationships","internal_schema_ref",1
"inventoryDoc.yaml::InventoryDocLineResponse","inventoryDoc.yaml::InventoryDocLine","internal_schema_ref",1
"inventoryDoc.yaml::InventoryDocLineResponse","inventoryDoc.yaml::InventoryDocLineIncluded","internal_schema_ref",1
"inventoryDoc.yaml::InventoryDocLineListResponse","inventoryDoc.yaml::InventoryDocLine","internal_schema_ref",1
"inventoryDoc.yaml::InventoryDocLineListResponse","inventoryDoc.yaml::InventoryDocLineIncluded","internal_schema_ref",1
"inventoryDoc.yaml::InventoryDocLineListResponse","inventoryDoc.yaml::PaginationMeta","external_schema_ref",1
"inventoryDoc.yaml::InventoryDocLineInstanceAttributes","inventoryDoc.yaml::CommonDocLineAttributes","external_schema_ref",1
"inventoryDoc.yaml::InventoryDocLineInstance","inventoryDoc.yaml::InventoryDocLineInstanceAttributes","internal_schema_ref",1
"inventoryDoc.yaml::InventoryDocLineInstance","inventoryDoc.yaml::CommonDocLineRelationships","external_schema_ref",1
"inventoryDoc.yaml::InventoryDocLineInstance","inventoryDoc.yaml::CommonInventoryDocLineRelationships","internal_schema_ref",1
"inventoryDoc.yaml::InventoryDocLineInstance","inventoryDoc.yaml::InventoryDocLineInstanceRelationships","internal_schema_ref",1
"inventoryDoc.yaml::InventoryDocLineInstanceListResponse","inventoryDoc.yaml::InventoryDocLineInstance","internal_schema_ref",1
"inventoryDoc.yaml::InventoryDocLineInstanceListResponse","inventoryDoc.yaml::PaginationMeta","external_schema_ref",1
"inventoryDoc.yaml::InventoryDocLineInstanceListResponse","inventoryDoc.yaml::pagination","external_schema_ref",1
"inventoryDoc.yaml::InventoryDocLineWithHeader","inventoryDoc.yaml::InventoryDocHeaderAttributesWithDocHeader","internal_schema_ref",1
"inventoryDoc.yaml::InventoryDocLineWithHeader","inventoryDoc.yaml::InventoryDocLineAttributes","internal_schema_ref",1
"inventoryDoc.yaml::InventoryDocLineWithHeader","inventoryDoc.yaml::DocHeaderRelationships","external_schema_ref",1
"inventoryDoc.yaml::InventoryDocLineWithHeader","inventoryDoc.yaml::InventoryDocHeaderRelationships","internal_schema_ref",1
"inventoryDoc.yaml::InventoryDocLineWithHeader","inventoryDoc.yaml::CommonDocLineRelationships","external_schema_ref",1
"inventoryDoc.yaml::InventoryDocLineWithHeader","inventoryDoc.yaml::InventoryDocLineRelationships","internal_schema_ref",1
"inventoryDoc.yaml::InventoryDocLineWithHeaderListResponse","inventoryDoc.yaml::InventoryDocLineWithHeader","internal_schema_ref",1
"inventoryDoc.yaml::InventoryDocLineWithHeaderListResponse","inventoryDoc.yaml::PaginationMeta","external_schema_ref",1
"inventoryDoc.yaml::InventoryDocLineWithHeaderListResponse","inventoryDoc.yaml::pagination","external_schema_ref",1
"inventoryDoc.yaml::InventoryDocLineWithHeaderListResponse","inventoryDoc.yaml::InventoryDocLineWithHeaderIncluded","internal_schema_ref",1
"inventoryDoc.yaml::GET /inventory-docs/headers/{headerId}","inventoryDoc.yaml::InventoryDocHeaderResponse","operation_internal_schema_ref",1
"inventoryDoc.yaml::GET /inventory-docs/headers","jsonapi.yaml::pageSize","operation_external_schema_ref",1
"inventoryDoc.yaml::GET /inventory-docs/headers","jsonapi.yaml::pageNumber","operation_external_schema_ref",1
"inventoryDoc.yaml::GET /inventory-docs/headers","jsonapi.yaml::sort","operation_external_schema_ref",1
"inventoryDoc.yaml::GET /inventory-docs/headers","jsonapi.yaml::include","operation_external_schema_ref",1
"inventoryDoc.yaml::GET /inventory-docs/headers","core.yaml::filterOrganizationRequired","operation_external_schema_ref",1
"inventoryDoc.yaml::GET /inventory-docs/headers","inventoryDoc.yaml::InventoryDocHeaderListResponse","operation_internal_schema_ref",1
"inventoryDoc.yaml::GET /inventory-docs/headers","jsonapi.yaml::failure","operation_external_schema_ref",1
"inventoryDoc.yaml::GET /inventory-docs/headers/{headerId}/lines","jsonapi.yaml::pageSize","operation_external_schema_ref",1
"inventoryDoc.yaml::GET /inventory-docs/headers/{headerId}/lines","jsonapi.yaml::pageNumber","operation_external_schema_ref",1
"inventoryDoc.yaml::GET /inventory-docs/headers/{headerId}/lines","jsonapi.yaml::sort","operation_external_schema_ref",1
"inventoryDoc.yaml::GET /inventory-docs/headers/{headerId}/lines","jsonapi.yaml::include","operation_external_schema_ref",1
"inventoryDoc.yaml::GET /inventory-docs/headers/{headerId}/lines","inventoryDoc.yaml::InventoryDocLineListResponse","operation_internal_schema_ref",1
"inventoryDoc.yaml::GET /inventory-docs/headers/{headerId}/lines","jsonapi.yaml::failure","operation_external_schema_ref",1
"inventoryDoc.yaml::GET /inventory-docs/headers/{headerId}/linked-docs","documents.yaml::DocHeaderLiteListResponse","operation_external_schema_ref",1
"inventoryDoc.yaml::GET /inventory-docs/headers/{headerId}/linked-docs","jsonapi.yaml::failure","operation_external_schema_ref",1
"inventoryDoc.yaml::GET /inventory-docs/lines","jsonapi.yaml::pageSize","operation_external_schema_ref",1
"inventoryDoc.yaml::GET /inventory-docs/lines","jsonapi.yaml::pageNumber","operation_external_schema_ref",1
"inventoryDoc.yaml::GET /inventory-docs/lines","jsonapi.yaml::sort","operation_external_schema_ref",1
"inventoryDoc.yaml::GET /inventory-docs/lines","jsonapi.yaml::include","operation_external_schema_ref",1
"inventoryDoc.yaml::GET /inventory-docs/lines","core.yaml::filterOrganizationRequired","operation_external_schema_ref",1
"inventoryDoc.yaml::GET /inventory-docs/lines","inventoryDoc.yaml::InventoryDocLineWithHeaderListResponse","operation_internal_schema_ref",1
"inventoryDoc.yaml::GET /inventory-docs/lines","jsonapi.yaml::failure","operation_external_schema_ref",1
"inventoryDoc.yaml::POST /inventory-docs/headers-export","jsonapi.yaml::pageSize","operation_external_schema_ref",1
"inventoryDoc.yaml::POST /inventory-docs/headers-export","jsonapi.yaml::pageNumber","operation_external_schema_ref",1
"inventoryDoc.yaml::POST /inventory-docs/headers-export","jsonapi.yaml::sort","operation_external_schema_ref",1
"inventoryDoc.yaml::POST /inventory-docs/headers-export","jsonapi.yaml::include","operation_external_schema_ref",1
"inventoryDoc.yaml::POST /inventory-docs/headers-export","core.yaml::utcOffset","operation_external_schema_ref",1
"inventoryDoc.yaml::POST /inventory-docs/headers-export","core.yaml::filterOrganizationRequired","operation_external_schema_ref",1
"inventoryDoc.yaml::POST /inventory-docs/headers-export","jsonapi.yaml::info","operation_external_schema_ref",1
"inventoryDoc.yaml::POST /inventory-docs/headers-export","jsonapi.yaml::failure","operation_external_schema_ref",1
"inventoryDoc.yaml::POST /inventory-docs/lines-export","jsonapi.yaml::pageSize","operation_external_schema_ref",1
"inventoryDoc.yaml::POST /inventory-docs/lines-export","jsonapi.yaml::pageNumber","operation_external_schema_ref",1
"inventoryDoc.yaml::POST /inventory-docs/lines-export","jsonapi.yaml::sort","operation_external_schema_ref",1
"inventoryDoc.yaml::POST /inventory-docs/lines-export","jsonapi.yaml::include","operation_external_schema_ref",1
"inventoryDoc.yaml::POST /inventory-docs/lines-export","core.yaml::utcOffset","operation_external_schema_ref",1
"inventoryDoc.yaml::POST /inventory-docs/lines-export","core.yaml::filterOrganizationRequired","operation_external_schema_ref",1
"inventoryDoc.yaml::POST /inventory-docs/lines-export","jsonapi.yaml::info","operation_external_schema_ref",1
"inventoryDoc.yaml::POST /inventory-docs/lines-export","jsonapi.yaml::failure","operation_external_schema_ref",1
"checkpoints.yaml::Checkpoint","checkpoints.yaml::CheckpointAttributes","internal_schema_ref",1
"checkpoints.yaml::CheckpointAttributes","checkpoints.yaml::CheckpointType","internal_schema_ref",1
"checkpoints.yaml::CheckpointAttributes","checkpoints.yaml::apiDateTime","external_schema_ref",1
"checkpoints.yaml::UpsertCheckpoint","checkpoints.yaml::CheckpointType","internal_schema_ref",1
"checkpoints.yaml::IdentificationUHFReading","checkpoints.yaml::IdentificationUHFReadingAttributes","internal_schema_ref",1
"checkpoints.yaml::IdentificationUHFReading","checkpoints.yaml::IdentificationUHFReadingRelationships","internal_schema_ref",1
"checkpoints.yaml::IdentificationUHFReadingAttributes","checkpoints.yaml::apiDateTime","external_schema_ref",1
"checkpoints.yaml::IdentificationUHFReadingAttributes","checkpoints.yaml::ProcessingStatus","external_schema_ref",1
"checkpoints.yaml::InIdRequest","checkpoints.yaml::InIdRequestAttributes","internal_schema_ref",1
"checkpoints.yaml::IdentificationUHFReadingListResponse","checkpoints.yaml::IdentificationUHFReading","internal_schema_ref",1
"checkpoints.yaml::IdentificationUHFReadingListResponse","checkpoints.yaml::IdentificationUHFReadingIncluded","internal_schema_ref",1
"checkpoints.yaml::CheckpointListResponse","checkpoints.yaml::Checkpoint","internal_schema_ref",1
"checkpoints.yaml::CheckpointListResponse","checkpoints.yaml::CheckpointIncluded","internal_schema_ref",1
"checkpoints.yaml::PowerResponse","checkpoints.yaml::Power","internal_schema_ref",1
"checkpoints.yaml::CheckpointIdentificationResponse","checkpoints.yaml::InIdRequest","internal_schema_ref",1
"checkpoints.yaml::IdentificationUHFReadingListRequest","checkpoints.yaml::IdentificationUHFReading","internal_schema_ref",1
"checkpoints.yaml::CheckpointRequest","checkpoints.yaml::UpsertCheckpoint","internal_schema_ref",1
"checkpoints.yaml::CheckpointResponse","checkpoints.yaml::Checkpoint","internal_schema_ref",1
"checkpoints.yaml::CheckpointResponse","checkpoints.yaml::CheckpointIncluded","internal_schema_ref",1
"checkpoints.yaml::GET /checkpoints","jsonapi.yaml::pageSize","operation_external_schema_ref",1
"checkpoints.yaml::GET /checkpoints","jsonapi.yaml::pageNumber","operation_external_schema_ref",1
"checkpoints.yaml::GET /checkpoints","jsonapi.yaml::sort","operation_external_schema_ref",1
"checkpoints.yaml::GET /checkpoints","jsonapi.yaml::include","operation_external_schema_ref",1
"checkpoints.yaml::GET /checkpoints","jsonapi.yaml::acceptLanguage","operation_external_schema_ref",1
"checkpoints.yaml::GET /checkpoints","checkpoints.yaml::CheckpointListResponse","operation_internal_schema_ref",1
"checkpoints.yaml::GET /checkpoints","jsonapi.yaml::failure","operation_external_schema_ref",1
"checkpoints.yaml::POST /checkpoints","checkpoints.yaml::CheckpointRequest","operation_internal_schema_ref",1
"checkpoints.yaml::POST /checkpoints","checkpoints.yaml::CheckpointResponse","operation_internal_schema_ref",1
"checkpoints.yaml::POST /checkpoints","jsonapi.yaml::failure","operation_external_schema_ref",1
"checkpoints.yaml::GET /checkpoints/{id}","checkpoints.yaml::CheckpointResponse","operation_internal_schema_ref",1
"checkpoints.yaml::PATCH /checkpoints/{id}","checkpoints.yaml::CheckpointRequest","operation_internal_schema_ref",1
"checkpoints.yaml::PATCH /checkpoints/{id}","checkpoints.yaml::CheckpointResponse","operation_internal_schema_ref",1
"checkpoints.yaml::PATCH /checkpoints/{id}","jsonapi.yaml::failure","operation_external_schema_ref",1
"checkpoints.yaml::DELETE /checkpoints/{id}","jsonapi.yaml::failure","operation_external_schema_ref",1
"checkpoints.yaml::GET /checkpoints/{id}/tag-associations","jsonapi.yaml::pageSize","operation_external_schema_ref",1
"checkpoints.yaml::GET /checkpoints/{id}/tag-associations","jsonapi.yaml::pageNumber","operation_external_schema_ref",1
"checkpoints.yaml::GET /checkpoints/{id}/tag-associations","jsonapi.yaml::sort","operation_external_schema_ref",1
"checkpoints.yaml::GET /checkpoints/{id}/tag-associations","jsonapi.yaml::include","operation_external_schema_ref",1
"checkpoints.yaml::GET /checkpoints/{id}/tag-associations","items.yaml::ListItemInstanceResponse","operation_external_schema_ref",1
"checkpoints.yaml::GET /checkpoints/{id}/tag-associations","jsonapi.yaml::failure","operation_external_schema_ref",1
"checkpoints.yaml::GET /checkpoints/{id}/power","checkpoints.yaml::PowerResponse","operation_internal_schema_ref",1
"checkpoints.yaml::GET /checkpoints/{id}/power","jsonapi.yaml::failure","operation_external_schema_ref",1
"checkpoints.yaml::POST /checkpoints/{id}/power","checkpoints.yaml::PowerResponse","operation_internal_schema_ref",1
"checkpoints.yaml::POST /checkpoints/{id}/power","jsonapi.yaml::failure","operation_external_schema_ref",1
"checkpoints.yaml::POST /checkpoints/{id}/readings","checkpoints.yaml::IdentificationUHFReadingListResponse","operation_internal_schema_ref",1
"checkpoints.yaml::POST /checkpoints/{id}/readings","jsonapi.yaml::failure","operation_external_schema_ref",1
"checkpoints.yaml::PATCH /checkpoints/{id}/readings","checkpoints.yaml::IdentificationUHFReadingListRequest","operation_internal_schema_ref",1
"checkpoints.yaml::PATCH /checkpoints/{id}/readings","checkpoints.yaml::IdentificationUHFReadingListResponse","operation_internal_schema_ref",1
"checkpoints.yaml::PATCH /checkpoints/{id}/readings","jsonapi.yaml::failure","operation_external_schema_ref",1
"checkpoints.yaml::DELETE /checkpoints/{id}/readings","jsonapi.yaml::failure","operation_external_schema_ref",1
"checkpoints.yaml::POST /checkpoint-identifications","checkpoints.yaml::CheckpointIdentificationResponse","operation_internal_schema_ref",1
"checkpoints.yaml::POST /checkpoint-identifications","jsonapi.yaml::failure","operation_external_schema_ref",1
"checkpoints.yaml::GET /checkpoint-identifications/{id}","checkpoints.yaml::CheckpointIdentificationResponse","operation_internal_schema_ref",1
"checkpoints.yaml::POST /checkpoints/{id}/doc-headers/{headerId}/inbound","warehouseDoc.yaml::WarehouseDocHeaderInboundResponse","operation_external_schema_ref",1
"checkpoints.yaml::POST /checkpoints/{id}/doc-headers/{headerId}/inbound","jsonapi.yaml::failure","operation_external_schema_ref",1
"plants.yaml::Plant","plants.yaml::Address","external_schema_ref",1
"plants.yaml::Plant","plants.yaml::relToOne","external_schema_ref",1
"plants.yaml::PlantIncluded","plants.yaml::Organization","external_schema_ref",1
"plants.yaml::PlantResponse","plants.yaml::Plant","internal_schema_ref",1
"plants.yaml::PlantResponse","plants.yaml::PlantIncluded","internal_schema_ref",1
"plants.yaml::PlantListResponse","plants.yaml::Plant","internal_schema_ref",1
"plants.yaml::PlantListResponse","plants.yaml::PaginationMeta","external_schema_ref",1
"plants.yaml::PlantListResponse","plants.yaml::pagination","external_schema_ref",1
"plants.yaml::PlantListResponse","plants.yaml::PlantIncluded","internal_schema_ref",1
"plants.yaml::PlantDetail","plants.yaml::PlantDetailAttributes","internal_schema_ref",1
"plants.yaml::PlantDetail","plants.yaml::PlantDetailRelationships","internal_schema_ref",1
"plants.yaml::PlantDetailsResponse","plants.yaml::PlantDetail","internal_schema_ref",1
"plants.yaml::PlantDetailsResponse","plants.yaml::PaginationMeta","external_schema_ref",1
"plants.yaml::PlantDetailsResponse","plants.yaml::pagination","external_schema_ref",1
"plants.yaml::PlantDetailsResponse","plants.yaml::PlantDetailIncluded","internal_schema_ref",1
"plants.yaml::GET /plants","jsonapi.yaml::pageSize","operation_external_schema_ref",1
"plants.yaml::GET /plants","jsonapi.yaml::pageNumber","operation_external_schema_ref",1
"plants.yaml::GET /plants","jsonapi.yaml::sort","operation_external_schema_ref",1
"plants.yaml::GET /plants","jsonapi.yaml::include","operation_external_schema_ref",1
"plants.yaml::GET /plants","jsonapi.yaml::acceptLanguage","operation_external_schema_ref",1
"plants.yaml::GET /plants","core.yaml::filterOrganizationRequired","operation_external_schema_ref",1
"plants.yaml::GET /plants","plants.yaml::PlantListResponse","operation_internal_schema_ref",1
"plants.yaml::GET /plants","jsonapi.yaml::failure","operation_external_schema_ref",1
"plants.yaml::GET /plants/{id}","jsonapi.yaml::id","operation_external_schema_ref",1
"plants.yaml::GET /plants/{id}","jsonapi.yaml::acceptLanguage","operation_external_schema_ref",1
"plants.yaml::GET /plants/{id}","plants.yaml::PlantResponse","operation_internal_schema_ref",1
"plants.yaml::GET /plants/{id}/details","jsonapi.yaml::id","operation_external_schema_ref",1
"plants.yaml::GET /plants/{id}/details","jsonapi.yaml::pageSize","operation_external_schema_ref",1
"plants.yaml::GET /plants/{id}/details","jsonapi.yaml::pageNumber","operation_external_schema_ref",1
"plants.yaml::GET /plants/{id}/details","jsonapi.yaml::sort","operation_external_schema_ref",1
"plants.yaml::GET /plants/{id}/details","jsonapi.yaml::include","operation_external_schema_ref",1
"plants.yaml::GET /plants/{id}/details","jsonapi.yaml::acceptLanguage","operation_external_schema_ref",1
"plants.yaml::GET /plants/{id}/details","plants.yaml::PlantDetailsResponse","operation_internal_schema_ref",1
"businessHours.yaml::DaySchedule","businessHours.yaml::TimeSlot","internal_schema_ref",1
"businessHours.yaml::BusinessHours","businessHours.yaml::WeeklyTimeSlot","internal_schema_ref",1
"businessHours.yaml::BusinessHoursResponse","businessHours.yaml::BusinessHours","internal_schema_ref",1
"businessHours.yaml::GET /parties/{id}/business-hours","businessHours.yaml::BusinessHoursResponse","operation_internal_schema_ref",1
"businessHours.yaml::GET /parties/{id}/business-hours","jsonapi.yaml::failure","operation_external_schema_ref",1
"authWorkflows.yaml::AuthorizationBodyResponse","authWorkflows.yaml::AuthorizationBody","internal_schema_ref",1
"authWorkflows.yaml::AuthorizationBodyListResponse","authWorkflows.yaml::AuthorizationBody","internal_schema_ref",1
"authWorkflows.yaml::AuthorizationActionListResponse","authWorkflows.yaml::AuthorizationAction","internal_schema_ref",1
"authWorkflows.yaml::AuthorizationActionListResponse","authWorkflows.yaml::PaginationMeta","external_schema_ref",1
"authWorkflows.yaml::AuthorizationActionListResponse","authWorkflows.yaml::pagination","external_schema_ref",1
"authWorkflows.yaml::EntityAuthorizationWorkflowStep","authWorkflows.yaml::apiTime","external_schema_ref",1
"authWorkflows.yaml::EntityAuthorizationWorkflowStep","authWorkflows.yaml::relToOne","external_schema_ref",1
"authWorkflows.yaml::EntityAuthorizationWorkflowStep","authWorkflows.yaml::relToManyWithMeta","external_schema_ref",1
"authWorkflows.yaml::EntityAuthorizationWorkflowStep","authWorkflows.yaml::relToOneWithMeta","external_schema_ref",1
"authWorkflows.yaml::EntityAuthorizationWorkflowStepResponse","authWorkflows.yaml::EntityAuthorizationWorkflowStep","internal_schema_ref",1
"authWorkflows.yaml::EntityAuthorizationWorkflowStepResponse","authWorkflows.yaml::EntityAuthorizationWorkflowStepIncluded","internal_schema_ref",1
"authWorkflows.yaml::EntityAuthorizationWorkflowStepListResponse","authWorkflows.yaml::EntityAuthorizationWorkflowStep","internal_schema_ref",1
"authWorkflows.yaml::EntityAuthorizationWorkflowStepListResponse","authWorkflows.yaml::PaginationMeta","external_schema_ref",1
"authWorkflows.yaml::EntityAuthorizationWorkflowStepListResponse","authWorkflows.yaml::pagination","external_schema_ref",1
"authWorkflows.yaml::EntityAuthorizationWorkflowStepListResponse","authWorkflows.yaml::EntityAuthorizationWorkflowStepIncluded","internal_schema_ref",1
"authWorkflows.yaml::AuthorizationWorkflowListResponse","authWorkflows.yaml::AuthorizationWorkflow","internal_schema_ref",1
"authWorkflows.yaml::AuthorizationWorkflowListResponse","authWorkflows.yaml::PaginationMeta","external_schema_ref",1
"authWorkflows.yaml::AuthorizationWorkflowListResponse","authWorkflows.yaml::pagination","external_schema_ref",1
"authWorkflows.yaml::AuthorizationWorkflowListResponse","authWorkflows.yaml::AuthorizationWorkflowIncluded","internal_schema_ref",1
"authWorkflows.yaml::AuthorizationWorkflowStep","authWorkflows.yaml::SimpleEntity","external_schema_ref",1
"authWorkflows.yaml::AuthorizationWorkflowStep","authWorkflows.yaml::apiTime","external_schema_ref",1
"authWorkflows.yaml::AuthorizationWorkflowStepListResponse","authWorkflows.yaml::AuthorizationWorkflowStep","internal_schema_ref",1
"authWorkflows.yaml::AuthorizationWorkflowStepListResponse","authWorkflows.yaml::PaginationMeta","external_schema_ref",1
"authWorkflows.yaml::AuthorizationWorkflowStepListResponse","authWorkflows.yaml::pagination","external_schema_ref",1
"authWorkflows.yaml::AuthorizationWorkflowStepListResponse","authWorkflows.yaml::AuthorizationWorkflowStepIncluded","internal_schema_ref",1
"authWorkflows.yaml::GET /auth-workflows","jsonapi.yaml::pageSize","operation_external_schema_ref",1
"authWorkflows.yaml::GET /auth-workflows","jsonapi.yaml::pageNumber","operation_external_schema_ref",1
"authWorkflows.yaml::GET /auth-workflows","jsonapi.yaml::sort","operation_external_schema_ref",1
"authWorkflows.yaml::GET /auth-workflows","jsonapi.yaml::include","operation_external_schema_ref",1
"authWorkflows.yaml::GET /auth-workflows","core.yaml::filterOrganizationRequired","operation_external_schema_ref",1
"authWorkflows.yaml::GET /auth-workflows","jsonapi.yaml::acceptLanguage","operation_external_schema_ref",1
"authWorkflows.yaml::GET /auth-workflows","authWorkflows.yaml::AuthorizationWorkflowListResponse","operation_internal_schema_ref",1
"authWorkflows.yaml::GET /auth-workflows","jsonapi.yaml::failure","operation_external_schema_ref",1
"authWorkflows.yaml::GET /auth-workflows/auth-bodies","jsonapi.yaml::acceptLanguage","operation_external_schema_ref",1
"authWorkflows.yaml::GET /auth-workflows/auth-bodies","authWorkflows.yaml::AuthorizationBodyListResponse","operation_internal_schema_ref",1
"authWorkflows.yaml::GET /auth-workflows/auth-bodies","jsonapi.yaml::failure","operation_external_schema_ref",1
"authWorkflows.yaml::GET /auth-workflows/auth-bodies/{bodyId}","authWorkflows.yaml::AuthorizationBodyResponse","operation_internal_schema_ref",1
"authWorkflows.yaml::GET /auth-workflows/auth-steps","jsonapi.yaml::pageSize","operation_external_schema_ref",1
"authWorkflows.yaml::GET /auth-workflows/auth-steps","jsonapi.yaml::pageNumber","operation_external_schema_ref",1
"authWorkflows.yaml::GET /auth-workflows/auth-steps","jsonapi.yaml::sort","operation_external_schema_ref",1
"authWorkflows.yaml::GET /auth-workflows/auth-steps","jsonapi.yaml::include","operation_external_schema_ref",1
"authWorkflows.yaml::GET /auth-workflows/auth-steps","jsonapi.yaml::acceptLanguage","operation_external_schema_ref",1
"authWorkflows.yaml::GET /auth-workflows/auth-steps","authWorkflows.yaml::AuthorizationWorkflowStepListResponse","operation_internal_schema_ref",1
"authWorkflows.yaml::GET /auth-workflows/auth-steps","jsonapi.yaml::failure","operation_external_schema_ref",1
"authWorkflows.yaml::GET /auth-workflows/actions","jsonapi.yaml::pageSize","operation_external_schema_ref",1
"authWorkflows.yaml::GET /auth-workflows/actions","jsonapi.yaml::pageNumber","operation_external_schema_ref",1
"authWorkflows.yaml::GET /auth-workflows/actions","jsonapi.yaml::sort","operation_external_schema_ref",1
"authWorkflows.yaml::GET /auth-workflows/actions","core.yaml::filterOrganizationRequired","operation_external_schema_ref",1
"authWorkflows.yaml::GET /auth-workflows/actions","jsonapi.yaml::acceptLanguage","operation_external_schema_ref",1
"authWorkflows.yaml::GET /auth-workflows/actions","authWorkflows.yaml::AuthorizationActionListResponse","operation_internal_schema_ref",1
"authWorkflows.yaml::GET /auth-workflows/actions","jsonapi.yaml::failure","operation_external_schema_ref",1
"authWorkflows.yaml::GET /auth-workflows/steps","core.yaml::filterOrganizationRequired","operation_external_schema_ref",1
"authWorkflows.yaml::GET /auth-workflows/steps","jsonapi.yaml::include","operation_external_schema_ref",1
"authWorkflows.yaml::GET /auth-workflows/steps","jsonapi.yaml::acceptLanguage","operation_external_schema_ref",1
"authWorkflows.yaml::GET /auth-workflows/steps","authWorkflows.yaml::EntityAuthorizationWorkflowStepListResponse","operation_internal_schema_ref",1
"authWorkflows.yaml::GET /auth-workflows/steps","jsonapi.yaml::failure","operation_external_schema_ref",1
"authWorkflows.yaml::POST /auth-workflows/steps","jsonapi.yaml::acceptLanguage","operation_external_schema_ref",1
"authWorkflows.yaml::POST /auth-workflows/steps","authWorkflows.yaml::EntityAuthorizationWorkflowStepListResponse","operation_internal_schema_ref",1
"authWorkflows.yaml::POST /auth-workflows/steps","jsonapi.yaml::failure","operation_external_schema_ref",1
"authWorkflows.yaml::GET /auth-workflows/steps/{stepId}","authWorkflows.yaml::EntityAuthorizationWorkflowStepResponse","operation_internal_schema_ref",1
"cashDepositDoc.yaml::CashDepositDocHeaderAttributes","cashDepositDoc.yaml::apiDateTime","external_schema_ref",1
"cashDepositDoc.yaml::CashDepositDocHeaderAttributes","cashDepositDoc.yaml::CashDepositStatusId","internal_schema_ref",1
"cashDepositDoc.yaml::CashDepositDocHeaderAttributes","cashDepositDoc.yaml::SimpleEntity","external_schema_ref",1
"cashDepositDoc.yaml::CashDepositDocHeaderAttributesWithDocHeader","cashDepositDoc.yaml::CashDepositDocHeaderAttributes","internal_schema_ref",1
"cashDepositDoc.yaml::CashDepositDocHeaderAttributesWithDocHeader","cashDepositDoc.yaml::DocHeaderAttributes","external_schema_ref",1
"cashDepositDoc.yaml::CashDepositDocHeader","cashDepositDoc.yaml::CashDepositDocHeaderAttributesWithDocHeader","internal_schema_ref",1
"cashDepositDoc.yaml::CashDepositDocHeader","cashDepositDoc.yaml::DocHeaderRelationships","external_schema_ref",1
"cashDepositDoc.yaml::CashDepositDocHeader","cashDepositDoc.yaml::CashDepositDocHeaderRelationships","internal_schema_ref",1
"cashDepositDoc.yaml::CashDepositDocHeaderResponse","cashDepositDoc.yaml::CashDepositDocHeader","internal_schema_ref",1
"cashDepositDoc.yaml::CashDepositDocHeaderResponse","cashDepositDoc.yaml::CashDepositDocHeaderIncluded","internal_schema_ref",1
"cashDepositDoc.yaml::CashDepositDocHeaderListResponse","cashDepositDoc.yaml::CashDepositDocHeader","internal_schema_ref",1
"cashDepositDoc.yaml::CashDepositDocHeaderListResponse","cashDepositDoc.yaml::PaginationMeta","external_schema_ref",1
"cashDepositDoc.yaml::CashDepositDocHeaderListResponse","cashDepositDoc.yaml::pagination","external_schema_ref",1
"cashDepositDoc.yaml::CashDepositDocHeaderListResponse","cashDepositDoc.yaml::CashDepositDocHeaderIncluded","internal_schema_ref",1
"cashDepositDoc.yaml::CashDepositDocPaymentMethod","cashDepositDoc.yaml::SimpleEntity","external_schema_ref",1
"cashDepositDoc.yaml::CashDepositDocPaymentMethod","cashDepositDoc.yaml::apiDate","external_schema_ref",1
"cashDepositDoc.yaml::CashDepositDocPaymentMethod","cashDepositDoc.yaml::relToOneWithMeta","external_schema_ref",1
"cashDepositDoc.yaml::CashDepositDocPaymentMethod","cashDepositDoc.yaml::relToOne","external_schema_ref",1
"cashDepositDoc.yaml::CashDepositDocPaymentMethodListResponse","cashDepositDoc.yaml::CashDepositDocPaymentMethod","internal_schema_ref",1
"cashDepositDoc.yaml::CashDepositDocPaymentMethodListResponse","cashDepositDoc.yaml::pagination","external_schema_ref",1
"cashDepositDoc.yaml::CashDepositDocPaymentMethodListResponse","cashDepositDoc.yaml::CashDepositDocPaymentMethodIncluded","internal_schema_ref",1
"cashDepositDoc.yaml::CollectedPaymentsByPaymentMethodAttributes","cashDepositDoc.yaml::SimpleEntity","external_schema_ref",1
"cashDepositDoc.yaml::CollectedPaymentsByPaymentMethod","cashDepositDoc.yaml::CollectedPaymentsByPaymentMethodAttributes","internal_schema_ref",1
"cashDepositDoc.yaml::CashDepositCollectionDoc","cashDepositDoc.yaml::CollectedPaymentsByPaymentMethod","internal_schema_ref",1
"cashDepositDoc.yaml::CashDepositDocCollectionListResponse","cashDepositDoc.yaml::CashDepositCollectionDoc","internal_schema_ref",1
"cashDepositDoc.yaml::CashDepositDocCollectionListResponse","cashDepositDoc.yaml::CollectedPaymentsByPaymentMethodAttributes","internal_schema_ref",1
"cashDepositDoc.yaml::CashDepositDocCollectionListResponse","cashDepositDoc.yaml::pagination","external_schema_ref",1
"cashDepositDoc.yaml::CashDepositDocCollectionListResponse","cashDepositDoc.yaml::CashDepositCollectionDocIncluded","internal_schema_ref",1
"cashDepositDoc.yaml::GET /cash-deposit-docs/headers","jsonapi.yaml::pageSize","operation_external_schema_ref",1
"cashDepositDoc.yaml::GET /cash-deposit-docs/headers","jsonapi.yaml::pageNumber","operation_external_schema_ref",1
"cashDepositDoc.yaml::GET /cash-deposit-docs/headers","jsonapi.yaml::sort","operation_external_schema_ref",1
"cashDepositDoc.yaml::GET /cash-deposit-docs/headers","jsonapi.yaml::include","operation_external_schema_ref",1
"cashDepositDoc.yaml::GET /cash-deposit-docs/headers","core.yaml::filterOrganizationRequired","operation_external_schema_ref",1
"cashDepositDoc.yaml::GET /cash-deposit-docs/headers","jsonapi.yaml::acceptLanguage","operation_external_schema_ref",1
"cashDepositDoc.yaml::GET /cash-deposit-docs/headers","cashDepositDoc.yaml::CashDepositDocHeaderListResponse","operation_internal_schema_ref",1
"cashDepositDoc.yaml::GET /cash-deposit-docs/headers","jsonapi.yaml::failure","operation_external_schema_ref",1
"cashDepositDoc.yaml::POST /cash-deposit-docs/payments","jsonapi.yaml::sort","operation_external_schema_ref",1
"cashDepositDoc.yaml::POST /cash-deposit-docs/payments","jsonapi.yaml::include","operation_external_schema_ref",1
"cashDepositDoc.yaml::POST /cash-deposit-docs/payments","core.yaml::filterOrganizationRequired","operation_external_schema_ref",1
"cashDepositDoc.yaml::POST /cash-deposit-docs/payments","core.yaml::utcOffset","operation_external_schema_ref",1
"cashDepositDoc.yaml::POST /cash-deposit-docs/payments","jsonapi.yaml::acceptLanguage","operation_external_schema_ref",1
"cashDepositDoc.yaml::POST /cash-deposit-docs/payments","jsonapi.yaml::info","operation_external_schema_ref",1
"cashDepositDoc.yaml::POST /cash-deposit-docs/payments","jsonapi.yaml::failure","operation_external_schema_ref",1
"cashDepositDoc.yaml::GET /cash-deposit-docs/headers/{id}","cashDepositDoc.yaml::CashDepositDocHeaderResponse","operation_internal_schema_ref",1
"cashDepositDoc.yaml::GET /cash-deposit-docs/headers/{id}/payments","jsonapi.yaml::pageSize","operation_external_schema_ref",1
"cashDepositDoc.yaml::GET /cash-deposit-docs/headers/{id}/payments","jsonapi.yaml::pageNumber","operation_external_schema_ref",1
"cashDepositDoc.yaml::GET /cash-deposit-docs/headers/{id}/payments","jsonapi.yaml::sort","operation_external_schema_ref",1
"cashDepositDoc.yaml::GET /cash-deposit-docs/headers/{id}/payments","jsonapi.yaml::include","operation_external_schema_ref",1
"cashDepositDoc.yaml::GET /cash-deposit-docs/headers/{id}/payments","cashDepositDoc.yaml::CashDepositDocPaymentMethodListResponse","operation_internal_schema_ref",1
"cashDepositDoc.yaml::GET /cash-deposit-docs/headers/{id}/payments","jsonapi.yaml::failure","operation_external_schema_ref",1
"cashDepositDoc.yaml::GET /cash-deposit-docs/headers/{id}/collections","jsonapi.yaml::pageSize","operation_external_schema_ref",1
"cashDepositDoc.yaml::GET /cash-deposit-docs/headers/{id}/collections","jsonapi.yaml::pageNumber","operation_external_schema_ref",1
"cashDepositDoc.yaml::GET /cash-deposit-docs/headers/{id}/collections","jsonapi.yaml::sort","operation_external_schema_ref",1
"cashDepositDoc.yaml::GET /cash-deposit-docs/headers/{id}/collections","jsonapi.yaml::include","operation_external_schema_ref",1
"cashDepositDoc.yaml::GET /cash-deposit-docs/headers/{id}/collections","cashDepositDoc.yaml::CashDepositDocCollectionListResponse","operation_internal_schema_ref",1
"cashDepositDoc.yaml::GET /cash-deposit-docs/headers/{id}/collections","jsonapi.yaml::failure","operation_external_schema_ref",1
"cashDepositDoc.yaml::GET /cash-deposit-docs/kpis","core.yaml::KPIEntityListResponse","operation_external_schema_ref",1
"cashDepositDoc.yaml::GET /cash-deposit-docs/kpis","jsonapi.yaml::failure","operation_external_schema_ref",1
"cashDepositDoc.yaml::GET /cash-deposit-docs/kpis/{kpiId}","core.yaml::KPIEntityResponse","operation_external_schema_ref",1
"cashDepositDoc.yaml::GET /cash-deposit-docs/kpis/{kpiId}","jsonapi.yaml::failure","operation_external_schema_ref",1
"entityAttributes.yaml::EntityAttributeAttributes","entityAttributes.yaml::EntityAttributeDataType","internal_schema_ref",1
"entityAttributes.yaml::EntityAttributeAttributes","entityAttributes.yaml::ConstraintDefinition","internal_schema_ref",1
"entityAttributes.yaml::EntityAttributeAttributes","entityAttributes.yaml::ItemSubscriptionService","external_schema_ref",1
"entityAttributes.yaml::EntityAttribute","entityAttributes.yaml::EntityAttributeAttributes","internal_schema_ref",1
"entityAttributes.yaml::EntityAttributeListResponse","entityAttributes.yaml::EntityAttribute","internal_schema_ref",1
"entityAttributes.yaml::EntityAttributeListResponse","entityAttributes.yaml::PaginationMeta","external_schema_ref",1
"entityAttributes.yaml::EntityAttributeListResponse","entityAttributes.yaml::pagination","external_schema_ref",1
"entityAttributes.yaml::SheetEntityAttributeValueIncluded","entityAttributes.yaml::SheetEntityAttribute","internal_schema_ref",1
"entityAttributes.yaml::SheetEntityAttributeValueRequest","entityAttributes.yaml::SheetEntityAttributeValue","internal_schema_ref",1
"entityAttributes.yaml::SheetEntityAttributeValueResponse","entityAttributes.yaml::SheetEntityAttributeValue","internal_schema_ref",1
"entityAttributes.yaml::SheetEntityAttributeValueResponse","entityAttributes.yaml::SheetEntityAttributeValueIncluded","internal_schema_ref",1
"entityAttributes.yaml::SheetEntityAttributeDefinition","entityAttributes.yaml::EntityAttributeAttributes","internal_schema_ref",1
"entityAttributes.yaml::SheetEntityAttributeDefinition","entityAttributes.yaml::SheetEntityAttributeAttributes","internal_schema_ref",1
"entityAttributes.yaml::SheetEntityAttribute","entityAttributes.yaml::SheetEntityAttributeDefinition","internal_schema_ref",1
"entityAttributes.yaml::SheetEntityAttribute","entityAttributes.yaml::relToOne","external_schema_ref",1
"entityAttributes.yaml::SheetEntityAttributeValue","entityAttributes.yaml::relToOne","external_schema_ref",1
"entityAttributes.yaml::SheetExEntityAttributeValue","entityAttributes.yaml::EntityAttributeValueTranslations","internal_schema_ref",1
"entityAttributes.yaml::SheetExEntityAttributeValue","entityAttributes.yaml::SheetEntityAttributeDefinition","internal_schema_ref",1
"entityAttributes.yaml::SheetEx","entityAttributes.yaml::isDraft","external_schema_ref",1
"entityAttributes.yaml::SheetEx","entityAttributes.yaml::lastChangeTs","external_schema_ref",1
"entityAttributes.yaml::SheetEx","entityAttributes.yaml::SheetExEntityAttributeValue","internal_schema_ref",1
"entityAttributes.yaml::SheetEx","entityAttributes.yaml::relToMany","external_schema_ref",1
"entityAttributes.yaml::SheetExResponse","entityAttributes.yaml::SheetEx","internal_schema_ref",1
"entityAttributes.yaml::SheetExResponse","entityAttributes.yaml::SheetExIncluded","internal_schema_ref",1
"entityAttributes.yaml::SheetExListResponse","entityAttributes.yaml::SheetEx","internal_schema_ref",1
"entityAttributes.yaml::SheetExListResponse","entityAttributes.yaml::PaginationMeta","external_schema_ref",1
"entityAttributes.yaml::SheetExListResponse","entityAttributes.yaml::pagination","external_schema_ref",1
"entityAttributes.yaml::SheetExListResponse","entityAttributes.yaml::SheetExIncluded","internal_schema_ref",1
"entityAttributes.yaml::EntitySheet","entityAttributes.yaml::isDraft","external_schema_ref",1
"entityAttributes.yaml::EntitySheet","entityAttributes.yaml::lastChangeTs","external_schema_ref",1
"entityAttributes.yaml::EntitySheet","entityAttributes.yaml::SheetEntityAttribute","internal_schema_ref",1
"entityAttributes.yaml::EntitySheetResponse","entityAttributes.yaml::EntitySheet","internal_schema_ref",1
"entityAttributes.yaml::EntitySheetListResponse","entityAttributes.yaml::EntitySheet","internal_schema_ref",1
"entityAttributes.yaml::EntitySheetListResponse","entityAttributes.yaml::PaginationMeta","external_schema_ref",1
"entityAttributes.yaml::EntitySheetListResponse","entityAttributes.yaml::pagination","external_schema_ref",1
"entityAttributes.yaml::EntityAttributeValue","entityAttributes.yaml::EntityAttributeDataType","external_schema_ref",1
"entityAttributes.yaml::EntityAttributeValue","entityAttributes.yaml::EntityAttributeValueTranslations","external_schema_ref",1
"entityAttributes.yaml::EntityAttributeOptions","entityAttributes.yaml::relToOne","external_schema_ref",1
"entityAttributes.yaml::EntityAttributeOptionsListResponse","entityAttributes.yaml::EntityAttributeOptions","internal_schema_ref",1
"entityAttributes.yaml::EntityAttributeOptionsListResponse","entityAttributes.yaml::PaginationMeta","external_schema_ref",1
"entityAttributes.yaml::EntityAttributeOptionsListResponse","entityAttributes.yaml::pagination","external_schema_ref",1
"entityAttributes.yaml::EligibleEntityAttributeDefinition","entityAttributes.yaml::EntityAttributeDataType","internal_schema_ref",1
"entityAttributes.yaml::ListEligibleEntityAttributeDefinitionResponse","entityAttributes.yaml::EligibleEntityAttributeDefinition","internal_schema_ref",1
"entityAttributes.yaml::ListEligibleEntityAttributeDefinitionResponse","entityAttributes.yaml::PaginationMeta","external_schema_ref",1
"entityAttributes.yaml::ListEligibleEntityAttributeDefinitionResponse","entityAttributes.yaml::pagination","external_schema_ref",1
"entityAttributes.yaml::ListSheetEntityAttributeResponse","entityAttributes.yaml::SheetEntityAttribute","internal_schema_ref",1
"entityAttributes.yaml::ListSheetEntityAttributeResponse","entityAttributes.yaml::PaginationMeta","external_schema_ref",1
"entityAttributes.yaml::ListSheetEntityAttributeResponse","entityAttributes.yaml::pagination","external_schema_ref",1
"entityAttributes.yaml::SheetEntityAttributeResponse","entityAttributes.yaml::SheetEntityAttribute","internal_schema_ref",1
"entityAttributes.yaml::EntityAttributeCreationData","entityAttributes.yaml::EntityAttributeDataType","internal_schema_ref",1
"entityAttributes.yaml::CreateEntityAttributeRequest","entityAttributes.yaml::EntityAttributeCreationData","internal_schema_ref",1
"entityAttributes.yaml::EntityAttributeResponse","entityAttributes.yaml::EntityAttribute","internal_schema_ref",1
"entityAttributes.yaml::UpdateEntityAttributeForSheetRequest","entityAttributes.yaml::UpdateEntityAttributeForSheetData","internal_schema_ref",1
"entityAttributes.yaml::CreateSheetRequest","entityAttributes.yaml::CreateSheetData","internal_schema_ref",1
"entityAttributes.yaml::UpdateSheetRequest","entityAttributes.yaml::UpdateSheetData","internal_schema_ref",1
"entityAttributes.yaml::Sheet","entityAttributes.yaml::lastChangeTs","external_schema_ref",1
"entityAttributes.yaml::Sheet","entityAttributes.yaml::ProcessingStatus","external_schema_ref",1
"entityAttributes.yaml::Sheet","entityAttributes.yaml::relToManyWithMeta","external_schema_ref",1
"entityAttributes.yaml::Sheet","entityAttributes.yaml::relationshipLinks","external_schema_ref",1
"entityAttributes.yaml::Sheet","entityAttributes.yaml::relationshipToManyMeta","external_schema_ref",1
"entityAttributes.yaml::Sheet","entityAttributes.yaml::relToManyMeta","external_schema_ref",1
"entityAttributes.yaml::SheetResponse","entityAttributes.yaml::Sheet","internal_schema_ref",1
"entityAttributes.yaml::SheetResponse","entityAttributes.yaml::SheetIncluded","internal_schema_ref",1
"entityAttributes.yaml::SheetListResponse","entityAttributes.yaml::Sheet","internal_schema_ref",1
"entityAttributes.yaml::SheetListResponse","entityAttributes.yaml::PaginationMeta","external_schema_ref",1
"entityAttributes.yaml::SheetListResponse","entityAttributes.yaml::pagination","external_schema_ref",1
"entityAttributes.yaml::SheetListResponse","entityAttributes.yaml::SheetIncluded","internal_schema_ref",1
"entityAttributes.yaml::MinimalSurveyDocSection","entityAttributes.yaml::relToOne","external_schema_ref",1
"entityAttributes.yaml::ListMinimalSurveyDocSectionResponse","entityAttributes.yaml::MinimalSurveyDocSection","internal_schema_ref",1
"entityAttributes.yaml::ListMinimalSurveyDocSectionResponse","entityAttributes.yaml::PaginationMeta","external_schema_ref",1
"entityAttributes.yaml::ListMinimalSurveyDocSectionResponse","entityAttributes.yaml::SurveyDocTemplate","external_schema_ref",1
"entityAttributes.yaml::ListMinimalSurveyDocSectionResponse","entityAttributes.yaml::pagination","external_schema_ref",1
"entityAttributes.yaml::GET /entities/{entityName}/{entityObjectId}/sheets","core.yaml::filterOrganizationRequired","operation_external_schema_ref",1
"entityAttributes.yaml::GET /entities/{entityName}/{entityObjectId}/sheets","entityAttributes.yaml::SheetExListResponse","operation_internal_schema_ref",1
"entityAttributes.yaml::GET /entities/{entityName}/sheets","core.yaml::filterOrganizationRequired","operation_external_schema_ref",1
"entityAttributes.yaml::GET /entities/{entityName}/sheets","entityAttributes.yaml::appIdFilter","operation_external_schema_ref",1
"entityAttributes.yaml::GET /entities/{entityName}/sheets","jsonapi.yaml::acceptLanguage","operation_external_schema_ref",1
"entityAttributes.yaml::GET /entities/{entityName}/sheets","entityAttributes.yaml::EntitySheetListResponse","operation_internal_schema_ref",1
"entityAttributes.yaml::GET /entities/{entityName}/sheets/{id}","core.yaml::filterOrganizationRequired","operation_external_schema_ref",1
"entityAttributes.yaml::GET /entities/{entityName}/sheets/{id}","entityAttributes.yaml::appIdFilter","operation_external_schema_ref",1
"entityAttributes.yaml::GET /entities/{entityName}/sheets/{id}","jsonapi.yaml::acceptLanguage","operation_external_schema_ref",1
"entityAttributes.yaml::GET /entities/{entityName}/sheets/{id}","entityAttributes.yaml::EntitySheetResponse","operation_internal_schema_ref",1
"entityAttributes.yaml::GET /entities/{entityName}/{entityObjectId}/sheets/{id}","entityAttributes.yaml::SheetExResponse","operation_internal_schema_ref",1
"entityAttributes.yaml::GET /entities/{entityName}/{entityObjectId}/sheet-attributes/{id}","entityAttributes.yaml::SheetEntityAttributeValueResponse","operation_internal_schema_ref",1
"entityAttributes.yaml::POST /entities/{entityName}/{entityObjectId}/sheet-attributes/{id}","entityAttributes.yaml::SheetEntityAttributeValueRequest","operation_internal_schema_ref",1
"entityAttributes.yaml::POST /entities/{entityName}/{entityObjectId}/sheet-attributes/{id}","entityAttributes.yaml::SheetEntityAttributeValueResponse","operation_internal_schema_ref",1
"entityAttributes.yaml::POST /entities/{entityName}/{entityObjectId}/sheet-attributes/{id}","jsonapi.yaml::failure","operation_external_schema_ref",1
"entityAttributes.yaml::DELETE /entities/{entityName}/{entityObjectId}/sheet-attributes/{id}","jsonapi.yaml::failure","operation_external_schema_ref",1
"entityAttributes.yaml::GET /entities/{entityName}/attributes","jsonapi.yaml::pageSize","operation_external_schema_ref",1
"entityAttributes.yaml::GET /entities/{entityName}/attributes","jsonapi.yaml::pageNumber","operation_external_schema_ref",1
"entityAttributes.yaml::GET /entities/{entityName}/attributes","jsonapi.yaml::sort","operation_external_schema_ref",1
"entityAttributes.yaml::GET /entities/{entityName}/attributes","jsonapi.yaml::include","operation_external_schema_ref",1
"entityAttributes.yaml::GET /entities/{entityName}/attributes","entityAttributes.yaml::EntityAttributeListResponse","operation_internal_schema_ref",1
"entityAttributes.yaml::GET /entities/{entityName}/attributes","jsonapi.yaml::failure","operation_external_schema_ref",1
"entityAttributes.yaml::POST /entities/{entityName}/attributes","entityAttributes.yaml::CreateEntityAttributeRequest","operation_internal_schema_ref",1
"entityAttributes.yaml::POST /entities/{entityName}/attributes","entityAttributes.yaml::EntityAttributeResponse","operation_internal_schema_ref",1
"entityAttributes.yaml::POST /entities/{entityName}/attributes","jsonapi.yaml::failure","operation_external_schema_ref",1
"entityAttributes.yaml::GET /entities/{entityName}/attributes-options","core.yaml::filterOrganizationRequired","operation_external_schema_ref",1
"entityAttributes.yaml::GET /entities/{entityName}/attributes-options","entityAttributes.yaml::appIdFilter","operation_external_schema_ref",1
"entityAttributes.yaml::GET /entities/{entityName}/attributes-options","jsonapi.yaml::acceptLanguage","operation_external_schema_ref",1
"entityAttributes.yaml::GET /entities/{entityName}/attributes-options","entityAttributes.yaml::EntityAttributeOptionsListResponse","operation_internal_schema_ref",1
"entityAttributes.yaml::GET /entities/{entityName}/attributes-options","jsonapi.yaml::failure","operation_external_schema_ref",1
"entityAttributes.yaml::GET /entities/{entityName}/attributes-definitions","jsonapi.yaml::pageSize","operation_external_schema_ref",1
"entityAttributes.yaml::GET /entities/{entityName}/attributes-definitions","jsonapi.yaml::pageNumber","operation_external_schema_ref",1
"entityAttributes.yaml::GET /entities/{entityName}/attributes-definitions","jsonapi.yaml::sort","operation_external_schema_ref",1
"entityAttributes.yaml::GET /entities/{entityName}/attributes-definitions","jsonapi.yaml::acceptLanguage","operation_external_schema_ref",1
"entityAttributes.yaml::GET /entities/{entityName}/attributes-definitions","entityAttributes.yaml::ListEligibleEntityAttributeDefinitionResponse","operation_internal_schema_ref",1
"entityAttributes.yaml::GET /entities/{entityName}/attributes-definitions","jsonapi.yaml::failure","operation_external_schema_ref",1
"entityAttributes.yaml::GET /entities/{entityName}/data-types","jsonapi.yaml::pageSize","operation_external_schema_ref",1
"entityAttributes.yaml::GET /entities/{entityName}/data-types","jsonapi.yaml::pageNumber","operation_external_schema_ref",1
"entityAttributes.yaml::GET /entities/{entityName}/data-types","jsonapi.yaml::acceptLanguage","operation_external_schema_ref",1
"entityAttributes.yaml::GET /entities/{entityName}/data-types","core.yaml::DictionaryListResponse","operation_external_schema_ref",1
"entityAttributes.yaml::GET /entities/{entityName}/data-types","jsonapi.yaml::failure","operation_external_schema_ref",1
"entityAttributes.yaml::GET /sheets/{sheetId}/attributes","jsonapi.yaml::acceptLanguage","operation_external_schema_ref",1
"entityAttributes.yaml::GET /sheets/{sheetId}/attributes","jsonapi.yaml::include","operation_external_schema_ref",1
"entityAttributes.yaml::GET /sheets/{sheetId}/attributes","entityAttributes.yaml::ListSheetEntityAttributeResponse","operation_internal_schema_ref",1
"entityAttributes.yaml::GET /sheets/{sheetId}/attributes","jsonapi.yaml::failure","operation_external_schema_ref",1
"entityAttributes.yaml::POST /sheets/{sheetId}/attributes","jsonapi.yaml::acceptLanguage","operation_external_schema_ref",1
"entityAttributes.yaml::POST /sheets/{sheetId}/attributes","entityAttributes.yaml::AddEntityAttributesToSheetRequest","operation_internal_schema_ref",1
"entityAttributes.yaml::POST /sheets/{sheetId}/attributes","entityAttributes.yaml::ListSheetEntityAttributeResponse","operation_internal_schema_ref",1
"entityAttributes.yaml::POST /sheets/{sheetId}/attributes","jsonapi.yaml::failure","operation_external_schema_ref",1
"entityAttributes.yaml::PATCH /sheets/{sheetId}/attributes/{attributeId}","jsonapi.yaml::acceptLanguage","operation_external_schema_ref",1
"entityAttributes.yaml::PATCH /sheets/{sheetId}/attributes/{attributeId}","entityAttributes.yaml::UpdateEntityAttributeForSheetRequest","operation_internal_schema_ref",1
"entityAttributes.yaml::PATCH /sheets/{sheetId}/attributes/{attributeId}","entityAttributes.yaml::SheetEntityAttributeResponse","operation_internal_schema_ref",1
"entityAttributes.yaml::PATCH /sheets/{sheetId}/attributes/{attributeId}","jsonapi.yaml::failure","operation_external_schema_ref",1
"entityAttributes.yaml::DELETE /sheets/{sheetId}/attributes/{attributeId}","jsonapi.yaml::failure","operation_external_schema_ref",1
"entityAttributes.yaml::GET /sheets/{sheetId}/survey-sections","jsonapi.yaml::acceptLanguage","operation_external_schema_ref",1
"entityAttributes.yaml::GET /sheets/{sheetId}/survey-sections","jsonapi.yaml::pageSize","operation_external_schema_ref",1
"entityAttributes.yaml::GET /sheets/{sheetId}/survey-sections","jsonapi.yaml::pageNumber","operation_external_schema_ref",1
"entityAttributes.yaml::GET /sheets/{sheetId}/survey-sections","jsonapi.yaml::include","operation_external_schema_ref",1
"entityAttributes.yaml::GET /sheets/{sheetId}/survey-sections","entityAttributes.yaml::ListMinimalSurveyDocSectionResponse","operation_internal_schema_ref",1
"entityAttributes.yaml::GET /sheets/{sheetId}/survey-sections","jsonapi.yaml::failure","operation_external_schema_ref",1
"entityAttributes.yaml::POST /sheets/{sheetId}/edit","jsonapi.yaml::acceptLanguage","operation_external_schema_ref",1
"entityAttributes.yaml::POST /sheets/{sheetId}/edit","entityAttributes.yaml::SheetResponse","operation_internal_schema_ref",1
"entityAttributes.yaml::POST /sheets/{sheetId}/edit","jsonapi.yaml::failure","operation_external_schema_ref",1
"entityAttributes.yaml::POST /sheets/{sheetId}/publish","jsonapi.yaml::acceptLanguage","operation_external_schema_ref",1
"entityAttributes.yaml::POST /sheets/{sheetId}/publish","entityAttributes.yaml::SheetResponse","operation_internal_schema_ref",1
"entityAttributes.yaml::POST /sheets/{sheetId}/publish","jsonapi.yaml::failure","operation_external_schema_ref",1
"entityAttributes.yaml::GET /sheets/{id}","entityAttributes.yaml::SheetResponse","operation_internal_schema_ref",1
"entityAttributes.yaml::PATCH /sheets/{id}","jsonapi.yaml::acceptLanguage","operation_external_schema_ref",1
"entityAttributes.yaml::PATCH /sheets/{id}","entityAttributes.yaml::UpdateSheetRequest","operation_external_schema_ref",1
"entityAttributes.yaml::PATCH /sheets/{id}","entityAttributes.yaml::SheetResponse","operation_internal_schema_ref",1
"entityAttributes.yaml::PATCH /sheets/{id}","jsonapi.yaml::failure","operation_external_schema_ref",1
"entityAttributes.yaml::DELETE /sheets/{id}","jsonapi.yaml::acceptLanguage","operation_external_schema_ref",1
"entityAttributes.yaml::DELETE /sheets/{id}","jsonapi.yaml::failure","operation_external_schema_ref",1
"entityAttributes.yaml::GET /sheets","jsonapi.yaml::pageSize","operation_external_schema_ref",1
"entityAttributes.yaml::GET /sheets","jsonapi.yaml::pageNumber","operation_external_schema_ref",1
"entityAttributes.yaml::GET /sheets","jsonapi.yaml::sort","operation_external_schema_ref",1
"entityAttributes.yaml::GET /sheets","jsonapi.yaml::include","operation_external_schema_ref",1
"entityAttributes.yaml::GET /sheets","jsonapi.yaml::acceptLanguage","operation_external_schema_ref",1
"entityAttributes.yaml::GET /sheets","entityAttributes.yaml::SheetListResponse","operation_internal_schema_ref",1
"entityAttributes.yaml::GET /sheets","jsonapi.yaml::failure","operation_external_schema_ref",1
"entityAttributes.yaml::POST /sheets","entityAttributes.yaml::CreateSheetRequest","operation_external_schema_ref",1
"entityAttributes.yaml::POST /sheets","entityAttributes.yaml::SheetResponse","operation_external_schema_ref",1
"entityAttributes.yaml::POST /sheets","jsonapi.yaml::failure","operation_external_schema_ref",1
"warehouseDoc.yaml::WarehouseDocLineWithHeaderFilters","warehouseDoc.yaml::WarehouseDocHeaderFilters","internal_schema_ref",1
"warehouseDoc.yaml::WarehouseDocLineWithHeaderFilters","warehouseDoc.yaml::WarehouseDocLineFilters","internal_schema_ref",1
"warehouseDoc.yaml::WarehouseDocHeaderFilters","warehouseDoc.yaml::DocWithItemsHeaderFilters","external_schema_ref",1
"warehouseDoc.yaml::WarehouseDocLineFilters","warehouseDoc.yaml::DocWithItemsLineFilters","external_schema_ref",1
"warehouseDoc.yaml::WarehouseDocHeaderAttributes","warehouseDoc.yaml::FulfillmentStatus","external_schema_ref",1
"warehouseDoc.yaml::WarehouseDocHeaderAttributes","warehouseDoc.yaml::apiDate","external_schema_ref",1
"warehouseDoc.yaml::WarehouseDocHeaderAttributes","warehouseDoc.yaml::ReadingDocCounters","external_schema_ref",1
"warehouseDoc.yaml::WarehouseDocHeaderAttributes","warehouseDoc.yaml::ReadingDocPackageCounters","external_schema_ref",1
"warehouseDoc.yaml::WarehouseDocHeaderAttributesWithDocHeader","warehouseDoc.yaml::WarehouseDocHeaderAttributes","internal_schema_ref",1
"warehouseDoc.yaml::WarehouseDocHeaderAttributesWithDocHeader","warehouseDoc.yaml::DocHeaderAttributes","external_schema_ref",1
"warehouseDoc.yaml::WarehouseDocHeaderRelationships","warehouseDoc.yaml::relToOneReadOnly","external_schema_ref",1
"warehouseDoc.yaml::WarehouseDocHeader","warehouseDoc.yaml::WarehouseDocHeaderAttributesWithDocHeader","internal_schema_ref",1
"warehouseDoc.yaml::WarehouseDocHeader","warehouseDoc.yaml::DocHeaderRelationships","external_schema_ref",1
"warehouseDoc.yaml::WarehouseDocHeader","warehouseDoc.yaml::WarehouseDocHeaderRelationships","internal_schema_ref",1
"warehouseDoc.yaml::WarehouseDocResponse","warehouseDoc.yaml::WarehouseDocHeader","internal_schema_ref",1
"warehouseDoc.yaml::WarehouseDocResponse","warehouseDoc.yaml::WarehouseDocHeaderIncluded","internal_schema_ref",1
"warehouseDoc.yaml::WarehouseDocHeaderListResponse","warehouseDoc.yaml::WarehouseDocHeader","internal_schema_ref",1
"warehouseDoc.yaml::WarehouseDocHeaderListResponse","warehouseDoc.yaml::PaginationMeta","external_schema_ref",1
"warehouseDoc.yaml::WarehouseDocHeaderListResponse","warehouseDoc.yaml::pagination","external_schema_ref",1
"warehouseDoc.yaml::WarehouseDocHeaderListResponse","warehouseDoc.yaml::WarehouseDocHeaderIncluded","internal_schema_ref",1
"warehouseDoc.yaml::WarehouseDocRequest","warehouseDoc.yaml::WarehouseDocHeader","internal_schema_ref",1
"warehouseDoc.yaml::CommonWarehouseDocLineRelationships","warehouseDoc.yaml::relToOneWithMeta","external_schema_ref",1
"warehouseDoc.yaml::CommonWarehouseDocLineRelationships","warehouseDoc.yaml::relToOneWithMetaReadOnly","external_schema_ref",1
"warehouseDoc.yaml::WarehouseDocLineAttributes","warehouseDoc.yaml::FulfillmentStatus","external_schema_ref",1
"warehouseDoc.yaml::WarehouseDocLineAttributes","warehouseDoc.yaml::apiDate","external_schema_ref",1
"warehouseDoc.yaml::WarehouseDocLineAttributes","warehouseDoc.yaml::CommonDocLineAttributes","external_schema_ref",1
"warehouseDoc.yaml::WarehouseDocLineRelationships","warehouseDoc.yaml::relToOneReadOnly","external_schema_ref",1
"warehouseDoc.yaml::WarehouseDocLineRelationships","warehouseDoc.yaml::relToOneWithMeta","external_schema_ref",1
"warehouseDoc.yaml::WarehouseDocLine","warehouseDoc.yaml::WarehouseDocLineAttributes","internal_schema_ref",1
"warehouseDoc.yaml::WarehouseDocLine","warehouseDoc.yaml::CommonDocLineRelationships","external_schema_ref",1
"warehouseDoc.yaml::WarehouseDocLine","warehouseDoc.yaml::CommonWarehouseDocLineRelationships","internal_schema_ref",1
"warehouseDoc.yaml::WarehouseDocLine","warehouseDoc.yaml::WarehouseDocLineRelationships","internal_schema_ref",1
"warehouseDoc.yaml::WarehouseDocLineRequest","warehouseDoc.yaml::WarehouseDocLine","internal_schema_ref",1
"warehouseDoc.yaml::WarehouseDocLineResponse","warehouseDoc.yaml::WarehouseDocLine","internal_schema_ref",1
"warehouseDoc.yaml::WarehouseDocLineResponse","warehouseDoc.yaml::WarehouseDocLineIncluded","internal_schema_ref",1
"warehouseDoc.yaml::WarehouseDocLineListResponse","warehouseDoc.yaml::WarehouseDocLine","internal_schema_ref",1
"warehouseDoc.yaml::WarehouseDocLineListResponse","warehouseDoc.yaml::WarehouseDocLineIncluded","internal_schema_ref",1
"warehouseDoc.yaml::WarehouseDocLineListResponse","warehouseDoc.yaml::PaginationMeta","external_schema_ref",1
"warehouseDoc.yaml::WarehouseDocLineInstanceAttributes","warehouseDoc.yaml::SimpleEntity","external_schema_ref",1
"warehouseDoc.yaml::WarehouseDocLineInstanceAttributes","warehouseDoc.yaml::CommonDocLineAttributes","external_schema_ref",1
"warehouseDoc.yaml::WarehouseDocLineInstanceRelationships","warehouseDoc.yaml::relToOne","external_schema_ref",1
"warehouseDoc.yaml::WarehouseDocLineInstanceRelationships","warehouseDoc.yaml::relToOneReadOnly","external_schema_ref",1
"warehouseDoc.yaml::WarehouseDocLineInstance","warehouseDoc.yaml::WarehouseDocLineInstanceAttributes","internal_schema_ref",1
"warehouseDoc.yaml::WarehouseDocLineInstance","warehouseDoc.yaml::CommonDocLineRelationships","external_schema_ref",1
"warehouseDoc.yaml::WarehouseDocLineInstance","warehouseDoc.yaml::CommonWarehouseDocLineRelationships","internal_schema_ref",1
"warehouseDoc.yaml::WarehouseDocLineInstance","warehouseDoc.yaml::WarehouseDocLineInstanceRelationships","internal_schema_ref",1
"warehouseDoc.yaml::MultipleWarehouseDocLineInstanceRequest","warehouseDoc.yaml::WarehouseDocLineInstance","internal_schema_ref",1
"warehouseDoc.yaml::WarehouseDocLineInstanceListResponse","warehouseDoc.yaml::WarehouseDocLineInstance","internal_schema_ref",1
"warehouseDoc.yaml::WarehouseDocLineInstanceListResponse","warehouseDoc.yaml::PaginationMeta","external_schema_ref",1
"warehouseDoc.yaml::WarehouseDocLineInstanceListResponse","warehouseDoc.yaml::pagination","external_schema_ref",1
"warehouseDoc.yaml::WarehouseDocLineWithHeader","warehouseDoc.yaml::WarehouseDocHeaderAttributesWithDocHeader","internal_schema_ref",1
"warehouseDoc.yaml::WarehouseDocLineWithHeader","warehouseDoc.yaml::WarehouseDocLineAttributes","internal_schema_ref",1
"warehouseDoc.yaml::WarehouseDocLineWithHeader","warehouseDoc.yaml::DocHeaderRelationships","external_schema_ref",1
"warehouseDoc.yaml::WarehouseDocLineWithHeader","warehouseDoc.yaml::WarehouseDocHeaderRelationships","internal_schema_ref",1
"warehouseDoc.yaml::WarehouseDocLineWithHeader","warehouseDoc.yaml::CommonDocLineRelationships","external_schema_ref",1
"warehouseDoc.yaml::WarehouseDocLineWithHeader","warehouseDoc.yaml::CommonWarehouseDocLineRelationships","internal_schema_ref",1
"warehouseDoc.yaml::WarehouseDocLineWithHeader","warehouseDoc.yaml::WarehouseDocLineRelationships","internal_schema_ref",1
"warehouseDoc.yaml::WarehouseDocLineWithHeaderListResponse","warehouseDoc.yaml::WarehouseDocLineWithHeader","internal_schema_ref",1
"warehouseDoc.yaml::WarehouseDocLineWithHeaderListResponse","warehouseDoc.yaml::PaginationMeta","external_schema_ref",1
"warehouseDoc.yaml::WarehouseDocLineWithHeaderListResponse","warehouseDoc.yaml::pagination","external_schema_ref",1
"warehouseDoc.yaml::WarehouseDocLineWithHeaderListResponse","warehouseDoc.yaml::WarehouseDocLineWithHeaderIncluded","internal_schema_ref",1
"warehouseDoc.yaml::WarehouseDocHeaderInboundResponse","warehouseDoc.yaml::InboundLine","external_schema_ref",1
"warehouseDoc.yaml::WarehouseDocNoGroupingElement","warehouseDoc.yaml::apiDateTime","external_schema_ref",1
"warehouseDoc.yaml::WarehouseDocNoGroupingElement","warehouseDoc.yaml::SimpleEntity","external_schema_ref",1
"warehouseDoc.yaml::WarehouseDocNoGrouping","warehouseDoc.yaml::WarehouseDocNoGroupingElement","internal_schema_ref",1
"warehouseDoc.yaml::WarehouseDocNoGrouping","warehouseDoc.yaml::WarehouseDocAggregatedTotals","internal_schema_ref",1
"warehouseDoc.yaml::WarehouseDocGroupByPackage","warehouseDoc.yaml::WarehouseDocGroupByPackageGroup","internal_schema_ref",1
"warehouseDoc.yaml::WarehouseDocGroupByPackage","warehouseDoc.yaml::WarehouseDocAggregatedTotals","internal_schema_ref",1
"warehouseDoc.yaml::WarehouseDocSerialsOnly","warehouseDoc.yaml::WarehouseDocSerialsOnlyGroup","internal_schema_ref",1
"warehouseDoc.yaml::WarehouseDocSerialsOnly","warehouseDoc.yaml::WarehouseDocAggregatedTotals","internal_schema_ref",1
"warehouseDoc.yaml::WarehouseDocAggregatedData","warehouseDoc.yaml::WarehouseDocNoGrouping","internal_schema_ref",1
"warehouseDoc.yaml::WarehouseDocAggregatedData","warehouseDoc.yaml::WarehouseDocGroupByPackage","internal_schema_ref",1
"warehouseDoc.yaml::WarehouseDocAggregatedData","warehouseDoc.yaml::WarehouseDocSerialsOnly","internal_schema_ref",1
"warehouseDoc.yaml::WarehouseDocAggregatedDataResponse","warehouseDoc.yaml::WarehouseDocAggregatedData","internal_schema_ref",1
"warehouseDoc.yaml::WarehouseDocReading","warehouseDoc.yaml::apiDate","external_schema_ref",1
"warehouseDoc.yaml::WarehouseDocReading","warehouseDoc.yaml::LineMatchAttribute","external_schema_ref",1
"warehouseDoc.yaml::WarehouseDocReading","warehouseDoc.yaml::UnexpectedDataStrategy","external_schema_ref",1
"warehouseDoc.yaml::WarehouseDocReading","warehouseDoc.yaml::relToMany","external_schema_ref",1
"warehouseDoc.yaml::WarehouseDocReadingRequest","warehouseDoc.yaml::WarehouseDocReading","internal_schema_ref",1
"warehouseDoc.yaml::GET /warehouse-docs/headers/{headerId}","warehouseDoc.yaml::WarehouseDocResponse","operation_internal_schema_ref",1
"warehouseDoc.yaml::PATCH /warehouse-docs/headers/{headerId}","warehouseDoc.yaml::WarehouseDocRequest","operation_internal_schema_ref",1
"warehouseDoc.yaml::PATCH /warehouse-docs/headers/{headerId}","warehouseDoc.yaml::WarehouseDocResponse","operation_internal_schema_ref",1
"warehouseDoc.yaml::PATCH /warehouse-docs/headers/{headerId}","jsonapi.yaml::failure","operation_external_schema_ref",1
"warehouseDoc.yaml::DELETE /warehouse-docs/headers/{headerId}","jsonapi.yaml::failure","operation_external_schema_ref",1
"warehouseDoc.yaml::GET /warehouse-docs/headers/{headerId}/linked-docs","documents.yaml::DocHeaderLiteListResponse","operation_external_schema_ref",1
"warehouseDoc.yaml::GET /warehouse-docs/headers/{headerId}/linked-docs","jsonapi.yaml::failure","operation_external_schema_ref",1
"warehouseDoc.yaml::POST /warehouse-docs/headers","warehouseDoc.yaml::WarehouseDocRequest","operation_internal_schema_ref",1
"warehouseDoc.yaml::POST /warehouse-docs/headers","warehouseDoc.yaml::WarehouseDocResponse","operation_internal_schema_ref",1
"warehouseDoc.yaml::POST /warehouse-docs/headers","jsonapi.yaml::failure","operation_external_schema_ref",1
"warehouseDoc.yaml::GET /warehouse-docs/headers","jsonapi.yaml::pageSize","operation_external_schema_ref",1
"warehouseDoc.yaml::GET /warehouse-docs/headers","jsonapi.yaml::pageNumber","operation_external_schema_ref",1
"warehouseDoc.yaml::GET /warehouse-docs/headers","jsonapi.yaml::sort","operation_external_schema_ref",1
"warehouseDoc.yaml::GET /warehouse-docs/headers","jsonapi.yaml::include","operation_external_schema_ref",1
"warehouseDoc.yaml::GET /warehouse-docs/headers","documents.yaml::includeCounters","operation_external_schema_ref",1
"warehouseDoc.yaml::GET /warehouse-docs/headers","documents.yaml::includePackageCounters","operation_external_schema_ref",1
"warehouseDoc.yaml::GET /warehouse-docs/headers","core.yaml::filterOrganizationRequired","operation_external_schema_ref",1
"warehouseDoc.yaml::GET /warehouse-docs/headers","warehouseDoc.yaml::WarehouseDocHeaderListResponse","operation_internal_schema_ref",1
"warehouseDoc.yaml::GET /warehouse-docs/headers","jsonapi.yaml::failure","operation_external_schema_ref",1
"warehouseDoc.yaml::POST /warehouse-docs/headers-export","jsonapi.yaml::pageSize","operation_external_schema_ref",1
"warehouseDoc.yaml::POST /warehouse-docs/headers-export","jsonapi.yaml::pageNumber","operation_external_schema_ref",1
"warehouseDoc.yaml::POST /warehouse-docs/headers-export","jsonapi.yaml::sort","operation_external_schema_ref",1
"warehouseDoc.yaml::POST /warehouse-docs/headers-export","jsonapi.yaml::include","operation_external_schema_ref",1
"warehouseDoc.yaml::POST /warehouse-docs/headers-export","core.yaml::utcOffset","operation_external_schema_ref",1
"warehouseDoc.yaml::POST /warehouse-docs/headers-export","core.yaml::filterOrganizationRequired","operation_external_schema_ref",1
"warehouseDoc.yaml::POST /warehouse-docs/headers-export","jsonapi.yaml::info","operation_external_schema_ref",1
"warehouseDoc.yaml::POST /warehouse-docs/headers-export","jsonapi.yaml::failure","operation_external_schema_ref",1
"warehouseDoc.yaml::POST /warehouse-docs/headers/{headerId}/lines","warehouseDoc.yaml::WarehouseDocLineRequest","operation_internal_schema_ref",1
"warehouseDoc.yaml::POST /warehouse-docs/headers/{headerId}/lines","warehouseDoc.yaml::WarehouseDocLineListResponse","operation_internal_schema_ref",1
"warehouseDoc.yaml::POST /warehouse-docs/headers/{headerId}/lines","jsonapi.yaml::failure","operation_external_schema_ref",1
"warehouseDoc.yaml::GET /warehouse-docs/headers/{headerId}/lines","jsonapi.yaml::pageSize","operation_external_schema_ref",1
"warehouseDoc.yaml::GET /warehouse-docs/headers/{headerId}/lines","jsonapi.yaml::pageNumber","operation_external_schema_ref",1
"warehouseDoc.yaml::GET /warehouse-docs/headers/{headerId}/lines","jsonapi.yaml::sort","operation_external_schema_ref",1
"warehouseDoc.yaml::GET /warehouse-docs/headers/{headerId}/lines","jsonapi.yaml::include","operation_external_schema_ref",1
"warehouseDoc.yaml::GET /warehouse-docs/headers/{headerId}/lines","warehouseDoc.yaml::WarehouseDocLineListResponse","operation_internal_schema_ref",1
"warehouseDoc.yaml::GET /warehouse-docs/headers/{headerId}/lines","jsonapi.yaml::failure","operation_external_schema_ref",1
"warehouseDoc.yaml::DELETE /warehouse-docs/headers/{headerId}/lines","jsonapi.yaml::failure","operation_external_schema_ref",1
"warehouseDoc.yaml::POST /warehouse-docs/headers/{headerId}/line-instances","warehouseDoc.yaml::MultipleWarehouseDocLineInstanceRequest","operation_internal_schema_ref",1
"warehouseDoc.yaml::POST /warehouse-docs/headers/{headerId}/line-instances","warehouseDoc.yaml::WarehouseDocLineInstanceListResponse","operation_internal_schema_ref",1
"warehouseDoc.yaml::POST /warehouse-docs/headers/{headerId}/line-instances","jsonapi.yaml::failure","operation_external_schema_ref",1
"warehouseDoc.yaml::POST /warehouse-docs/headers/{headerId}/release","jsonapi.yaml::failure","operation_external_schema_ref",1
"warehouseDoc.yaml::POST /warehouse-docs/headers/{headerId}/lines/{lineId}/instances","warehouseDoc.yaml::MultipleWarehouseDocLineInstanceRequest","operation_internal_schema_ref",1
"warehouseDoc.yaml::POST /warehouse-docs/headers/{headerId}/lines/{lineId}/instances","warehouseDoc.yaml::WarehouseDocLineInstanceListResponse","operation_internal_schema_ref",1
"warehouseDoc.yaml::POST /warehouse-docs/headers/{headerId}/lines/{lineId}/instances","jsonapi.yaml::failure","operation_external_schema_ref",1
"warehouseDoc.yaml::GET /warehouse-docs/lines","jsonapi.yaml::pageSize","operation_external_schema_ref",1
"warehouseDoc.yaml::GET /warehouse-docs/lines","jsonapi.yaml::pageNumber","operation_external_schema_ref",1
"warehouseDoc.yaml::GET /warehouse-docs/lines","jsonapi.yaml::sort","operation_external_schema_ref",1
"warehouseDoc.yaml::GET /warehouse-docs/lines","jsonapi.yaml::include","operation_external_schema_ref",1
"warehouseDoc.yaml::GET /warehouse-docs/lines","core.yaml::filterOrganizationRequired","operation_external_schema_ref",1
"warehouseDoc.yaml::GET /warehouse-docs/lines","warehouseDoc.yaml::WarehouseDocLineWithHeaderListResponse","operation_internal_schema_ref",1
"warehouseDoc.yaml::GET /warehouse-docs/lines","jsonapi.yaml::failure","operation_external_schema_ref",1
"warehouseDoc.yaml::POST /warehouse-docs/lines","jsonapi.yaml::pageSize","operation_external_schema_ref",1
"warehouseDoc.yaml::POST /warehouse-docs/lines","jsonapi.yaml::pageNumber","operation_external_schema_ref",1
"warehouseDoc.yaml::POST /warehouse-docs/lines","jsonapi.yaml::sort","operation_external_schema_ref",1
"warehouseDoc.yaml::POST /warehouse-docs/lines","jsonapi.yaml::include","operation_external_schema_ref",1
"warehouseDoc.yaml::POST /warehouse-docs/lines","core.yaml::utcOffset","operation_external_schema_ref",1
"warehouseDoc.yaml::POST /warehouse-docs/lines","core.yaml::filterOrganizationRequired","operation_external_schema_ref",1
"warehouseDoc.yaml::POST /warehouse-docs/lines","jsonapi.yaml::info","operation_external_schema_ref",1
"warehouseDoc.yaml::POST /warehouse-docs/lines","jsonapi.yaml::failure","operation_external_schema_ref",1
"warehouseDoc.yaml::GET /warehouse-docs/headers/{headerId}/inbound","warehouseDoc.yaml::WarehouseDocHeaderInboundResponse","operation_internal_schema_ref",1
"warehouseDoc.yaml::PATCH /warehouse-docs/draft-skipped/headers/{headerId}/lines/{lineId}","warehouseDoc.yaml::WarehouseDocLineResponse","operation_internal_schema_ref",1
"warehouseDoc.yaml::PATCH /warehouse-docs/draft-skipped/headers/{headerId}/lines/{lineId}","jsonapi.yaml::failure","operation_external_schema_ref",1
"warehouseDoc.yaml::POST /warehouse-docs/reading/headers/{headerId}/compile","documents.yaml::CompileReadingDocRequest","operation_external_schema_ref",1
"warehouseDoc.yaml::POST /warehouse-docs/reading/headers/{headerId}/compile","jsonapi.yaml::failure","operation_external_schema_ref",1
"warehouseDoc.yaml::POST /warehouse-docs/reading/headers","warehouseDoc.yaml::WarehouseDocReadingRequest","operation_internal_schema_ref",1
"warehouseDoc.yaml::POST /warehouse-docs/reading/headers","warehouseDoc.yaml::WarehouseDocResponse","operation_internal_schema_ref",1
"warehouseDoc.yaml::POST /warehouse-docs/reading/headers","jsonapi.yaml::failure","operation_external_schema_ref",1
"warehouseDoc.yaml::DELETE /warehouse-docs/draft-skipped/headers/{headerId}/instances","jsonapi.yaml::failure","operation_external_schema_ref",1
"warehouseDoc.yaml::POST /warehouse-docs/reading/headers/{headerId}/release","documents.yaml::ReleaseReadingDocRequest","operation_external_schema_ref",1
"warehouseDoc.yaml::POST /warehouse-docs/reading/headers/{headerId}/release","jsonapi.yaml::failure","operation_external_schema_ref",1
"warehouseDoc.yaml::GET /warehouse-docs/reading/headers/{headerId}/aggregated-data","jsonapi.yaml::include","operation_external_schema_ref",1
"warehouseDoc.yaml::GET /warehouse-docs/reading/headers/{headerId}/aggregated-data","documents.yaml::groupByFulfilledDoc","operation_external_schema_ref",1
"warehouseDoc.yaml::GET /warehouse-docs/reading/headers/{headerId}/aggregated-data","documents.yaml::groupByReason","operation_external_schema_ref",1
"warehouseDoc.yaml::GET /warehouse-docs/reading/headers/{headerId}/aggregated-data","documents.yaml::groupByOperationReason","operation_external_schema_ref",1
"warehouseDoc.yaml::GET /warehouse-docs/reading/headers/{headerId}/aggregated-data","documents.yaml::includeCountersRequired","operation_external_schema_ref",1
"warehouseDoc.yaml::GET /warehouse-docs/reading/headers/{headerId}/aggregated-data","documents.yaml::includePackageCountersRequired","operation_external_schema_ref",1
"warehouseDoc.yaml::GET /warehouse-docs/reading/headers/{headerId}/aggregated-data","documents.yaml::groupingStrategy","operation_external_schema_ref",1
"warehouseDoc.yaml::GET /warehouse-docs/reading/headers/{headerId}/aggregated-data","documents.yaml::GetReadingDocAggregatedDataSorting","operation_external_schema_ref",1
"warehouseDoc.yaml::GET /warehouse-docs/reading/headers/{headerId}/aggregated-data","documents.yaml::GetReadingDocAggregatedDataFilters","operation_external_schema_ref",1
"warehouseDoc.yaml::GET /warehouse-docs/reading/headers/{headerId}/aggregated-data","documents.yaml::ReadingDocGetAggregatedResponse","operation_external_schema_ref",1
"warehouseDoc.yaml::GET /warehouse-docs/reading/headers/{headerId}/aggregated-data","jsonapi.yaml::failure","operation_external_schema_ref",1
"warehouseDoc.yaml::POST /warehouse-docs/reading/headers/{headerId}/reset","documents.yaml::ResetReadingDocRequest","operation_external_schema_ref",1
"warehouseDoc.yaml::POST /warehouse-docs/reading/headers/{headerId}/reset","warehouseDoc.yaml::WarehouseDocResponse","operation_internal_schema_ref",1
"warehouseDoc.yaml::POST /warehouse-docs/reading/headers/{headerId}/reset","jsonapi.yaml::failure","operation_external_schema_ref",1
"warehouseDoc.yaml::PATCH /warehouse-docs/reading/headers/{headerId}/unexpected-instances","documents.yaml::UpdateReadingDocInstancesRequest","operation_external_schema_ref",1
"warehouseDoc.yaml::PATCH /warehouse-docs/reading/headers/{headerId}/unexpected-instances","jsonapi.yaml::failure","operation_external_schema_ref",1
"warehouseDoc.yaml::PATCH /warehouse-docs/reading/headers/{headerId}/expected-instances","documents.yaml::UpdateReadingDocInstancesRequest","operation_external_schema_ref",1
"warehouseDoc.yaml::PATCH /warehouse-docs/reading/headers/{headerId}/expected-instances","jsonapi.yaml::failure","operation_external_schema_ref",1
"warehouseDoc.yaml::PATCH /warehouse-docs/reading/headers/{headerId}/instances/properties","documents.yaml::UpdateReadingDocInstancesPropertiesRequest","operation_external_schema_ref",1
"warehouseDoc.yaml::PATCH /warehouse-docs/reading/headers/{headerId}/instances/properties","jsonapi.yaml::failure","operation_external_schema_ref",1
"discountlists.yaml::DiscountList","discountlists.yaml::DiscountListType","internal_schema_ref",1
"discountlists.yaml::DiscountList","discountlists.yaml::DiscountMode","internal_schema_ref",1
"discountlists.yaml::DiscountList","discountlists.yaml::lastChangeTs","external_schema_ref",1
"discountlists.yaml::DiscountList","discountlists.yaml::isDraft","external_schema_ref",1
"discountlists.yaml::DiscountList","discountlists.yaml::Operations","external_schema_ref",1
"discountlists.yaml::DiscountListResponse","discountlists.yaml::DiscountList","internal_schema_ref",1
"discountlists.yaml::DiscountListResponse","discountlists.yaml::DiscountListIncluded","internal_schema_ref",1
"discountlists.yaml::DiscountListCollectionResponse","discountlists.yaml::DiscountList","internal_schema_ref",1
"discountlists.yaml::DiscountListCollectionResponse","discountlists.yaml::PaginationMeta","external_schema_ref",1
"discountlists.yaml::DiscountListCollectionResponse","discountlists.yaml::pagination","external_schema_ref",1
"discountlists.yaml::DiscountListCollectionResponse","discountlists.yaml::DiscountListIncluded","internal_schema_ref",1
"discountlists.yaml::DiscountListRequest","discountlists.yaml::DiscountList","internal_schema_ref",1
"discountlists.yaml::CustomerDiscountList","discountlists.yaml::SimpleEntity","external_schema_ref",1
"discountlists.yaml::CustomerDiscountList","discountlists.yaml::isDraft","external_schema_ref",1
"discountlists.yaml::CustomerDiscountList","discountlists.yaml::lastChangeTs","external_schema_ref",1
"discountlists.yaml::CustomerDiscountList","discountlists.yaml::Operations","external_schema_ref",1
"discountlists.yaml::CustomerDiscountListResponse","discountlists.yaml::CustomerDiscountList","internal_schema_ref",1
"discountlists.yaml::CustomerDiscountListResponse","discountlists.yaml::CustomerDiscountListIncluded","internal_schema_ref",1
"discountlists.yaml::CustomerDiscountListCollectionResponse","discountlists.yaml::CustomerDiscountList","internal_schema_ref",1
"discountlists.yaml::CustomerDiscountListCollectionResponse","discountlists.yaml::PaginationMeta","external_schema_ref",1
"discountlists.yaml::CustomerDiscountListCollectionResponse","discountlists.yaml::pagination","external_schema_ref",1
"discountlists.yaml::CustomerDiscountListCollectionResponse","discountlists.yaml::CustomerDiscountListIncluded","internal_schema_ref",1
"discountlists.yaml::CustomerDiscountListRequest","discountlists.yaml::CustomerDiscountList","internal_schema_ref",1
"discountlists.yaml::DiscountListDetail","discountlists.yaml::SimpleEntity","external_schema_ref",1
"discountlists.yaml::DiscountListDetail","discountlists.yaml::DiscountMode","internal_schema_ref",1
"discountlists.yaml::DiscountListDetail","discountlists.yaml::lastChangeTs","external_schema_ref",1
"discountlists.yaml::DiscountListDetail","discountlists.yaml::isDraft","external_schema_ref",1
"discountlists.yaml::DiscountListDetail","discountlists.yaml::DiscountListDetailDiscount","internal_schema_ref",1
"discountlists.yaml::DiscountListDetailResponse","discountlists.yaml::DiscountListDetail","internal_schema_ref",1
"discountlists.yaml::DiscountListDetailResponse","discountlists.yaml::DiscountListDetailIncluded","internal_schema_ref",1
"discountlists.yaml::DiscountListDetailListResponse","discountlists.yaml::DiscountListDetail","internal_schema_ref",1
"discountlists.yaml::DiscountListDetailListResponse","discountlists.yaml::PaginationMeta","external_schema_ref",1
"discountlists.yaml::DiscountListDetailListResponse","discountlists.yaml::pagination","external_schema_ref",1
"discountlists.yaml::DiscountListDetailListResponse","discountlists.yaml::DiscountListDetailIncluded","internal_schema_ref",1
"discountlists.yaml::DiscountListDetailRequest","discountlists.yaml::DiscountListDetail","internal_schema_ref",1
"discountlists.yaml::DiscountListDetailListRequest","discountlists.yaml::DiscountListDetail","internal_schema_ref",1
"discountlists.yaml::DiscountListDetailDiscount","discountlists.yaml::DiscountType","internal_schema_ref",1
"discountlists.yaml::DiscountListDetailDiscount","discountlists.yaml::lastChangeTs","external_schema_ref",1
"discountlists.yaml::DiscountListDetailDiscount","discountlists.yaml::isDraft","external_schema_ref",1
"discountlists.yaml::EligibleCustomerAccountListResponse","discountlists.yaml::LinkableCustomerAccount","external_schema_ref",1
"discountlists.yaml::EligibleCustomerAccountListResponse","discountlists.yaml::PaginationMeta","external_schema_ref",1
"discountlists.yaml::EligibleCustomerAccountListResponse","discountlists.yaml::pagination","external_schema_ref",1
"discountlists.yaml::GET /discount-lists/{id}","discountlists.yaml::DiscountListResponse","operation_internal_schema_ref",1
"discountlists.yaml::PATCH /discount-lists/{id}","jsonapi.yaml::acceptLanguage","operation_external_schema_ref",1
"discountlists.yaml::PATCH /discount-lists/{id}","discountlists.yaml::DiscountListRequest","operation_internal_schema_ref",1
"discountlists.yaml::PATCH /discount-lists/{id}","discountlists.yaml::DiscountListResponse","operation_internal_schema_ref",1
"discountlists.yaml::PATCH /discount-lists/{id}","jsonapi.yaml::failure","operation_external_schema_ref",1
"discountlists.yaml::DELETE /discount-lists/{id}","jsonapi.yaml::acceptLanguage","operation_external_schema_ref",1
"discountlists.yaml::DELETE /discount-lists/{id}","jsonapi.yaml::failure","operation_external_schema_ref",1
"discountlists.yaml::POST /discount-lists/{id}/edit","discountlists.yaml::DiscountListResponse","operation_internal_schema_ref",1
"discountlists.yaml::POST /discount-lists/{id}/edit","jsonapi.yaml::failure","operation_external_schema_ref",1
"discountlists.yaml::POST /discount-lists/{id}/publish","discountlists.yaml::DiscountListResponse","operation_internal_schema_ref",1
"discountlists.yaml::POST /discount-lists/{id}/publish","jsonapi.yaml::failure","operation_external_schema_ref",1
"discountlists.yaml::GET /discount-lists","jsonapi.yaml::pageSize","operation_external_schema_ref",1
"discountlists.yaml::GET /discount-lists","jsonapi.yaml::pageNumber","operation_external_schema_ref",1
"discountlists.yaml::GET /discount-lists","jsonapi.yaml::sort","operation_external_schema_ref",1
"discountlists.yaml::GET /discount-lists","jsonapi.yaml::include","operation_external_schema_ref",1
"discountlists.yaml::GET /discount-lists","jsonapi.yaml::acceptLanguage","operation_external_schema_ref",1
"discountlists.yaml::GET /discount-lists","discountlists.yaml::DiscountListCollectionResponse","operation_internal_schema_ref",1
"discountlists.yaml::GET /discount-lists","jsonapi.yaml::failure","operation_external_schema_ref",1
"discountlists.yaml::POST /discount-lists","discountlists.yaml::DiscountListRequest","operation_internal_schema_ref",1
"discountlists.yaml::POST /discount-lists","discountlists.yaml::DiscountListResponse","operation_internal_schema_ref",1
"discountlists.yaml::POST /discount-lists","jsonapi.yaml::failure","operation_external_schema_ref",1
"discountlists.yaml::GET /discount-lists/{discountListId}/customer-accounts","jsonapi.yaml::pageSize","operation_external_schema_ref",1
"discountlists.yaml::GET /discount-lists/{discountListId}/customer-accounts","jsonapi.yaml::pageNumber","operation_external_schema_ref",1
"discountlists.yaml::GET /discount-lists/{discountListId}/customer-accounts","jsonapi.yaml::sort","operation_external_schema_ref",1
"discountlists.yaml::GET /discount-lists/{discountListId}/customer-accounts","jsonapi.yaml::include","operation_external_schema_ref",1
"discountlists.yaml::GET /discount-lists/{discountListId}/customer-accounts","discountlists.yaml::CustomerDiscountListCollectionResponse","operation_internal_schema_ref",1
"discountlists.yaml::GET /discount-lists/{discountListId}/customer-accounts","jsonapi.yaml::failure","operation_external_schema_ref",1
"discountlists.yaml::POST /discount-lists/{discountListId}/customer-accounts","jsonapi.yaml::acceptLanguage","operation_external_schema_ref",1
"discountlists.yaml::POST /discount-lists/{discountListId}/customer-accounts","discountlists.yaml::CustomerDiscountListRequest","operation_internal_schema_ref",1
"discountlists.yaml::POST /discount-lists/{discountListId}/customer-accounts","discountlists.yaml::CustomerDiscountListResponse","operation_internal_schema_ref",1
"discountlists.yaml::POST /discount-lists/{discountListId}/customer-accounts","jsonapi.yaml::failure","operation_external_schema_ref",1
"discountlists.yaml::GET /discount-lists/{discountListId}/customer-accounts/{id}","discountlists.yaml::CustomerDiscountListResponse","operation_internal_schema_ref",1
"discountlists.yaml::PATCH /discount-lists/{discountListId}/customer-accounts/{id}","jsonapi.yaml::acceptLanguage","operation_external_schema_ref",1
"discountlists.yaml::PATCH /discount-lists/{discountListId}/customer-accounts/{id}","discountlists.yaml::CustomerDiscountListRequest","operation_internal_schema_ref",1
"discountlists.yaml::PATCH /discount-lists/{discountListId}/customer-accounts/{id}","discountlists.yaml::CustomerDiscountListResponse","operation_internal_schema_ref",1
"discountlists.yaml::PATCH /discount-lists/{discountListId}/customer-accounts/{id}","jsonapi.yaml::failure","operation_external_schema_ref",1
"discountlists.yaml::DELETE /discount-lists/{discountListId}/customer-accounts/{id}","jsonapi.yaml::acceptLanguage","operation_external_schema_ref",1
"discountlists.yaml::DELETE /discount-lists/{discountListId}/customer-accounts/{id}","jsonapi.yaml::failure","operation_external_schema_ref",1
"discountlists.yaml::GET /discount-lists/{discountListId}/details","jsonapi.yaml::pageSize","operation_external_schema_ref",1
"discountlists.yaml::GET /discount-lists/{discountListId}/details","jsonapi.yaml::pageNumber","operation_external_schema_ref",1
"discountlists.yaml::GET /discount-lists/{discountListId}/details","jsonapi.yaml::sort","operation_external_schema_ref",1
"discountlists.yaml::GET /discount-lists/{discountListId}/details","jsonapi.yaml::include","operation_external_schema_ref",1
"discountlists.yaml::GET /discount-lists/{discountListId}/details","jsonapi.yaml::acceptLanguage","operation_external_schema_ref",1
"discountlists.yaml::GET /discount-lists/{discountListId}/details","discountlists.yaml::DiscountListDetailListResponse","operation_internal_schema_ref",1
"discountlists.yaml::GET /discount-lists/{discountListId}/details","jsonapi.yaml::failure","operation_external_schema_ref",1
"discountlists.yaml::POST /discount-lists/{discountListId}/details","jsonapi.yaml::acceptLanguage","operation_external_schema_ref",1
"discountlists.yaml::POST /discount-lists/{discountListId}/details","discountlists.yaml::DiscountListDetailListRequest","operation_internal_schema_ref",1
"discountlists.yaml::POST /discount-lists/{discountListId}/details","discountlists.yaml::DiscountListDetailListResponse","operation_internal_schema_ref",1
"discountlists.yaml::POST /discount-lists/{discountListId}/details","jsonapi.yaml::failure","operation_external_schema_ref",1
"discountlists.yaml::GET /discount-lists/{discountListId}/details/{detailId}","discountlists.yaml::DiscountListDetailResponse","operation_internal_schema_ref",1
"discountlists.yaml::PATCH /discount-lists/{discountListId}/details/{detailId}","discountlists.yaml::DiscountListDetailRequest","operation_internal_schema_ref",1
"discountlists.yaml::PATCH /discount-lists/{discountListId}/details/{detailId}","discountlists.yaml::DiscountListDetailResponse","operation_internal_schema_ref",1
"discountlists.yaml::PATCH /discount-lists/{discountListId}/details/{detailId}","jsonapi.yaml::failure","operation_external_schema_ref",1
"discountlists.yaml::DELETE /discount-lists/{discountListId}/details/{detailId}","jsonapi.yaml::failure","operation_external_schema_ref",1
"discountlists.yaml::GET /discount-lists/{discountListId}/customer-accounts/links","jsonapi.yaml::pageSize","operation_external_schema_ref",1
"discountlists.yaml::GET /discount-lists/{discountListId}/customer-accounts/links","jsonapi.yaml::pageNumber","operation_external_schema_ref",1
"discountlists.yaml::GET /discount-lists/{discountListId}/customer-accounts/links","jsonapi.yaml::sort","operation_external_schema_ref",1
"discountlists.yaml::GET /discount-lists/{discountListId}/customer-accounts/links","jsonapi.yaml::include","operation_external_schema_ref",1
"discountlists.yaml::GET /discount-lists/{discountListId}/customer-accounts/links","discountlists.yaml::EligibleCustomerAccountListResponse","operation_internal_schema_ref",1
"discountlists.yaml::GET /discount-lists/{discountListId}/customer-accounts/links","jsonapi.yaml::failure","operation_external_schema_ref",1
"items.yaml::PeriodicRecurrence","items.yaml::RecurrenceType","external_schema_ref",1
"items.yaml::ItemInstanceAttributes","items.yaml::ItemInstanceType","internal_schema_ref",1
"items.yaml::ItemInstanceAttributes","items.yaml::lastChangeTs","external_schema_ref",1
"items.yaml::ItemInstanceAttributes","items.yaml::EntityAttributeValue","external_schema_ref",1
"items.yaml::ItemInstanceRelationships","items.yaml::relationshipLinks","external_schema_ref",1
"items.yaml::ItemInstance","items.yaml::ItemInstanceAttributes","internal_schema_ref",1
"items.yaml::ItemInstance","items.yaml::ItemInstanceRelationships","internal_schema_ref",1
"items.yaml::ItemInstanceRequest","items.yaml::ItemInstance","internal_schema_ref",1
"items.yaml::ItemInstanceResponse","items.yaml::ItemInstance","internal_schema_ref",1
"items.yaml::ItemInstanceResponse","items.yaml::ItemInstanceIncluded","internal_schema_ref",1
"items.yaml::ListItemInstanceResponse","items.yaml::ItemInstance","internal_schema_ref",1
"items.yaml::ListItemInstanceResponse","items.yaml::PaginationMeta","external_schema_ref",1
"items.yaml::ListItemInstanceResponse","items.yaml::pagination","external_schema_ref",1
"items.yaml::ListItemInstanceResponse","items.yaml::ItemInstanceIncluded","internal_schema_ref",1
"items.yaml::Asset","items.yaml::ItemInstanceAttributes","internal_schema_ref",1
"items.yaml::Asset","items.yaml::ItemInstanceRelationships","internal_schema_ref",1
"items.yaml::Asset","items.yaml::relToOneWithMeta","external_schema_ref",1
"items.yaml::AssetListResponse","items.yaml::Asset","internal_schema_ref",1
"items.yaml::AssetListResponse","items.yaml::PaginationMeta","external_schema_ref",1
"items.yaml::AssetListResponse","items.yaml::pagination","external_schema_ref",1
"items.yaml::AssetListResponse","items.yaml::AssetIncluded","internal_schema_ref",1
"items.yaml::AssetResponse","items.yaml::Asset","internal_schema_ref",1
"items.yaml::AssetResponse","items.yaml::AssetIncluded","internal_schema_ref",1
"items.yaml::AssetRequest","items.yaml::Asset","internal_schema_ref",1
"items.yaml::Item","items.yaml::ItemAttributes","internal_schema_ref",1
"items.yaml::Item","items.yaml::ItemRelationships","internal_schema_ref",1
"items.yaml::UpdatedItem","items.yaml::UpdatedItemAttributes","internal_schema_ref",1
"items.yaml::UpdatedItem","items.yaml::ItemRelationships","internal_schema_ref",1
"items.yaml::ItemListResponse","items.yaml::Item","internal_schema_ref",1
"items.yaml::ItemListResponse","items.yaml::ItemIncluded","internal_schema_ref",1
"items.yaml::ItemListResponse","items.yaml::PaginationMeta","external_schema_ref",1
"items.yaml::ItemListResponse","items.yaml::pagination","external_schema_ref",1
"items.yaml::ItemResponse","items.yaml::Item","internal_schema_ref",1
"items.yaml::ItemResponse","items.yaml::ItemIncluded","internal_schema_ref",1
"items.yaml::ItemAttributes","items.yaml::lastChangeTs","external_schema_ref",1
"items.yaml::ItemAttributes","items.yaml::EntityAttributeValue","external_schema_ref",1
"items.yaml::ItemAttributes","items.yaml::isDraft","external_schema_ref",1
"items.yaml::ItemAttributes","items.yaml::SimpleEntityReadOnly","external_schema_ref",1
"items.yaml::ItemAttributes","items.yaml::ItemSubscriptionService","internal_schema_ref",1
"items.yaml::UpdatedItemAttributes","items.yaml::ItemAttributes","internal_schema_ref",1
"items.yaml::ItemRequest","items.yaml::UpdatedItem","internal_schema_ref",1
"items.yaml::ClonedItemRequest","items.yaml::ClonedItem","internal_schema_ref",1
"items.yaml::ItemUnitOfMeasurementAttributes","items.yaml::isDraft","external_schema_ref",1
"items.yaml::ItemUnitOfMeasurementAttributes","items.yaml::lastChangeTs","external_schema_ref",1
"items.yaml::ItemUnitOfMeasurement","items.yaml::ItemUnitOfMeasurementAttributes","internal_schema_ref",1
"items.yaml::ItemUnitOfMeasurement","items.yaml::ItemUnitOfMeasurementRelationships","internal_schema_ref",1
"items.yaml::ItemUnitOfMeasurementRequest","items.yaml::ItemUnitOfMeasurement","internal_schema_ref",1
"items.yaml::ItemUnitOfMeasurementRelationships","items.yaml::relToOneWithMeta","external_schema_ref",1
"items.yaml::ItemUnitOfMeasurementRelationships","items.yaml::relToManyWithMeta","external_schema_ref",1
"items.yaml::ItemUnitOfMeasurementResponse","items.yaml::ItemUnitOfMeasurement","internal_schema_ref",1
"items.yaml::ItemUnitOfMeasurementResponse","items.yaml::ItemUnitOfMeasurementIncluded","internal_schema_ref",1
"items.yaml::ItemUnitOfMeasurementListResponse","items.yaml::ItemUnitOfMeasurement","internal_schema_ref",1
"items.yaml::ItemUnitOfMeasurementListResponse","items.yaml::PaginationMeta","external_schema_ref",1
"items.yaml::ItemUnitOfMeasurementListResponse","items.yaml::pagination","external_schema_ref",1
"items.yaml::ItemUnitOfMeasurementListResponse","items.yaml::ItemUnitOfMeasurementIncluded","internal_schema_ref",1
"items.yaml::DocItemUnitOfMeasurement","items.yaml::isDraft","external_schema_ref",1
"items.yaml::DocItemUnitOfMeasurement","items.yaml::lastChangeTs","external_schema_ref",1
"items.yaml::DocItemUnitOfMeasurement","items.yaml::DocItemUnitOfMeasurementRelationships","internal_schema_ref",1
"items.yaml::DocItemUnitOfMeasurementResponse","items.yaml::DocItemUnitOfMeasurement","internal_schema_ref",1
"items.yaml::DocItemUnitOfMeasurementListResponse","items.yaml::DocItemUnitOfMeasurement","internal_schema_ref",1
"items.yaml::DocItemUnitOfMeasurementListResponse","items.yaml::PaginationMeta","external_schema_ref",1
"items.yaml::DocItemUnitOfMeasurementListResponse","items.yaml::pagination","external_schema_ref",1
"items.yaml::ItemSupplier","items.yaml::ItemSupplierAttributes","internal_schema_ref",1
"items.yaml::ItemSupplier","items.yaml::ItemSupplierRelationships","internal_schema_ref",1
"items.yaml::ItemSupplierLite","items.yaml::ItemSupplierAttributes","internal_schema_ref",1
"items.yaml::ItemSupplierAttributes","items.yaml::lastChangeTs","external_schema_ref",1
"items.yaml::ItemSupplierRequest","items.yaml::ItemSupplierLite","internal_schema_ref",1
"items.yaml::ItemSupplierResponse","items.yaml::ItemSupplier","internal_schema_ref",1
"items.yaml::ItemSupplierResponse","items.yaml::ItemSupplierIncluded","internal_schema_ref",1
"items.yaml::ItemSupplierListResponse","items.yaml::ItemSupplier","internal_schema_ref",1
"items.yaml::ItemSupplierListResponse","items.yaml::PaginationMeta","external_schema_ref",1
"items.yaml::ItemSupplierListResponse","items.yaml::pagination","external_schema_ref",1
"items.yaml::ItemSupplierListResponse","items.yaml::ItemSupplierIncluded","internal_schema_ref",1
"items.yaml::ItemRelated","items.yaml::ItemRelatedAttributes","internal_schema_ref",1
"items.yaml::ItemRelated","items.yaml::ItemAttributes","internal_schema_ref",1
"items.yaml::ItemRelated","items.yaml::ItemRelationships","internal_schema_ref",1
"items.yaml::ItemRelatedResponse","items.yaml::ItemRelated","internal_schema_ref",1
"items.yaml::ItemRelatedResponse","items.yaml::ItemRelatedIncluded","internal_schema_ref",1
"items.yaml::ItemRelatedListResponse","items.yaml::ItemRelated","internal_schema_ref",1
"items.yaml::ItemRelatedListResponse","items.yaml::PaginationMeta","external_schema_ref",1
"items.yaml::ItemRelatedListResponse","items.yaml::pagination","external_schema_ref",1
"items.yaml::ItemRelatedListResponse","items.yaml::ItemRelatedIncluded","internal_schema_ref",1
"items.yaml::ItemStatusListResponse","items.yaml::ItemStatus","internal_schema_ref",1
"items.yaml::ItemStatusListResponse","items.yaml::ItemStatusIncluded","internal_schema_ref",1
"items.yaml::ItemBarcodeAttributes","items.yaml::isDraft","external_schema_ref",1
"items.yaml::ItemBarcodeAttributes","items.yaml::lastChangeTs","external_schema_ref",1
"items.yaml::ItemBarcode","items.yaml::ItemBarcodeAttributes","internal_schema_ref",1
"items.yaml::ItemBarcode","items.yaml::ItemBarcodeRelationships","internal_schema_ref",1
"items.yaml::ItemBarcodeRequest","items.yaml::ItemBarcode","internal_schema_ref",1
"items.yaml::ItemBarcodeResponse","items.yaml::ItemBarcode","internal_schema_ref",1
"items.yaml::ItemBarcodeResponse","items.yaml::ItemBarcodeIncluded","internal_schema_ref",1
"items.yaml::ItemBarcodeListResponse","items.yaml::ItemBarcode","internal_schema_ref",1
"items.yaml::ItemBarcodeListResponse","items.yaml::PaginationMeta","external_schema_ref",1
"items.yaml::ItemBarcodeListResponse","items.yaml::pagination","external_schema_ref",1
"items.yaml::ItemBarcodeListResponse","items.yaml::ItemBarcodeIncluded","internal_schema_ref",1
"items.yaml::AllergenAttributes","items.yaml::lastChangeTs","external_schema_ref",1
"items.yaml::Allergen","items.yaml::AllergenAttributes","internal_schema_ref",1
"items.yaml::AllergenResponse","items.yaml::Allergen","internal_schema_ref",1
"items.yaml::AllergenListResponse","items.yaml::Allergen","internal_schema_ref",1
"items.yaml::AllergenListResponse","items.yaml::PaginationMeta","external_schema_ref",1
"items.yaml::AllergenListResponse","items.yaml::pagination","external_schema_ref",1
"items.yaml::ItemAllergenAttributes","items.yaml::lastChangeTs","external_schema_ref",1
"items.yaml::ItemAllergenRelationships","items.yaml::relToOne","external_schema_ref",1
"items.yaml::ItemAllergenRelationships","items.yaml::relToOneWithMeta","external_schema_ref",1
"items.yaml::ItemAllergen","items.yaml::ItemAllergenAttributes","internal_schema_ref",1
"items.yaml::ItemAllergen","items.yaml::ItemAllergenRelationships","internal_schema_ref",1
"items.yaml::ItemAllergenResponse","items.yaml::ItemAllergen","internal_schema_ref",1
"items.yaml::ItemAllergenResponse","items.yaml::ItemAllergenIncluded","internal_schema_ref",1
"items.yaml::ItemAllergenListResponse","items.yaml::ItemAllergen","internal_schema_ref",1
"items.yaml::ItemAllergenListResponse","items.yaml::PaginationMeta","external_schema_ref",1
"items.yaml::ItemAllergenListResponse","items.yaml::pagination","external_schema_ref",1
"items.yaml::ItemPackagingPartAttributes","items.yaml::lastChangeTs","external_schema_ref",1
"items.yaml::ItemPackagingPartRelationships","items.yaml::relToOne","external_schema_ref",1
"items.yaml::ItemPackagingPart","items.yaml::ItemPackagingPartAttributes","internal_schema_ref",1
"items.yaml::ItemPackagingPart","items.yaml::ItemPackagingPartRelationships","internal_schema_ref",1
"items.yaml::ItemPackagingPartRequest","items.yaml::ItemPackagingPart","internal_schema_ref",1
"items.yaml::ItemPackagingPartResponse","items.yaml::ItemPackagingPart","internal_schema_ref",1
"items.yaml::ItemPackagingPartResponse","items.yaml::ItemPackagingPartIncluded","internal_schema_ref",1
"items.yaml::ItemPackagingPartListResponse","items.yaml::ItemPackagingPart","internal_schema_ref",1
"items.yaml::ItemPackagingPartListResponse","items.yaml::PaginationMeta","external_schema_ref",1
"items.yaml::ItemPackagingPartListResponse","items.yaml::pagination","external_schema_ref",1
"items.yaml::ItemPackagingPartListResponse","items.yaml::ItemPackagingPartIncluded","internal_schema_ref",1
"items.yaml::DocLineInstanceListResponse","items.yaml::DocLineInstance","internal_schema_ref",1
"items.yaml::DocLineInstanceListResponse","items.yaml::PaginationMeta","external_schema_ref",1
"items.yaml::DocLineInstanceListResponse","items.yaml::pagination","external_schema_ref",1
"items.yaml::DocLineInstance","items.yaml::DocLineInstanceAttributes","internal_schema_ref",1
"items.yaml::DocLineInstance","items.yaml::DocLineInstanceRelationships","internal_schema_ref",1
"items.yaml::DocLineInstanceAttributes","items.yaml::ItemInstanceAttributes","internal_schema_ref",1
"items.yaml::ItemCategoryUnitOfMeasurement","items.yaml::relToOne","external_schema_ref",1
"items.yaml::ItemCategoryUnitOfMeasurementIncluded","items.yaml::UnitOfMeasurement","external_schema_ref",1
"items.yaml::ItemCategoryUnitOfMeasurementListResponse","items.yaml::ItemCategoryUnitOfMeasurement","internal_schema_ref",1
"items.yaml::ItemCategoryUnitOfMeasurementListResponse","items.yaml::PaginationMeta","external_schema_ref",1
"items.yaml::ItemCategoryUnitOfMeasurementListResponse","items.yaml::pagination","external_schema_ref",1
"items.yaml::ItemCategoryUnitOfMeasurementListResponse","items.yaml::ItemCategoryUnitOfMeasurementIncluded","internal_schema_ref",1
"items.yaml::ItemCategory","items.yaml::lastChangeTs","external_schema_ref",1
"items.yaml::ItemCategoryResponse","items.yaml::ItemCategory","internal_schema_ref",1
"items.yaml::ItemCategoryListResponse","items.yaml::ItemCategory","internal_schema_ref",1
"items.yaml::ItemCategoryListResponse","items.yaml::PaginationMeta","external_schema_ref",1
"items.yaml::ItemCategoryListResponse","items.yaml::pagination","external_schema_ref",1
"items.yaml::ItemCategoryRequest","items.yaml::ItemCategory","internal_schema_ref",1
"items.yaml::WarehouseItemEntryAttributes","items.yaml::apiDateTime","external_schema_ref",1
"items.yaml::WarehouseItemEntry","items.yaml::WarehouseItemEntryAttributes","internal_schema_ref",1
"items.yaml::WarehouseItemEntry","items.yaml::WarehouseItemEntryRelationships","internal_schema_ref",1
"items.yaml::WarehouseItemEntryListResponse","items.yaml::WarehouseItemEntry","internal_schema_ref",1
"items.yaml::WarehouseItemEntryListResponse","items.yaml::PaginationMeta","external_schema_ref",1
"items.yaml::WarehouseItemEntryListResponse","items.yaml::pagination","external_schema_ref",1
"items.yaml::WarehouseItemEntryListResponse","items.yaml::WarehouseItemEntryIncluded","internal_schema_ref",1
"items.yaml::ItemInstancePlantResponse","items.yaml::Plant","external_schema_ref",1
"items.yaml::ItemInstancePlantResponse","items.yaml::PlantIncluded","external_schema_ref",1
"items.yaml::NutritionFact","items.yaml::lastChangeTs","external_schema_ref",1
"items.yaml::NutritionFactResponse","items.yaml::NutritionFact","internal_schema_ref",1
"items.yaml::NutritionFactListResponse","items.yaml::NutritionFact","internal_schema_ref",1
"items.yaml::NutritionFactListResponse","items.yaml::PaginationMeta","external_schema_ref",1
"items.yaml::NutritionFactListResponse","items.yaml::pagination","external_schema_ref",1
"items.yaml::ItemNutritionFactAttributes","items.yaml::isDraft","external_schema_ref",1
"items.yaml::ItemNutritionFactAttributes","items.yaml::lastChangeTs","external_schema_ref",1
"items.yaml::ItemNutritionFactRelationships","items.yaml::relToOneWithMeta","external_schema_ref",1
"items.yaml::ItemNutritionFact","items.yaml::ItemNutritionFactAttributes","internal_schema_ref",1
"items.yaml::ItemNutritionFact","items.yaml::ItemNutritionFactRelationships","internal_schema_ref",1
"items.yaml::ItemNutritionFactRequest","items.yaml::ItemNutritionFact","internal_schema_ref",1
"items.yaml::ItemNutritionFactResponse","items.yaml::ItemNutritionFact","internal_schema_ref",1
"items.yaml::ItemNutritionFactResponse","items.yaml::ItemNutritionFactIncluded","internal_schema_ref",1
"items.yaml::ItemNutritionFactListResponse","items.yaml::ItemNutritionFact","internal_schema_ref",1
"items.yaml::ItemNutritionFactListResponse","items.yaml::PaginationMeta","external_schema_ref",1
"items.yaml::ItemNutritionFactListResponse","items.yaml::pagination","external_schema_ref",1
"items.yaml::ItemNutritionFactListResponse","items.yaml::ItemNutritionFactIncluded","internal_schema_ref",1
"items.yaml::ItemsRelatedFilters","items.yaml::ItemsCommonFilters","internal_schema_ref",1
"items.yaml::AvailableStock","items.yaml::apiDate","external_schema_ref",1
"items.yaml::AvailableStock","items.yaml::AvailabilityLevelId","internal_schema_ref",1
"items.yaml::AvailableStock","items.yaml::apiDateTime","external_schema_ref",1
"items.yaml::AvailableStock","items.yaml::lastChangeTs","external_schema_ref",1
"items.yaml::AvailableStock","items.yaml::relToOneWithMeta","external_schema_ref",1
"items.yaml::AvailableStockListResponse","items.yaml::AvailableStock","internal_schema_ref",1
"items.yaml::AvailableStockListResponse","items.yaml::PaginationMeta","external_schema_ref",1
"items.yaml::AvailableStockListResponse","items.yaml::pagination","external_schema_ref",1
"items.yaml::AvailableStockListResponse","items.yaml::AvailableStockIncluded","internal_schema_ref",1
"items.yaml::AvailableStockResponse","items.yaml::AvailableStock","internal_schema_ref",1
"items.yaml::AvailableStockResponse","items.yaml::AvailableStockIncluded","internal_schema_ref",1
"items.yaml::AvailableStockRequest","items.yaml::AvailableStock","internal_schema_ref",1
"items.yaml::FullItem","items.yaml::ItemAttributes","internal_schema_ref",1
"items.yaml::FullItem","items.yaml::ItemBarcodeAttributes","internal_schema_ref",1
"items.yaml::FullItem","items.yaml::RelatedItemsSummary","internal_schema_ref",1
"items.yaml::FullItem","items.yaml::ItemRelationships","internal_schema_ref",1
"items.yaml::FullItemResponse","items.yaml::FullItem","internal_schema_ref",1
"items.yaml::FullItemResponse","items.yaml::FullItemIncluded","internal_schema_ref",1
"items.yaml::ItemMarketplace","items.yaml::SimpleEntity","external_schema_ref",1
"items.yaml::ItemMarketplaceListResponse","items.yaml::ItemMarketplace","internal_schema_ref",1
"items.yaml::ItemMarketplaceResponse","items.yaml::ItemMarketplace","internal_schema_ref",1
"items.yaml::ItemMarketplaceRequest","items.yaml::ItemMarketplace","internal_schema_ref",1
"items.yaml::ItemStockLevel","items.yaml::SimpleEntity","external_schema_ref",1
"items.yaml::ItemStockLevelResponse","items.yaml::ItemStockLevel","internal_schema_ref",1
"items.yaml::ItemStockLevelListResponse","items.yaml::ItemStockLevel","internal_schema_ref",1
"items.yaml::ItemStockLevelRequest","items.yaml::ItemStockLevel","internal_schema_ref",1
"items.yaml::GET /items/{itemId}/units-of-measurement/{unitOfMeasurementId}","items.yaml::ItemUnitOfMeasurementResponse","operation_internal_schema_ref",1
"items.yaml::PATCH /items/{itemId}/units-of-measurement/{unitOfMeasurementId}","items.yaml::ItemUnitOfMeasurementRequest","operation_internal_schema_ref",1
"items.yaml::PATCH /items/{itemId}/units-of-measurement/{unitOfMeasurementId}","items.yaml::ItemUnitOfMeasurementResponse","operation_internal_schema_ref",1
"items.yaml::PATCH /items/{itemId}/units-of-measurement/{unitOfMeasurementId}","jsonapi.yaml::failure","operation_external_schema_ref",1
"items.yaml::DELETE /items/{itemId}/units-of-measurement/{unitOfMeasurementId}","jsonapi.yaml::failure","operation_external_schema_ref",1
"items.yaml::GET /items/{itemId}/units-of-measurement","jsonapi.yaml::pageSize","operation_external_schema_ref",1
"items.yaml::GET /items/{itemId}/units-of-measurement","jsonapi.yaml::pageNumber","operation_external_schema_ref",1
"items.yaml::GET /items/{itemId}/units-of-measurement","jsonapi.yaml::sort","operation_external_schema_ref",1
"items.yaml::GET /items/{itemId}/units-of-measurement","jsonapi.yaml::include","operation_external_schema_ref",1
"items.yaml::GET /items/{itemId}/units-of-measurement","items.yaml::ItemUnitOfMeasurementListResponse","operation_internal_schema_ref",1
"items.yaml::GET /items/{itemId}/units-of-measurement","jsonapi.yaml::failure","operation_external_schema_ref",1
"items.yaml::POST /items/{itemId}/units-of-measurement","items.yaml::ItemUnitOfMeasurementRequest","operation_internal_schema_ref",1
"items.yaml::POST /items/{itemId}/units-of-measurement","items.yaml::ItemUnitOfMeasurementResponse","operation_internal_schema_ref",1
"items.yaml::POST /items/{itemId}/units-of-measurement","jsonapi.yaml::failure","operation_external_schema_ref",1
"items.yaml::GET /items/{id}","jsonapi.yaml::marketplace","operation_external_schema_ref",1
"items.yaml::GET /items/{id}","items.yaml::ItemResponse","operation_internal_schema_ref",1
"items.yaml::PATCH /items/{id}","items.yaml::ItemRequest","operation_internal_schema_ref",1
"items.yaml::PATCH /items/{id}","items.yaml::ItemResponse","operation_internal_schema_ref",1
"items.yaml::PATCH /items/{id}","jsonapi.yaml::failure","operation_external_schema_ref",1
"items.yaml::DELETE /items/{id}","jsonapi.yaml::failure","operation_external_schema_ref",1
"items.yaml::GET /items/{id}/full","items.yaml::FullItemResponse","operation_internal_schema_ref",1
"items.yaml::POST /items/{id}/edit","items.yaml::ItemResponse","operation_internal_schema_ref",1
"items.yaml::POST /items/{id}/edit","jsonapi.yaml::failure","operation_external_schema_ref",1
"items.yaml::POST /items/{id}/publish","items.yaml::ItemResponse","operation_internal_schema_ref",1
"items.yaml::POST /items/{id}/publish","jsonapi.yaml::failure","operation_external_schema_ref",1
"items.yaml::POST /items/{id}/clone","items.yaml::ClonedItemRequest","operation_internal_schema_ref",1
"items.yaml::POST /items/{id}/clone","items.yaml::ItemResponse","operation_internal_schema_ref",1
"items.yaml::POST /items/{id}/clone","jsonapi.yaml::failure","operation_external_schema_ref",1
"items.yaml::GET /items/{id}/draft-ownership","jsonapi.yaml::failure","operation_external_schema_ref",1
"items.yaml::PATCH /items/{id}/draft-ownership","core.yaml::ChangeDraftEntityOwnershipRequest","operation_external_schema_ref",1
"items.yaml::PATCH /items/{id}/draft-ownership","jsonapi.yaml::failure","operation_external_schema_ref",1
"items.yaml::GET /items/{id}/marketplaces","items.yaml::ItemMarketplaceListResponse","operation_internal_schema_ref",1
"items.yaml::POST /items/{id}/marketplaces","items.yaml::ItemMarketplaceRequest","operation_internal_schema_ref",1
"items.yaml::POST /items/{id}/marketplaces","items.yaml::ItemMarketplaceListResponse","operation_internal_schema_ref",1
"items.yaml::POST /items/{id}/marketplaces","jsonapi.yaml::failure","operation_external_schema_ref",1
"items.yaml::DELETE /items/{itemId}/marketplaces/{marketplaceId}","jsonapi.yaml::failure","operation_external_schema_ref",1
"items.yaml::GET /items","jsonapi.yaml::pageSize","operation_external_schema_ref",1
"items.yaml::GET /items","jsonapi.yaml::pageNumber","operation_external_schema_ref",1
"items.yaml::GET /items","jsonapi.yaml::sort","operation_external_schema_ref",1
"items.yaml::GET /items","jsonapi.yaml::include","operation_external_schema_ref",1
"items.yaml::GET /items","core.yaml::filterOrganizationRequired","operation_external_schema_ref",1
"items.yaml::GET /items","items.yaml::ItemsCommonFilters","operation_internal_schema_ref",1
"items.yaml::GET /items","core.yaml::filterDynamic","operation_external_schema_ref",1
"items.yaml::GET /items","jsonapi.yaml::marketplace","operation_external_schema_ref",1
"items.yaml::GET /items","items.yaml::ItemListResponse","operation_internal_schema_ref",1
"items.yaml::GET /items","jsonapi.yaml::failure","operation_external_schema_ref",1
"items.yaml::POST /items","items.yaml::ItemRequest","operation_internal_schema_ref",1
"items.yaml::POST /items","items.yaml::ItemResponse","operation_internal_schema_ref",1
"items.yaml::POST /items","jsonapi.yaml::failure","operation_external_schema_ref",1
"items.yaml::POST /items/export","jsonapi.yaml::sort","operation_external_schema_ref",1
"items.yaml::POST /items/export","jsonapi.yaml::include","operation_external_schema_ref",1
"items.yaml::POST /items/export","jsonapi.yaml::acceptLanguage","operation_external_schema_ref",1
"items.yaml::POST /items/export","core.yaml::utcOffset","operation_external_schema_ref",1
"items.yaml::POST /items/export","core.yaml::templateIdParamRequired","operation_external_schema_ref",1
"items.yaml::POST /items/export","core.yaml::filterOrganizationRequired","operation_external_schema_ref",1
"items.yaml::POST /items/export","items.yaml::ItemsCommonFilters","operation_internal_schema_ref",1
"items.yaml::POST /items/export","core.yaml::filterDynamic","operation_external_schema_ref",1
"items.yaml::POST /items/export","jsonapi.yaml::info","operation_external_schema_ref",1
"items.yaml::POST /items/export","jsonapi.yaml::failure","operation_external_schema_ref",1
"items.yaml::GET /items/availability","items.yaml::AvailableStockListResponse","operation_internal_schema_ref",1
"items.yaml::GET /items/availability","jsonapi.yaml::failure","operation_external_schema_ref",1
"items.yaml::POST /items/availability","core.yaml::utcOffset","operation_external_schema_ref",1
"items.yaml::POST /items/availability","jsonapi.yaml::info","operation_external_schema_ref",1
"items.yaml::POST /items/availability","jsonapi.yaml::failure","operation_external_schema_ref",1
"items.yaml::PATCH /items/availability/{availabilityId}","core.yaml::filterOrganizationRequired","operation_external_schema_ref",1
"items.yaml::PATCH /items/availability/{availabilityId}","jsonapi.yaml::acceptLanguage","operation_external_schema_ref",1
"items.yaml::PATCH /items/availability/{availabilityId}","items.yaml::AvailableStockRequest","operation_internal_schema_ref",1
"items.yaml::PATCH /items/availability/{availabilityId}","items.yaml::AvailableStockResponse","operation_internal_schema_ref",1
"items.yaml::PATCH /items/availability/{availabilityId}","jsonapi.yaml::failure","operation_external_schema_ref",1
"items.yaml::GET /items/barcodes","jsonapi.yaml::pageSize","operation_external_schema_ref",1
"items.yaml::GET /items/barcodes","jsonapi.yaml::pageNumber","operation_external_schema_ref",1
"items.yaml::GET /items/barcodes","jsonapi.yaml::sort","operation_external_schema_ref",1
"items.yaml::GET /items/barcodes","jsonapi.yaml::include","operation_external_schema_ref",1
"items.yaml::GET /items/barcodes","core.yaml::filterOrganizationRequired","operation_external_schema_ref",1
"items.yaml::GET /items/barcodes","items.yaml::ItemBarcodeListResponse","operation_internal_schema_ref",1
"items.yaml::GET /items/barcodes","jsonapi.yaml::failure","operation_external_schema_ref",1
"items.yaml::POST /items/barcodes","items.yaml::ItemBarcodeRequest","operation_internal_schema_ref",1
"items.yaml::POST /items/barcodes","items.yaml::ItemBarcodeResponse","operation_internal_schema_ref",1
"items.yaml::POST /items/barcodes","jsonapi.yaml::failure","operation_external_schema_ref",1
"items.yaml::PATCH /items/barcodes/{barcodeId}","items.yaml::ItemBarcodeRequest","operation_internal_schema_ref",1
"items.yaml::PATCH /items/barcodes/{barcodeId}","items.yaml::ItemBarcodeResponse","operation_internal_schema_ref",1
"items.yaml::PATCH /items/barcodes/{barcodeId}","jsonapi.yaml::failure","operation_external_schema_ref",1
"items.yaml::DELETE /items/barcodes/{barcodeId}","jsonapi.yaml::failure","operation_external_schema_ref",1
"items.yaml::GET /items/units-of-measurement","jsonapi.yaml::pageSize","operation_external_schema_ref",1
"items.yaml::GET /items/units-of-measurement","jsonapi.yaml::pageNumber","operation_external_schema_ref",1
"items.yaml::GET /items/units-of-measurement","jsonapi.yaml::sort","operation_external_schema_ref",1
"items.yaml::GET /items/units-of-measurement","jsonapi.yaml::acceptLanguage","operation_external_schema_ref",1
"items.yaml::GET /items/units-of-measurement","items.yaml::DocItemUnitOfMeasurementListResponse","operation_internal_schema_ref",1
"items.yaml::GET /items/units-of-measurement","jsonapi.yaml::failure","operation_external_schema_ref",1
"items.yaml::POST /items/{itemId}/tags/{tagId}","jsonapi.yaml::failure","operation_external_schema_ref",1
"items.yaml::DELETE /items/{itemId}/tags/{tagId}","jsonapi.yaml::failure","operation_external_schema_ref",1
"items.yaml::PATCH /items/tags","core.yaml::filterOrganizationRequired","operation_external_schema_ref",1
"items.yaml::PATCH /items/tags","items.yaml::ItemsCommonFilters","operation_internal_schema_ref",1
"items.yaml::PATCH /items/tags","core.yaml::filterDynamic","operation_external_schema_ref",1
"items.yaml::PATCH /items/tags","jsonapi.yaml::acceptLanguage","operation_external_schema_ref",1
"items.yaml::PATCH /items/tags","core.yaml::TagsOperation","operation_external_schema_ref",1
"items.yaml::PATCH /items/tags","jsonapi.yaml::failure","operation_external_schema_ref",1
"items.yaml::PATCH /items/{itemId}/tags","jsonapi.yaml::failure","operation_external_schema_ref",1
"items.yaml::PATCH /items/marketplaces","core.yaml::filterOrganizationRequired","operation_external_schema_ref",1
"items.yaml::PATCH /items/marketplaces","items.yaml::ItemsCommonFilters","operation_internal_schema_ref",1
"items.yaml::PATCH /items/marketplaces","core.yaml::filterDynamic","operation_external_schema_ref",1
"items.yaml::PATCH /items/marketplaces","jsonapi.yaml::acceptLanguage","operation_external_schema_ref",1
"items.yaml::PATCH /items/marketplaces","items.yaml::ItemMarketplaceOperation","operation_internal_schema_ref",1
"items.yaml::PATCH /items/marketplaces","jsonapi.yaml::failure","operation_external_schema_ref",1
"items.yaml::GET /items/sheets","core.yaml::filterOrganizationRequired","operation_external_schema_ref",1
"items.yaml::GET /items/sheets","entityAttributes.yaml::appIdFilter","operation_external_schema_ref",1
"items.yaml::GET /items/sheets","jsonapi.yaml::acceptLanguage","operation_external_schema_ref",1
"items.yaml::GET /items/sheets","jsonapi.yaml::marketplace","operation_external_schema_ref",1
"items.yaml::GET /items/sheets","entityAttributes.yaml::EntitySheetListResponse","operation_external_schema_ref",1
"items.yaml::GET /items/sheets","jsonapi.yaml::failure","operation_external_schema_ref",1
"items.yaml::GET /item-statuses","jsonapi.yaml::pageSize","operation_external_schema_ref",1
"items.yaml::GET /item-statuses","jsonapi.yaml::pageNumber","operation_external_schema_ref",1
"items.yaml::GET /item-statuses","jsonapi.yaml::sort","operation_external_schema_ref",1
"items.yaml::GET /item-statuses","jsonapi.yaml::include","operation_external_schema_ref",1
"items.yaml::GET /item-statuses","jsonapi.yaml::acceptLanguage","operation_external_schema_ref",1
"items.yaml::GET /item-statuses","items.yaml::ItemStatusListResponse","operation_internal_schema_ref",1
"items.yaml::GET /item-statuses","jsonapi.yaml::failure","operation_external_schema_ref",1
"items.yaml::GET /item-instances","jsonapi.yaml::pageSize","operation_external_schema_ref",1
"items.yaml::GET /item-instances","jsonapi.yaml::pageNumber","operation_external_schema_ref",1
"items.yaml::GET /item-instances","jsonapi.yaml::sort","operation_external_schema_ref",1
"items.yaml::GET /item-instances","jsonapi.yaml::include","operation_external_schema_ref",1
"items.yaml::GET /item-instances","core.yaml::filterOrganizationRequired","operation_external_schema_ref",1
"items.yaml::GET /item-instances","core.yaml::filterDynamic","operation_external_schema_ref",1
"items.yaml::GET /item-instances","items.yaml::ListItemInstanceResponse","operation_internal_schema_ref",1
"items.yaml::GET /item-instances","jsonapi.yaml::failure","operation_external_schema_ref",1
"items.yaml::POST /item-instances","items.yaml::ItemInstanceRequest","operation_internal_schema_ref",1
"items.yaml::POST /item-instances","items.yaml::ItemInstanceResponse","operation_internal_schema_ref",1
"items.yaml::POST /item-instances","jsonapi.yaml::failure","operation_external_schema_ref",1
"items.yaml::GET /item-instances/{id}","items.yaml::ItemInstanceResponse","operation_internal_schema_ref",1
"items.yaml::PATCH /item-instances/{id}","items.yaml::ItemInstanceRequest","operation_internal_schema_ref",1
"items.yaml::PATCH /item-instances/{id}","items.yaml::ItemInstanceResponse","operation_internal_schema_ref",1
"items.yaml::PATCH /item-instances/{id}","jsonapi.yaml::failure","operation_external_schema_ref",1
"items.yaml::DELETE /item-instances/{id}","jsonapi.yaml::failure","operation_external_schema_ref",1
"items.yaml::GET /item-instances/{id}/line-instances","jsonapi.yaml::pageSize","operation_external_schema_ref",1
"items.yaml::GET /item-instances/{id}/line-instances","jsonapi.yaml::pageNumber","operation_external_schema_ref",1
"items.yaml::GET /item-instances/{id}/line-instances","jsonapi.yaml::sort","operation_external_schema_ref",1
"items.yaml::GET /item-instances/{id}/line-instances","jsonapi.yaml::include","operation_external_schema_ref",1
"items.yaml::GET /item-instances/{id}/line-instances","jsonapi.yaml::acceptLanguage","operation_external_schema_ref",1
"items.yaml::GET /item-instances/{id}/line-instances","items.yaml::DocLineInstanceListResponse","operation_internal_schema_ref",1
"items.yaml::GET /item-instances/{id}/line-instances","jsonapi.yaml::failure","operation_external_schema_ref",1
"items.yaml::GET /item-instances/{id}/warehouse-item-entries","items.yaml::WarehouseItemEntryListResponse","operation_internal_schema_ref",1
"items.yaml::GET /item-instances/{id}/warehouse-item-entries","jsonapi.yaml::failure","operation_external_schema_ref",1
"items.yaml::GET /item-instances/availability","jsonapi.yaml::pageSize","operation_external_schema_ref",1
"items.yaml::GET /item-instances/availability","jsonapi.yaml::pageNumber","operation_external_schema_ref",1
"items.yaml::GET /item-instances/availability","jsonapi.yaml::sort","operation_external_schema_ref",1
"items.yaml::GET /item-instances/availability","jsonapi.yaml::include","operation_external_schema_ref",1
"items.yaml::GET /item-instances/availability","jsonapi.yaml::acceptLanguage","operation_external_schema_ref",1
"items.yaml::GET /item-instances/availability","core.yaml::filterOrganizationRequired","operation_external_schema_ref",1
"items.yaml::GET /item-instances/availability","items.yaml::AvailableStockListResponse","operation_internal_schema_ref",1
"items.yaml::GET /item-instances/availability","jsonapi.yaml::failure","operation_external_schema_ref",1
"items.yaml::POST /item-instances/availability","jsonapi.yaml::sort","operation_external_schema_ref",1
"items.yaml::POST /item-instances/availability","jsonapi.yaml::acceptLanguage","operation_external_schema_ref",1
"items.yaml::POST /item-instances/availability","core.yaml::filterOrganizationRequired","operation_external_schema_ref",1
"items.yaml::POST /item-instances/availability","core.yaml::utcOffset","operation_external_schema_ref",1
"items.yaml::POST /item-instances/availability","core.yaml::templateIdParamRequired","operation_external_schema_ref",1
"items.yaml::POST /item-instances/availability","jsonapi.yaml::info","operation_external_schema_ref",1
"items.yaml::POST /item-instances/availability","jsonapi.yaml::failure","operation_external_schema_ref",1
"items.yaml::GET /item-instances/sheets","core.yaml::filterOrganizationRequired","operation_external_schema_ref",1
"items.yaml::GET /item-instances/sheets","entityAttributes.yaml::appIdFilter","operation_external_schema_ref",1
"items.yaml::GET /item-instances/sheets","jsonapi.yaml::acceptLanguage","operation_external_schema_ref",1
"items.yaml::GET /item-instances/sheets","entityAttributes.yaml::EntitySheetListResponse","operation_external_schema_ref",1
"items.yaml::GET /item-instances/sheets","jsonapi.yaml::failure","operation_external_schema_ref",1
"items.yaml::GET /item-instances/assets","jsonapi.yaml::pageSize","operation_external_schema_ref",1
"items.yaml::GET /item-instances/assets","jsonapi.yaml::pageNumber","operation_external_schema_ref",1
"items.yaml::GET /item-instances/assets","jsonapi.yaml::sort","operation_external_schema_ref",1
"items.yaml::GET /item-instances/assets","jsonapi.yaml::include","operation_external_schema_ref",1
"items.yaml::GET /item-instances/assets","core.yaml::filterOrganizationRequired","operation_external_schema_ref",1
"items.yaml::GET /item-instances/assets","core.yaml::filterDynamic","operation_external_schema_ref",1
"items.yaml::GET /item-instances/assets","items.yaml::AssetListResponse","operation_internal_schema_ref",1
"items.yaml::GET /item-instances/assets","jsonapi.yaml::failure","operation_external_schema_ref",1
"items.yaml::POST /item-instances/assets","items.yaml::AssetRequest","operation_internal_schema_ref",1
"items.yaml::POST /item-instances/assets","items.yaml::AssetResponse","operation_internal_schema_ref",1
"items.yaml::POST /item-instances/assets","jsonapi.yaml::failure","operation_external_schema_ref",1
"items.yaml::GET /item-instances/assets/{assetId}","items.yaml::AssetResponse","operation_internal_schema_ref",1
"items.yaml::PATCH /item-instances/assets/{assetId}","items.yaml::AssetRequest","operation_internal_schema_ref",1
"items.yaml::PATCH /item-instances/assets/{assetId}","items.yaml::AssetResponse","operation_internal_schema_ref",1
"items.yaml::PATCH /item-instances/assets/{assetId}","jsonapi.yaml::failure","operation_external_schema_ref",1
"items.yaml::DELETE /item-instances/assets/{assetId}","jsonapi.yaml::failure","operation_external_schema_ref",1
"items.yaml::POST /item-instances/assets/export","core.yaml::filterOrganizationRequired","operation_external_schema_ref",1
"items.yaml::POST /item-instances/assets/export","core.yaml::templateIdParamRequired","operation_external_schema_ref",1
"items.yaml::POST /item-instances/assets/export","core.yaml::utcOffset","operation_external_schema_ref",1
"items.yaml::POST /item-instances/assets/export","jsonapi.yaml::sort","operation_external_schema_ref",1
"items.yaml::POST /item-instances/assets/export","jsonapi.yaml::acceptLanguage","operation_external_schema_ref",1
"items.yaml::POST /item-instances/assets/export","core.yaml::filterDynamic","operation_external_schema_ref",1
"items.yaml::POST /item-instances/assets/export","jsonapi.yaml::info","operation_external_schema_ref",1
"items.yaml::POST /item-instances/assets/export","jsonapi.yaml::failure","operation_external_schema_ref",1
"items.yaml::GET /allergens","jsonapi.yaml::pageSize","operation_external_schema_ref",1
"items.yaml::GET /allergens","jsonapi.yaml::pageNumber","operation_external_schema_ref",1
"items.yaml::GET /allergens","jsonapi.yaml::sort","operation_external_schema_ref",1
"items.yaml::GET /allergens","items.yaml::AllergenListResponse","operation_internal_schema_ref",1
"items.yaml::GET /allergens","jsonapi.yaml::failure","operation_external_schema_ref",1
"items.yaml::GET /allergens/{allergenId}","items.yaml::AllergenResponse","operation_internal_schema_ref",1
"items.yaml::GET /items/{itemId}/allergens","jsonapi.yaml::pageSize","operation_external_schema_ref",1
"items.yaml::GET /items/{itemId}/allergens","jsonapi.yaml::pageNumber","operation_external_schema_ref",1
"items.yaml::GET /items/{itemId}/allergens","jsonapi.yaml::sort","operation_external_schema_ref",1
"items.yaml::GET /items/{itemId}/allergens","jsonapi.yaml::include","operation_external_schema_ref",1
"items.yaml::GET /items/{itemId}/allergens","items.yaml::ItemAllergenListResponse","operation_internal_schema_ref",1
"items.yaml::GET /items/{itemId}/allergens","jsonapi.yaml::failure","operation_external_schema_ref",1
"items.yaml::GET /items/{itemId}/containments/{allergenContainmentTypeId}/allergens/{allergenId}","items.yaml::ItemAllergenResponse","operation_internal_schema_ref",1
"items.yaml::POST /items/{itemId}/containments/{allergenContainmentTypeId}/allergens/{allergenId}","items.yaml::ItemAllergenResponse","operation_internal_schema_ref",1
"items.yaml::POST /items/{itemId}/containments/{allergenContainmentTypeId}/allergens/{allergenId}","jsonapi.yaml::failure","operation_external_schema_ref",1
"items.yaml::DELETE /items/{itemId}/containments/{allergenContainmentTypeId}/allergens/{allergenId}","jsonapi.yaml::failure","operation_external_schema_ref",1
"items.yaml::GET /item-categories","jsonapi.yaml::pageSize","operation_external_schema_ref",1
"items.yaml::GET /item-categories","jsonapi.yaml::pageNumber","operation_external_schema_ref",1
"items.yaml::GET /item-categories","jsonapi.yaml::sort","operation_external_schema_ref",1
"items.yaml::GET /item-categories","jsonapi.yaml::acceptLanguage","operation_external_schema_ref",1
"items.yaml::GET /item-categories","core.yaml::filterOrganizationRequired","operation_external_schema_ref",1
"items.yaml::GET /item-categories","items.yaml::ItemCategoryListResponse","operation_internal_schema_ref",1
"items.yaml::GET /item-categories","jsonapi.yaml::failure","operation_external_schema_ref",1
"items.yaml::GET /item-categories/{id}","items.yaml::ItemCategoryResponse","operation_internal_schema_ref",1
"items.yaml::GET /item-categories/{id}/units-of-measurement","jsonapi.yaml::sort","operation_external_schema_ref",1
"items.yaml::GET /item-categories/{id}/units-of-measurement","jsonapi.yaml::include","operation_external_schema_ref",1
"items.yaml::GET /item-categories/{id}/units-of-measurement","items.yaml::ItemCategoryUnitOfMeasurementListResponse","operation_internal_schema_ref",1
"items.yaml::GET /item-categories/{id}/units-of-measurement","jsonapi.yaml::failure","operation_external_schema_ref",1
"items.yaml::GET /nutrition-facts","jsonapi.yaml::pageSize","operation_external_schema_ref",1
"items.yaml::GET /nutrition-facts","jsonapi.yaml::pageNumber","operation_external_schema_ref",1
"items.yaml::GET /nutrition-facts","jsonapi.yaml::sort","operation_external_schema_ref",1
"items.yaml::GET /nutrition-facts","jsonapi.yaml::include","operation_external_schema_ref",1
"items.yaml::GET /nutrition-facts","jsonapi.yaml::filterSearch","operation_external_schema_ref",1
"items.yaml::GET /nutrition-facts","jsonapi.yaml::acceptLanguage","operation_external_schema_ref",1
"items.yaml::GET /nutrition-facts","items.yaml::NutritionFactListResponse","operation_internal_schema_ref",1
"items.yaml::GET /nutrition-facts","jsonapi.yaml::failure","operation_external_schema_ref",1
"items.yaml::GET /nutrition-facts/{id}","items.yaml::NutritionFactResponse","operation_internal_schema_ref",1
"items.yaml::GET /items/{itemId}/nutrition-facts","jsonapi.yaml::pageSize","operation_external_schema_ref",1
"items.yaml::GET /items/{itemId}/nutrition-facts","jsonapi.yaml::pageNumber","operation_external_schema_ref",1
"items.yaml::GET /items/{itemId}/nutrition-facts","jsonapi.yaml::sort","operation_external_schema_ref",1
"items.yaml::GET /items/{itemId}/nutrition-facts","jsonapi.yaml::include","operation_external_schema_ref",1
"items.yaml::GET /items/{itemId}/nutrition-facts","jsonapi.yaml::filterSearch","operation_external_schema_ref",1
"items.yaml::GET /items/{itemId}/nutrition-facts","items.yaml::ItemNutritionFactListResponse","operation_internal_schema_ref",1
"items.yaml::POST /items/{itemId}/nutrition-facts","items.yaml::ItemNutritionFactRequest","operation_internal_schema_ref",1
"items.yaml::POST /items/{itemId}/nutrition-facts","items.yaml::ItemNutritionFactResponse","operation_internal_schema_ref",1
"items.yaml::POST /items/{itemId}/nutrition-facts","jsonapi.yaml::failure","operation_external_schema_ref",1
"items.yaml::GET /items/{itemId}/nutrition-facts/{nutritionFactId}","items.yaml::ItemNutritionFactResponse","operation_internal_schema_ref",1
"items.yaml::PATCH /items/{itemId}/nutrition-facts/{nutritionFactId}","items.yaml::ItemNutritionFactRequest","operation_internal_schema_ref",1
"items.yaml::PATCH /items/{itemId}/nutrition-facts/{nutritionFactId}","items.yaml::ItemNutritionFactResponse","operation_internal_schema_ref",1
"items.yaml::PATCH /items/{itemId}/nutrition-facts/{nutritionFactId}","jsonapi.yaml::failure","operation_external_schema_ref",1
"items.yaml::DELETE /items/{itemId}/nutrition-facts/{nutritionFactId}","jsonapi.yaml::failure","operation_external_schema_ref",1
"items.yaml::GET /items/{itemId}/packaging-parts","jsonapi.yaml::pageSize","operation_external_schema_ref",1
"items.yaml::GET /items/{itemId}/packaging-parts","jsonapi.yaml::pageNumber","operation_external_schema_ref",1
"items.yaml::GET /items/{itemId}/packaging-parts","jsonapi.yaml::sort","operation_external_schema_ref",1
"items.yaml::GET /items/{itemId}/packaging-parts","jsonapi.yaml::include","operation_external_schema_ref",1
"items.yaml::GET /items/{itemId}/packaging-parts","items.yaml::ItemPackagingPartListResponse","operation_internal_schema_ref",1
"items.yaml::GET /items/{itemId}/packaging-parts","jsonapi.yaml::failure","operation_external_schema_ref",1
"items.yaml::POST /items/{itemId}/packaging-parts","items.yaml::ItemPackagingPartRequest","operation_internal_schema_ref",1
"items.yaml::POST /items/{itemId}/packaging-parts","items.yaml::ItemPackagingPartResponse","operation_internal_schema_ref",1
"items.yaml::POST /items/{itemId}/packaging-parts","jsonapi.yaml::failure","operation_external_schema_ref",1
"items.yaml::GET /items/{itemId}/packaging-parts/{packagingPartId}","items.yaml::ItemPackagingPartResponse","operation_internal_schema_ref",1
"items.yaml::PATCH /items/{itemId}/packaging-parts/{packagingPartId}","items.yaml::ItemPackagingPartRequest","operation_internal_schema_ref",1
"items.yaml::PATCH /items/{itemId}/packaging-parts/{packagingPartId}","items.yaml::ItemPackagingPartResponse","operation_internal_schema_ref",1
"items.yaml::PATCH /items/{itemId}/packaging-parts/{packagingPartId}","jsonapi.yaml::failure","operation_external_schema_ref",1
"items.yaml::DELETE /items/{itemId}/packaging-parts/{packagingPartId}","jsonapi.yaml::failure","operation_external_schema_ref",1
"items.yaml::GET /items/{itemId}/suppliers","jsonapi.yaml::pageSize","operation_external_schema_ref",1
"items.yaml::GET /items/{itemId}/suppliers","jsonapi.yaml::pageNumber","operation_external_schema_ref",1
"items.yaml::GET /items/{itemId}/suppliers","jsonapi.yaml::sort","operation_external_schema_ref",1
"items.yaml::GET /items/{itemId}/suppliers","jsonapi.yaml::acceptLanguage","operation_external_schema_ref",1
"items.yaml::GET /items/{itemId}/suppliers","core.yaml::filterOrganizationRequired","operation_external_schema_ref",1
"items.yaml::GET /items/{itemId}/suppliers","items.yaml::ItemSupplierListResponse","operation_internal_schema_ref",1
"items.yaml::GET /items/{itemId}/suppliers","jsonapi.yaml::failure","operation_external_schema_ref",1
"items.yaml::GET /items/{itemId}/suppliers/{supplierId}","items.yaml::ItemSupplierResponse","operation_internal_schema_ref",1
"items.yaml::GET /items/{itemId}/suppliers/{supplierId}","jsonapi.yaml::failure","operation_external_schema_ref",1
"items.yaml::POST /items/{itemId}/suppliers/{supplierId}","items.yaml::ItemSupplierRequest","operation_internal_schema_ref",1
"items.yaml::POST /items/{itemId}/suppliers/{supplierId}","items.yaml::ItemSupplierResponse","operation_internal_schema_ref",1
"items.yaml::POST /items/{itemId}/suppliers/{supplierId}","jsonapi.yaml::failure","operation_external_schema_ref",1
"items.yaml::PATCH /items/{itemId}/suppliers/{supplierId}","items.yaml::ItemSupplierRequest","operation_internal_schema_ref",1
"items.yaml::PATCH /items/{itemId}/suppliers/{supplierId}","items.yaml::ItemSupplierResponse","operation_internal_schema_ref",1
"items.yaml::PATCH /items/{itemId}/suppliers/{supplierId}","jsonapi.yaml::failure","operation_external_schema_ref",1
"items.yaml::DELETE /items/{itemId}/suppliers/{supplierId}","jsonapi.yaml::failure","operation_external_schema_ref",1
"items.yaml::GET /items/{originalItemId}/relations/{relationTypeId}","jsonapi.yaml::pageSize","operation_external_schema_ref",1
"items.yaml::GET /items/{originalItemId}/relations/{relationTypeId}","jsonapi.yaml::pageNumber","operation_external_schema_ref",1
"items.yaml::GET /items/{originalItemId}/relations/{relationTypeId}","jsonapi.yaml::sort","operation_external_schema_ref",1
"items.yaml::GET /items/{originalItemId}/relations/{relationTypeId}","jsonapi.yaml::include","operation_external_schema_ref",1
"items.yaml::GET /items/{originalItemId}/relations/{relationTypeId}","jsonapi.yaml::acceptLanguage","operation_external_schema_ref",1
"items.yaml::GET /items/{originalItemId}/relations/{relationTypeId}","core.yaml::filterOrganizationRequired","operation_external_schema_ref",1
"items.yaml::GET /items/{originalItemId}/relations/{relationTypeId}","items.yaml::ItemsRelatedFilters","operation_internal_schema_ref",1
"items.yaml::GET /items/{originalItemId}/relations/{relationTypeId}","items.yaml::ItemRelatedListResponse","operation_internal_schema_ref",1
"items.yaml::GET /items/{originalItemId}/relations/{relationTypeId}","jsonapi.yaml::failure","operation_external_schema_ref",1
"items.yaml::GET /items/{originalItemId}/relations/{relationTypeId}/related/{relatedItemId}","items.yaml::ItemRelatedResponse","operation_internal_schema_ref",1
"items.yaml::POST /items/{originalItemId}/relations/{relationTypeId}/related/{relatedItemId}","items.yaml::ItemRelatedLite","operation_internal_schema_ref",1
"items.yaml::POST /items/{originalItemId}/relations/{relationTypeId}/related/{relatedItemId}","items.yaml::ItemRelatedResponse","operation_internal_schema_ref",1
"items.yaml::POST /items/{originalItemId}/relations/{relationTypeId}/related/{relatedItemId}","jsonapi.yaml::failure","operation_external_schema_ref",1
"items.yaml::DELETE /items/{originalItemId}/relations/{relationTypeId}/related/{relatedItemId}","jsonapi.yaml::failure","operation_external_schema_ref",1
"items.yaml::GET /items/kpis","items.yaml::ItemsCommonFilters","operation_internal_schema_ref",1
"items.yaml::GET /items/kpis","core.yaml::KPIEntityListResponse","operation_external_schema_ref",1
"items.yaml::GET /items/kpis","jsonapi.yaml::failure","operation_external_schema_ref",1
"items.yaml::GET /items/kpis/{kpiId}","core.yaml::KPIEntityResponse","operation_external_schema_ref",1
"items.yaml::GET /items/{id}/kpis","core.yaml::KPIEntityListResponse","operation_external_schema_ref",1
"items.yaml::GET /items/{id}/kpis","jsonapi.yaml::failure","operation_external_schema_ref",1
"items.yaml::GET /items/{id}/minimum-stock-levels","jsonapi.yaml::pageSize","operation_external_schema_ref",1
"items.yaml::GET /items/{id}/minimum-stock-levels","jsonapi.yaml::pageNumber","operation_external_schema_ref",1
"items.yaml::GET /items/{id}/minimum-stock-levels","jsonapi.yaml::sort","operation_external_schema_ref",1
"items.yaml::GET /items/{id}/minimum-stock-levels","items.yaml::ItemStockLevelListResponse","operation_internal_schema_ref",1
"items.yaml::GET /items/{id}/minimum-stock-levels","jsonapi.yaml::failure","operation_external_schema_ref",1
"items.yaml::PUT /items/{id}/minimum-stock-levels","items.yaml::ItemStockLevelRequest","operation_internal_schema_ref",1
"items.yaml::PUT /items/{id}/minimum-stock-levels","items.yaml::ItemStockLevelListResponse","operation_internal_schema_ref",1
"items.yaml::PUT /items/{id}/minimum-stock-levels","jsonapi.yaml::failure","operation_external_schema_ref",1
"items.yaml::DELETE /items/{itemId}/minimum-stock-levels/{minStockLevelId}","jsonapi.yaml::failure","operation_external_schema_ref",1
"customerContracts.yaml::CustomerContractAsset","customerContracts.yaml::CustomerContractAssetRelationships","internal_schema_ref",1
"customerContracts.yaml::CustomerContractAssetsResponse","customerContracts.yaml::CustomerContractAsset","internal_schema_ref",1
"customerContracts.yaml::CustomerContractAssetsResponse","customerContracts.yaml::PaginationMeta","external_schema_ref",1
"customerContracts.yaml::CustomerContractAssetsResponse","customerContracts.yaml::pagination","external_schema_ref",1
"customerContracts.yaml::CustomerContractAssetsResponse","customerContracts.yaml::CustomerContractAssetIncluded","internal_schema_ref",1
"customerContracts.yaml::CustomerContractResponse","customerContracts.yaml::CustomerContract","internal_schema_ref",1
"customerContracts.yaml::CustomerContractResponse","customerContracts.yaml::CustomerContractIncluded","internal_schema_ref",1
"customerContracts.yaml::CustomerContractListResponse","customerContracts.yaml::CustomerContract","internal_schema_ref",1
"customerContracts.yaml::CustomerContractListResponse","customerContracts.yaml::PaginationMeta","external_schema_ref",1
"customerContracts.yaml::CustomerContractListResponse","customerContracts.yaml::pagination","external_schema_ref",1
"customerContracts.yaml::CustomerContractListResponse","customerContracts.yaml::CustomerContractIncluded","internal_schema_ref",1
"customerContracts.yaml::GET /customer-contracts","jsonapi.yaml::pageSize","operation_external_schema_ref",1
"customerContracts.yaml::GET /customer-contracts","jsonapi.yaml::pageNumber","operation_external_schema_ref",1
"customerContracts.yaml::GET /customer-contracts","jsonapi.yaml::sort","operation_external_schema_ref",1
"customerContracts.yaml::GET /customer-contracts","jsonapi.yaml::include","operation_external_schema_ref",1
"customerContracts.yaml::GET /customer-contracts","jsonapi.yaml::acceptLanguage","operation_external_schema_ref",1
"customerContracts.yaml::GET /customer-contracts","core.yaml::filterOrganizationRequired","operation_external_schema_ref",1
"customerContracts.yaml::GET /customer-contracts","customerContracts.yaml::CustomerContractListResponse","operation_internal_schema_ref",1
"customerContracts.yaml::GET /customer-contracts","jsonapi.yaml::failure","operation_external_schema_ref",1
"customerContracts.yaml::GET /customer-contracts/{id}","customerContracts.yaml::CustomerContractResponse","operation_internal_schema_ref",1
"customerContracts.yaml::GET /customer-contracts/assets","jsonapi.yaml::pageSize","operation_external_schema_ref",1
"customerContracts.yaml::GET /customer-contracts/assets","jsonapi.yaml::pageNumber","operation_external_schema_ref",1
"customerContracts.yaml::GET /customer-contracts/assets","jsonapi.yaml::sort","operation_external_schema_ref",1
"customerContracts.yaml::GET /customer-contracts/assets","jsonapi.yaml::include","operation_external_schema_ref",1
"customerContracts.yaml::GET /customer-contracts/assets","jsonapi.yaml::acceptLanguage","operation_external_schema_ref",1
"customerContracts.yaml::GET /customer-contracts/assets","core.yaml::filterOrganizationRequired","operation_external_schema_ref",1
"customerContracts.yaml::GET /customer-contracts/assets","customerContracts.yaml::CustomerContractAssetsResponse","operation_external_schema_ref",1
"customerContracts.yaml::GET /customer-contracts/assets","jsonapi.yaml::failure","operation_external_schema_ref",1
"customerContracts.yaml::POST /customer-contracts/export","jsonapi.yaml::sort","operation_external_schema_ref",1
"customerContracts.yaml::POST /customer-contracts/export","jsonapi.yaml::include","operation_external_schema_ref",1
"customerContracts.yaml::POST /customer-contracts/export","jsonapi.yaml::acceptLanguage","operation_external_schema_ref",1
"customerContracts.yaml::POST /customer-contracts/export","core.yaml::utcOffset","operation_external_schema_ref",1
"customerContracts.yaml::POST /customer-contracts/export","core.yaml::templateIdParamRequired","operation_external_schema_ref",1
"customerContracts.yaml::POST /customer-contracts/export","core.yaml::filterOrganizationRequired","operation_external_schema_ref",1
"customerContracts.yaml::POST /customer-contracts/export","jsonapi.yaml::info","operation_external_schema_ref",1
"customerContracts.yaml::POST /customer-contracts/export","jsonapi.yaml::failure","operation_external_schema_ref",1
"vehicles.yaml::Vehicle","vehicles.yaml::relToOne","external_schema_ref",1
"vehicles.yaml::VehicleIncluded","vehicles.yaml::Warehouse","external_schema_ref",1
"vehicles.yaml::VehicleResponse","vehicles.yaml::Vehicle","internal_schema_ref",1
"vehicles.yaml::VehicleResponse","vehicles.yaml::VehicleIncluded","internal_schema_ref",1
"vehicles.yaml::VehicleListResponse","vehicles.yaml::Vehicle","internal_schema_ref",1
"vehicles.yaml::VehicleListResponse","vehicles.yaml::PaginationMeta","external_schema_ref",1
"vehicles.yaml::VehicleListResponse","vehicles.yaml::pagination","external_schema_ref",1
"vehicles.yaml::VehicleListResponse","vehicles.yaml::VehicleIncluded","internal_schema_ref",1
"vehicles.yaml::GET /vehicles/{id}","vehicles.yaml::VehicleResponse","operation_internal_schema_ref",1
"vehicles.yaml::GET /vehicles","jsonapi.yaml::pageSize","operation_external_schema_ref",1
"vehicles.yaml::GET /vehicles","jsonapi.yaml::pageNumber","operation_external_schema_ref",1
"vehicles.yaml::GET /vehicles","jsonapi.yaml::sort","operation_external_schema_ref",1
"vehicles.yaml::GET /vehicles","jsonapi.yaml::include","operation_external_schema_ref",1
"vehicles.yaml::GET /vehicles","jsonapi.yaml::filterSearch","operation_external_schema_ref",1
"vehicles.yaml::GET /vehicles","jsonapi.yaml::acceptLanguage","operation_external_schema_ref",1
"vehicles.yaml::GET /vehicles","vehicles.yaml::VehicleListResponse","operation_internal_schema_ref",1
"vehicles.yaml::GET /vehicles","jsonapi.yaml::failure","operation_external_schema_ref",1
"messages.yaml::UserMessage","messages.yaml::MessagePriority","internal_schema_ref",1
"messages.yaml::UserMessage","messages.yaml::MessageReadingStatus","internal_schema_ref",1
"messages.yaml::UserMessage","messages.yaml::relToMany","external_schema_ref",1
"messages.yaml::UserMessage","messages.yaml::relToManyReadOnly","external_schema_ref",1
"messages.yaml::UserMessageListResponse","messages.yaml::UserMessage","internal_schema_ref",1
"messages.yaml::UserMessageListResponse","messages.yaml::PaginationMeta","external_schema_ref",1
"messages.yaml::UserMessageListResponse","messages.yaml::pagination","external_schema_ref",1
"messages.yaml::UserMessageListResponse","messages.yaml::UserMessageIncluded","internal_schema_ref",1
"messages.yaml::UserMessageResponse","messages.yaml::UserMessage","internal_schema_ref",1
"messages.yaml::UserMessageResponse","messages.yaml::UserMessageIncluded","internal_schema_ref",1
"messages.yaml::UserMessageRequest","messages.yaml::UserMessage","internal_schema_ref",1
"messages.yaml::UserMessageReturnReceipt","messages.yaml::MessageReadingStatus","internal_schema_ref",1
"messages.yaml::UserMessageReturnReceipt","messages.yaml::apiDateTimeReadOnly","external_schema_ref",1
"messages.yaml::UserMessageReturnReceiptListResponse","messages.yaml::UserMessageReturnReceipt","internal_schema_ref",1
"messages.yaml::UserMessageReturnReceiptListResponse","messages.yaml::PaginationMeta","external_schema_ref",1
"messages.yaml::UserMessageReturnReceiptListResponse","messages.yaml::pagination","external_schema_ref",1
"messages.yaml::GET /messages/incoming","jsonapi.yaml::pageSize","operation_external_schema_ref",1
"messages.yaml::GET /messages/incoming","jsonapi.yaml::pageNumber","operation_external_schema_ref",1
"messages.yaml::GET /messages/incoming","jsonapi.yaml::sort","operation_external_schema_ref",1
"messages.yaml::GET /messages/incoming","jsonapi.yaml::include","operation_external_schema_ref",1
"messages.yaml::GET /messages/incoming","jsonapi.yaml::acceptLanguage","operation_external_schema_ref",1
"messages.yaml::GET /messages/incoming","messages.yaml::UserMessageListResponse","operation_internal_schema_ref",1
"messages.yaml::GET /messages/incoming","jsonapi.yaml::failure","operation_external_schema_ref",1
"messages.yaml::POST /messages/message","jsonapi.yaml::acceptLanguage","operation_external_schema_ref",1
"messages.yaml::POST /messages/message","messages.yaml::UserMessageRequest","operation_internal_schema_ref",1
"messages.yaml::POST /messages/message","messages.yaml::UserMessageResponse","operation_internal_schema_ref",1
"messages.yaml::POST /messages/message","jsonapi.yaml::failure","operation_external_schema_ref",1
"messages.yaml::GET /messages/message/{id}","messages.yaml::UserMessageResponse","operation_internal_schema_ref",1
"messages.yaml::DELETE /messages/message/{id}","jsonapi.yaml::failure","operation_external_schema_ref",1
"messages.yaml::GET /messages/message/{id}/return-receipts","jsonapi.yaml::pageSize","operation_external_schema_ref",1
"messages.yaml::GET /messages/message/{id}/return-receipts","jsonapi.yaml::pageNumber","operation_external_schema_ref",1
"messages.yaml::GET /messages/message/{id}/return-receipts","jsonapi.yaml::sort","operation_external_schema_ref",1
"messages.yaml::GET /messages/message/{id}/return-receipts","jsonapi.yaml::acceptLanguage","operation_external_schema_ref",1
"messages.yaml::GET /messages/message/{id}/return-receipts","messages.yaml::UserMessageReturnReceiptListResponse","operation_internal_schema_ref",1
"messages.yaml::GET /messages/message/{id}/return-receipts","jsonapi.yaml::failure","operation_external_schema_ref",1
"messages.yaml::POST /messages/reading-status","messages.yaml::UserMessageReturnReceiptRequest","operation_internal_schema_ref",1
"messages.yaml::POST /messages/reading-status","jsonapi.yaml::failure","operation_external_schema_ref",1
"messages.yaml::GET /messages/recipients","jsonapi.yaml::pageSize","operation_external_schema_ref",1
"messages.yaml::GET /messages/recipients","jsonapi.yaml::pageNumber","operation_external_schema_ref",1
"messages.yaml::GET /messages/recipients","jsonapi.yaml::sort","operation_external_schema_ref",1
"messages.yaml::GET /messages/recipients","jsonapi.yaml::include","operation_external_schema_ref",1
"messages.yaml::GET /messages/recipients","jsonapi.yaml::acceptLanguage","operation_external_schema_ref",1
"messages.yaml::GET /messages/recipients","core.yaml::UserProfileListResponse","operation_external_schema_ref",1
"messages.yaml::GET /messages/recipients","jsonapi.yaml::failure","operation_external_schema_ref",1
"messages.yaml::GET /messages/senders","jsonapi.yaml::pageSize","operation_external_schema_ref",1
"messages.yaml::GET /messages/senders","jsonapi.yaml::pageNumber","operation_external_schema_ref",1
"messages.yaml::GET /messages/senders","jsonapi.yaml::sort","operation_external_schema_ref",1
"messages.yaml::GET /messages/senders","jsonapi.yaml::acceptLanguage","operation_external_schema_ref",1
"messages.yaml::GET /messages/senders","identities.yaml::IdentityListResponse","operation_external_schema_ref",1
"messages.yaml::GET /messages/senders","jsonapi.yaml::failure","operation_external_schema_ref",1
"messages.yaml::GET /messages/sent","jsonapi.yaml::pageSize","operation_external_schema_ref",1
"messages.yaml::GET /messages/sent","jsonapi.yaml::pageNumber","operation_external_schema_ref",1
"messages.yaml::GET /messages/sent","jsonapi.yaml::sort","operation_external_schema_ref",1
"messages.yaml::GET /messages/sent","jsonapi.yaml::include","operation_external_schema_ref",1
"messages.yaml::GET /messages/sent","jsonapi.yaml::acceptLanguage","operation_external_schema_ref",1
"messages.yaml::GET /messages/sent","messages.yaml::UserMessageListResponse","operation_internal_schema_ref",1
"messages.yaml::GET /messages/sent","jsonapi.yaml::failure","operation_external_schema_ref",1
"identities.yaml::IdentityAttributes","identities.yaml::apiDateTime","external_schema_ref",1
"identities.yaml::Identity","identities.yaml::IdentityAttributes","internal_schema_ref",1
"identities.yaml::IdentityListResponse","identities.yaml::Identity","internal_schema_ref",1
"identities.yaml::IdentityListResponse","identities.yaml::PaginationMeta","external_schema_ref",1
"identities.yaml::IdentityResponse","identities.yaml::Identity","internal_schema_ref",1
"identities.yaml::KeepAliveResponse","identities.yaml::apiDateTime","external_schema_ref",1
"identities.yaml::GET /identities/inhibited","identities.yaml::IdentityListResponse","operation_internal_schema_ref",1
"identities.yaml::GET /identities/inhibited","jsonapi.yaml::failure","operation_external_schema_ref",1
"identities.yaml::PATCH /identities/keep-alive","identities.yaml::KeepAliveResponse","operation_internal_schema_ref",1
"identities.yaml::POST /enrollment/code/{code}","identities.yaml::EnrollmentConfirmationRequest","operation_internal_schema_ref",1
"identities.yaml::POST /enrollment/code/{code}","jsonapi.yaml::failure","operation_external_schema_ref",1
"customers.yaml::CustomerOperations","customers.yaml::Operations","external_schema_ref",1
"customers.yaml::CustomerAttributes","customers.yaml::Address","external_schema_ref",1
"customers.yaml::CustomerAttributes","customers.yaml::Email","external_schema_ref",1
"customers.yaml::CustomerAttributes","customers.yaml::Phone","external_schema_ref",1
"customers.yaml::CustomerAttributes","customers.yaml::apiDate","external_schema_ref",1
"customers.yaml::CustomerAttributes","customers.yaml::SimpleEntity","external_schema_ref",1
"customers.yaml::CustomerAttributes","customers.yaml::isDraft","external_schema_ref",1
"customers.yaml::CustomerAttributes","customers.yaml::lastChangeTs","external_schema_ref",1
"customers.yaml::CustomerAttributesLite","customers.yaml::Address","external_schema_ref",1
"customers.yaml::CustomerAttributesLite","customers.yaml::Email","external_schema_ref",1
"customers.yaml::CustomerAttributesLite","customers.yaml::Phone","external_schema_ref",1
"customers.yaml::CustomerRelationships","customers.yaml::relToOneNullable","external_schema_ref",1
"customers.yaml::Customer","customers.yaml::CustomerAttributes","internal_schema_ref",1
"customers.yaml::Customer","customers.yaml::CustomerRelationships","internal_schema_ref",1
"customers.yaml::CustomerResponse","customers.yaml::Customer","internal_schema_ref",1
"customers.yaml::CustomerResponse","customers.yaml::CustomerIncluded","internal_schema_ref",1
"customers.yaml::CustomerListResponse","customers.yaml::Customer","internal_schema_ref",1
"customers.yaml::CustomerListResponse","customers.yaml::PaginationMeta","external_schema_ref",1
"customers.yaml::CustomerListResponse","customers.yaml::pagination","external_schema_ref",1
"customers.yaml::CustomerListResponse","customers.yaml::CustomerIncluded","internal_schema_ref",1
"customers.yaml::CustomerRequest","customers.yaml::Customer","internal_schema_ref",1
"customers.yaml::CustomerInfo","customers.yaml::Address","external_schema_ref",1
"customers.yaml::CustomerInfoListResponse","customers.yaml::CustomerInfo","internal_schema_ref",1
"customers.yaml::CustomerInfoListResponse","customers.yaml::PaginationMeta","external_schema_ref",1
"customers.yaml::CustomerInfoListResponse","customers.yaml::pagination","external_schema_ref",1
"customers.yaml::CustomerAccountAttributes","customers.yaml::CreditStatus","internal_schema_ref",1
"customers.yaml::CustomerAccountAttributes","customers.yaml::isDraft","external_schema_ref",1
"customers.yaml::CustomerAccountAttributes","customers.yaml::lastChangeTs","external_schema_ref",1
"customers.yaml::CustomerAccountAttributes","customers.yaml::ProcessingStatus","external_schema_ref",1
"customers.yaml::CustomerAccountAttributes","customers.yaml::EntityAttributeValue","external_schema_ref",1
"customers.yaml::CustomerAccountAttributesLite","customers.yaml::CreditStatus","internal_schema_ref",1
"customers.yaml::CustomerAccountAttributesLite","customers.yaml::EntityAttributeValue","external_schema_ref",1
"customers.yaml::CustomerAccountAttributesWithCustomer","customers.yaml::CustomerAccountAttributes","internal_schema_ref",1
"customers.yaml::CustomerAccountAttributesWithCustomer","customers.yaml::CustomerOperations","internal_schema_ref",1
"customers.yaml::CustomerAccountAttributesWithCustomer","customers.yaml::CustomerAttributes","internal_schema_ref",1
"customers.yaml::CustomerAccountAttributesWithCustomerLite","customers.yaml::CustomerAccountAttributesLite","internal_schema_ref",1
"customers.yaml::CustomerAccountAttributesWithCustomerLite","customers.yaml::CustomerAttributesLite","internal_schema_ref",1
"customers.yaml::CustomerAccount","customers.yaml::CustomerAccountAttributesWithCustomer","internal_schema_ref",1
"customers.yaml::CustomerAccount","customers.yaml::CustomerAccountFullRelationships","internal_schema_ref",1
"customers.yaml::CustomerAccountLite","customers.yaml::CustomerAccountAttributesWithCustomerLite","internal_schema_ref",1
"customers.yaml::CustomerAccountLite","customers.yaml::CustomerAccountFullRelationshipsLite","internal_schema_ref",1
"customers.yaml::CustomerAccountResponse","customers.yaml::CustomerAccount","internal_schema_ref",1
"customers.yaml::CustomerAccountResponse","customers.yaml::CustomerAccountIncluded","internal_schema_ref",1
"customers.yaml::CustomerAccountListResponse","customers.yaml::CustomerAccount","internal_schema_ref",1
"customers.yaml::CustomerAccountListResponse","customers.yaml::CustomerAccountListMeta","internal_schema_ref",1
"customers.yaml::CustomerAccountListResponse","customers.yaml::pagination","external_schema_ref",1
"customers.yaml::CustomerAccountListResponse","customers.yaml::CustomerAccountIncluded","internal_schema_ref",1
"customers.yaml::CustomerAccountCreate","customers.yaml::relToOne","external_schema_ref",1
"customers.yaml::CustomerAccountRequest","customers.yaml::CustomerAccountCreate","internal_schema_ref",1
"customers.yaml::CustomerAccountRequestLite","customers.yaml::CustomerAccountLite","internal_schema_ref",1
"customers.yaml::CustomerAccountFullResponse","customers.yaml::CustomerAccountFull","internal_schema_ref",1
"customers.yaml::CustomerAccountFullResponse","customers.yaml::CustomerAccountFullIncluded","internal_schema_ref",1
"customers.yaml::CustomerAccountFullListResponse","customers.yaml::CustomerAccountFull","internal_schema_ref",1
"customers.yaml::CustomerAccountFullListResponse","customers.yaml::PaginationMeta","external_schema_ref",1
"customers.yaml::CustomerAccountFullListResponse","customers.yaml::pagination","external_schema_ref",1
"customers.yaml::CustomerAccountFullListResponse","customers.yaml::CustomerAccountFullIncluded","internal_schema_ref",1
"customers.yaml::CustomerAccountFullAttributes","customers.yaml::CustomerAttributes","internal_schema_ref",1
"customers.yaml::CustomerAccountFullAttributes","customers.yaml::CustomerAccountAttributes","internal_schema_ref",1
"customers.yaml::CustomerAccountFullAttributes","customers.yaml::CustomerOperations","internal_schema_ref",1
"customers.yaml::CustomerAccountFullRelationships","customers.yaml::CustomerRelationships","internal_schema_ref",1
"customers.yaml::CustomerAccountFullRelationships","customers.yaml::CustomerAccountRelationships","internal_schema_ref",1
"customers.yaml::CustomerAccountFullRelationshipsLite","customers.yaml::CustomerRelationshipsLite","internal_schema_ref",1
"customers.yaml::CustomerAccountFullRelationshipsLite","customers.yaml::CustomerAccountRelationshipsLite","internal_schema_ref",1
"customers.yaml::CustomerAccountFull","customers.yaml::CustomerAccountFullAttributes","internal_schema_ref",1
"customers.yaml::CustomerAccountFull","customers.yaml::CustomerAccountFullRelationships","internal_schema_ref",1
"customers.yaml::LinkableCustomerAccount","customers.yaml::LinkableCustomerAccountAttributesWithCustomer","internal_schema_ref",1
"customers.yaml::LinkableCustomerAccountAttributesWithCustomer","customers.yaml::LinkingInfo","internal_schema_ref",1
"customers.yaml::LinkableCustomerAccountAttributesWithCustomer","customers.yaml::CustomerAccountAttributes","internal_schema_ref",1
"customers.yaml::LinkableCustomerAccountAttributesWithCustomer","customers.yaml::CustomerAttributes","internal_schema_ref",1
"customers.yaml::CustomerTask","customers.yaml::TaskAttributes","external_schema_ref",1
"customers.yaml::CustomerTask","customers.yaml::AssigneeType","external_schema_ref",1
"customers.yaml::CustomerTask","customers.yaml::TaskRelationships","external_schema_ref",1
"customers.yaml::CustomerTaskRequest","customers.yaml::CustomerTask","internal_schema_ref",1
"customers.yaml::SalesOrderEligibility","customers.yaml::DeliveryDateType","external_schema_ref",1
"customers.yaml::SalesOrderEligibility","customers.yaml::PriceVisibilityMode","external_schema_ref",1
"customers.yaml::SalesOrderEligibility","customers.yaml::CreditStatus","internal_schema_ref",1
"customers.yaml::SalesOrderEligibilityResponse","customers.yaml::SalesOrderEligibility","internal_schema_ref",1
"customers.yaml::GET /customers/{id}","customers.yaml::CustomerResponse","operation_internal_schema_ref",1
"customers.yaml::DELETE /customers/{id}","jsonapi.yaml::failure","operation_external_schema_ref",1
"customers.yaml::GET /customers","jsonapi.yaml::pageSize","operation_external_schema_ref",1
"customers.yaml::GET /customers","jsonapi.yaml::pageNumber","operation_external_schema_ref",1
"customers.yaml::GET /customers","jsonapi.yaml::sort","operation_external_schema_ref",1
"customers.yaml::GET /customers","jsonapi.yaml::include","operation_external_schema_ref",1
"customers.yaml::GET /customers","jsonapi.yaml::acceptLanguage","operation_external_schema_ref",1
"customers.yaml::GET /customers","customers.yaml::CustomerListResponse","operation_internal_schema_ref",1
"customers.yaml::GET /customers","jsonapi.yaml::failure","operation_external_schema_ref",1
"customers.yaml::PATCH /customers/{id}/status","customers.yaml::CustomerStatusRequest","operation_internal_schema_ref",1
"customers.yaml::PATCH /customers/{id}/status","customers.yaml::CustomerResponse","operation_internal_schema_ref",1
"customers.yaml::PATCH /customers/{id}/status","jsonapi.yaml::failure","operation_external_schema_ref",1
"customers.yaml::GET /customer-accounts/{id}","customers.yaml::CustomerAccountResponse","operation_internal_schema_ref",1
"customers.yaml::PATCH /customer-accounts/{id}","customers.yaml::CustomerAccountRequestLite","operation_internal_schema_ref",1
"customers.yaml::PATCH /customer-accounts/{id}","customers.yaml::CustomerAccountResponse","operation_internal_schema_ref",1
"customers.yaml::PATCH /customer-accounts/{id}","jsonapi.yaml::failure","operation_external_schema_ref",1
"customers.yaml::DELETE /customer-accounts/{id}","jsonapi.yaml::failure","operation_external_schema_ref",1
"customers.yaml::GET /customer-accounts/{id}/tasks","jsonapi.yaml::pageSize","operation_external_schema_ref",1
"customers.yaml::GET /customer-accounts/{id}/tasks","jsonapi.yaml::pageNumber","operation_external_schema_ref",1
"customers.yaml::GET /customer-accounts/{id}/tasks","jsonapi.yaml::include","operation_external_schema_ref",1
"customers.yaml::GET /customer-accounts/{id}/tasks","core.yaml::filterOrganizationRequired","operation_external_schema_ref",1
"customers.yaml::GET /customer-accounts/{id}/tasks","jsonapi.yaml::acceptLanguage","operation_external_schema_ref",1
"customers.yaml::GET /customer-accounts/{id}/tasks","core.yaml::PartyTaskListResponse","operation_external_schema_ref",1
"customers.yaml::GET /customer-accounts/{id}/tasks","jsonapi.yaml::failure","operation_external_schema_ref",1
"customers.yaml::GET /customer-accounts","jsonapi.yaml::pageSize","operation_external_schema_ref",1
"customers.yaml::GET /customer-accounts","jsonapi.yaml::pageNumber","operation_external_schema_ref",1
"customers.yaml::GET /customer-accounts","jsonapi.yaml::sort","operation_external_schema_ref",1
"customers.yaml::GET /customer-accounts","jsonapi.yaml::include","operation_external_schema_ref",1
"customers.yaml::GET /customer-accounts","core.yaml::LinkedUserProfileId","operation_external_schema_ref",1
"customers.yaml::GET /customer-accounts","core.yaml::filterOrganizationRequired","operation_external_schema_ref",1
"customers.yaml::GET /customer-accounts","jsonapi.yaml::acceptLanguage","operation_external_schema_ref",1
"customers.yaml::GET /customer-accounts","jsonapi.yaml::marketplace","operation_external_schema_ref",1
"customers.yaml::GET /customer-accounts","customers.yaml::CustomerAccountListResponse","operation_internal_schema_ref",1
"customers.yaml::GET /customer-accounts","jsonapi.yaml::failure","operation_external_schema_ref",1
"customers.yaml::POST /customer-accounts","customers.yaml::CustomerAccountRequest","operation_internal_schema_ref",1
"customers.yaml::POST /customer-accounts","customers.yaml::CustomerAccountResponse","operation_internal_schema_ref",1
"customers.yaml::POST /customer-accounts","jsonapi.yaml::failure","operation_external_schema_ref",1
"customers.yaml::POST /customer-accounts/export","jsonapi.yaml::sort","operation_external_schema_ref",1
"customers.yaml::POST /customer-accounts/export","jsonapi.yaml::include","operation_external_schema_ref",1
"customers.yaml::POST /customer-accounts/export","jsonapi.yaml::acceptLanguage","operation_external_schema_ref",1
"customers.yaml::POST /customer-accounts/export","core.yaml::utcOffset","operation_external_schema_ref",1
"customers.yaml::POST /customer-accounts/export","core.yaml::templateIdParamRequired","operation_external_schema_ref",1
"customers.yaml::POST /customer-accounts/export","core.yaml::filterOrganizationRequired","operation_external_schema_ref",1
"customers.yaml::POST /customer-accounts/export","jsonapi.yaml::info","operation_external_schema_ref",1
"customers.yaml::POST /customer-accounts/export","jsonapi.yaml::failure","operation_external_schema_ref",1
"customers.yaml::GET /customer-accounts/{customerAccountId}/kpis/{kpiId}","core.yaml::KPIEntityResponse","operation_external_schema_ref",1
"customers.yaml::GET /customer-accounts/{id}/kpis","core.yaml::KPIEntityListResponse","operation_external_schema_ref",1
"customers.yaml::GET /customer-accounts/{id}/clusters","clusters.yaml::ClusterListResponse","operation_external_schema_ref",1
"customers.yaml::GET /customer-accounts/sheets","core.yaml::filterOrganizationRequired","operation_external_schema_ref",1
"customers.yaml::GET /customer-accounts/sheets","entityAttributes.yaml::appIdFilter","operation_external_schema_ref",1
"customers.yaml::GET /customer-accounts/sheets","jsonapi.yaml::acceptLanguage","operation_external_schema_ref",1
"customers.yaml::GET /customer-accounts/sheets","entityAttributes.yaml::EntitySheetListResponse","operation_external_schema_ref",1
"customers.yaml::GET /customer-accounts/sheets","jsonapi.yaml::failure","operation_external_schema_ref",1
"customers.yaml::POST /customer-accounts/{id}/edit","customers.yaml::CustomerAccountResponse","operation_internal_schema_ref",1
"customers.yaml::POST /customer-accounts/{id}/edit","jsonapi.yaml::failure","operation_external_schema_ref",1
"customers.yaml::POST /customer-accounts/{id}/publish","customers.yaml::CustomerAccountResponse","operation_internal_schema_ref",1
"customers.yaml::POST /customer-accounts/{id}/publish","jsonapi.yaml::failure","operation_external_schema_ref",1
"customers.yaml::PATCH /customer-accounts/tags","core.yaml::LinkedUserProfileId","operation_external_schema_ref",1
"customers.yaml::PATCH /customer-accounts/tags","core.yaml::filterOrganizationRequired","operation_external_schema_ref",1
"customers.yaml::PATCH /customer-accounts/tags","jsonapi.yaml::acceptLanguage","operation_external_schema_ref",1
"customers.yaml::PATCH /customer-accounts/tags","core.yaml::TagsOperation","operation_external_schema_ref",1
"customers.yaml::PATCH /customer-accounts/tags","jsonapi.yaml::failure","operation_external_schema_ref",1
"customers.yaml::POST /customer-accounts/tasks","core.yaml::LinkedUserProfileId","operation_external_schema_ref",1
"customers.yaml::POST /customer-accounts/tasks","core.yaml::filterOrganizationRequired","operation_external_schema_ref",1
"customers.yaml::POST /customer-accounts/tasks","jsonapi.yaml::acceptLanguage","operation_external_schema_ref",1
"customers.yaml::POST /customer-accounts/tasks","customers.yaml::CustomerTaskRequest","operation_internal_schema_ref",1
"customers.yaml::POST /customer-accounts/tasks","jsonapi.yaml::info","operation_external_schema_ref",1
"customers.yaml::POST /customer-accounts/tasks","jsonapi.yaml::failure","operation_external_schema_ref",1
"customers.yaml::PATCH /customer-accounts/{customerAccountId}/tags","jsonapi.yaml::failure","operation_external_schema_ref",1
"customers.yaml::POST /customer-accounts/{customerAccountId}/tags/{tagId}","jsonapi.yaml::failure","operation_external_schema_ref",1
"customers.yaml::DELETE /customer-accounts/{customerAccountId}/tags/{tagId}","jsonapi.yaml::failure","operation_external_schema_ref",1
"customers.yaml::POST /customer-accounts/bulk-update/data-upload","core.yaml::BulkUpdateDataImportInfoResponse","operation_external_schema_ref",1
"customers.yaml::POST /customer-accounts/bulk-update/data-upload","jsonapi.yaml::failure","operation_external_schema_ref",1
"customers.yaml::POST /customer-accounts/bulk-update","core.yaml::BulkUpdateDataRequest","operation_external_schema_ref",1
"customers.yaml::POST /customer-accounts/bulk-update","jsonapi.yaml::info","operation_external_schema_ref",1
"customers.yaml::POST /customer-accounts/bulk-update","jsonapi.yaml::failure","operation_external_schema_ref",1
"customers.yaml::GET /customers/types","customers.yaml::EligibleCustomerTypeListResponse","operation_internal_schema_ref",1
"customers.yaml::GET /customers/types","jsonapi.yaml::failure","operation_external_schema_ref",1
"customers.yaml::GET /customers/types/{customerTypeId}","core.yaml::SimpleEntityListResponse","operation_external_schema_ref",1
"customers.yaml::GET /customers/types/{customerTypeId}","jsonapi.yaml::failure","operation_external_schema_ref",1
"customers.yaml::GET /customer-accounts/{id}/history","customers.yaml::CustomerAccountHistoryListResponse","operation_internal_schema_ref",1
"customers.yaml::GET /customer-accounts/{customerAccountId}/sales-order-eligibility","customers.yaml::SalesOrderEligibilityResponse","operation_internal_schema_ref",1
"customers.yaml::GET /customers/{id}/calendar-events","jsonapi.yaml::pageSize","operation_external_schema_ref",1
"customers.yaml::GET /customers/{id}/calendar-events","jsonapi.yaml::pageNumber","operation_external_schema_ref",1
"customers.yaml::GET /customers/{id}/calendar-events","jsonapi.yaml::sort","operation_external_schema_ref",1
"customers.yaml::GET /customers/{id}/calendar-events","jsonapi.yaml::include","operation_external_schema_ref",1
"customers.yaml::GET /customers/{id}/calendar-events","core.yaml::filterOrganizationRequired","operation_external_schema_ref",1
"customers.yaml::GET /customers/{id}/calendar-events","jsonapi.yaml::acceptLanguage","operation_external_schema_ref",1
"customers.yaml::GET /customers/{id}/calendar-events","tasks.yaml::CalendarEventListResponse","operation_external_schema_ref",1
"customers.yaml::GET /customers/{id}/calendar-events","jsonapi.yaml::failure","operation_external_schema_ref",1
"certificates.yaml::CertificateType","certificates.yaml::RecurrenceType","external_schema_ref",1
"certificates.yaml::CertificateType","certificates.yaml::relToOne","external_schema_ref",1
"certificates.yaml::CertificateTypeIncluded","certificates.yaml::Organization","external_schema_ref",1
"certificates.yaml::CertificateTypeListResponse","certificates.yaml::CertificateType","internal_schema_ref",1
"certificates.yaml::CertificateTypeListResponse","certificates.yaml::PaginationMeta","external_schema_ref",1
"certificates.yaml::CertificateTypeListResponse","certificates.yaml::pagination","external_schema_ref",1
"certificates.yaml::CertificateTypeListResponse","certificates.yaml::CertificateTypeIncluded","internal_schema_ref",1
"certificates.yaml::CertificateTypeResponse","certificates.yaml::CertificateType","internal_schema_ref",1
"certificates.yaml::CertificateTypeResponse","certificates.yaml::CertificateTypeIncluded","internal_schema_ref",1
"certificates.yaml::Certificate","certificates.yaml::relToOne","external_schema_ref",1
"certificates.yaml::CertificateIncluded","certificates.yaml::CertificateType","internal_schema_ref",1
"certificates.yaml::CertificateListResponse","certificates.yaml::Certificate","internal_schema_ref",1
"certificates.yaml::CertificateListResponse","certificates.yaml::PaginationMeta","external_schema_ref",1
"certificates.yaml::CertificateListResponse","certificates.yaml::pagination","external_schema_ref",1
"certificates.yaml::CertificateListResponse","certificates.yaml::CertificateIncluded","internal_schema_ref",1
"certificates.yaml::CertificateResponse","certificates.yaml::Certificate","internal_schema_ref",1
"certificates.yaml::CertificateResponse","certificates.yaml::CertificateIncluded","internal_schema_ref",1
"certificates.yaml::GET /certificate-types","jsonapi.yaml::pageSize","operation_external_schema_ref",1
"certificates.yaml::GET /certificate-types","jsonapi.yaml::pageNumber","operation_external_schema_ref",1
"certificates.yaml::GET /certificate-types","jsonapi.yaml::sort","operation_external_schema_ref",1
"certificates.yaml::GET /certificate-types","jsonapi.yaml::include","operation_external_schema_ref",1
"certificates.yaml::GET /certificate-types","core.yaml::filterOrganizationRequired","operation_external_schema_ref",1
"certificates.yaml::GET /certificate-types","jsonapi.yaml::acceptLanguage","operation_external_schema_ref",1
"certificates.yaml::GET /certificate-types","certificates.yaml::CertificateTypeListResponse","operation_internal_schema_ref",1
"certificates.yaml::GET /certificate-types","jsonapi.yaml::failure","operation_external_schema_ref",1
"certificates.yaml::GET /certificate-types/{id}","certificates.yaml::CertificateTypeResponse","operation_internal_schema_ref",1
"certificates.yaml::GET /certificates","jsonapi.yaml::pageSize","operation_external_schema_ref",1
"certificates.yaml::GET /certificates","jsonapi.yaml::pageNumber","operation_external_schema_ref",1
"certificates.yaml::GET /certificates","jsonapi.yaml::sort","operation_external_schema_ref",1
"certificates.yaml::GET /certificates","jsonapi.yaml::include","operation_external_schema_ref",1
"certificates.yaml::GET /certificates","core.yaml::filterOrganizationRequired","operation_external_schema_ref",1
"certificates.yaml::GET /certificates","jsonapi.yaml::acceptLanguage","operation_external_schema_ref",1
"certificates.yaml::GET /certificates","certificates.yaml::CertificateListResponse","operation_internal_schema_ref",1
"certificates.yaml::GET /certificates","jsonapi.yaml::failure","operation_external_schema_ref",1
"certificates.yaml::GET /certificates/{id}","certificates.yaml::CertificateResponse","operation_internal_schema_ref",1
"tickets.yaml::TicketTypeListResponse","tickets.yaml::TicketType","internal_schema_ref",1
"tickets.yaml::TicketTypeListResponse","tickets.yaml::PaginationMeta","external_schema_ref",1
"tickets.yaml::TicketTypeListResponse","tickets.yaml::pagination","external_schema_ref",1
"tickets.yaml::TicketTypeListResponse","tickets.yaml::TicketTypeIncluded","internal_schema_ref",1
"tickets.yaml::TicketReason","tickets.yaml::relToOne","external_schema_ref",1
"tickets.yaml::TicketReason","tickets.yaml::relToOneWithMeta","external_schema_ref",1
"tickets.yaml::TicketReasonListResponse","tickets.yaml::TicketReason","internal_schema_ref",1
"tickets.yaml::TicketReasonListResponse","tickets.yaml::PaginationMeta","external_schema_ref",1
"tickets.yaml::TicketReasonListResponse","tickets.yaml::pagination","external_schema_ref",1
"tickets.yaml::TicketReasonListResponse","tickets.yaml::TicketReasonIncluded","internal_schema_ref",1
"tickets.yaml::TicketListResponse","tickets.yaml::Ticket","internal_schema_ref",1
"tickets.yaml::TicketListResponse","tickets.yaml::PaginationMeta","external_schema_ref",1
"tickets.yaml::TicketListResponse","tickets.yaml::pagination","external_schema_ref",1
"tickets.yaml::TicketListResponse","tickets.yaml::TicketIncluded","internal_schema_ref",1
"tickets.yaml::TicketResponse","tickets.yaml::Ticket","internal_schema_ref",1
"tickets.yaml::TicketResponse","tickets.yaml::TicketIncluded","internal_schema_ref",1
"tickets.yaml::GET /tickets","jsonapi.yaml::pageSize","operation_external_schema_ref",1
"tickets.yaml::GET /tickets","jsonapi.yaml::pageNumber","operation_external_schema_ref",1
"tickets.yaml::GET /tickets","jsonapi.yaml::sort","operation_external_schema_ref",1
"tickets.yaml::GET /tickets","jsonapi.yaml::include","operation_external_schema_ref",1
"tickets.yaml::GET /tickets","core.yaml::filterOrganizationRequired","operation_external_schema_ref",1
"tickets.yaml::GET /tickets","jsonapi.yaml::acceptLanguage","operation_external_schema_ref",1
"tickets.yaml::GET /tickets","tickets.yaml::TicketListResponse","operation_internal_schema_ref",1
"tickets.yaml::GET /tickets","jsonapi.yaml::failure","operation_external_schema_ref",1
"tickets.yaml::POST /tickets/export","jsonapi.yaml::sort","operation_external_schema_ref",1
"tickets.yaml::POST /tickets/export","jsonapi.yaml::include","operation_external_schema_ref",1
"tickets.yaml::POST /tickets/export","jsonapi.yaml::acceptLanguage","operation_external_schema_ref",1
"tickets.yaml::POST /tickets/export","core.yaml::utcOffset","operation_external_schema_ref",1
"tickets.yaml::POST /tickets/export","core.yaml::templateIdParamRequired","operation_external_schema_ref",1
"tickets.yaml::POST /tickets/export","core.yaml::filterOrganizationRequired","operation_external_schema_ref",1
"tickets.yaml::POST /tickets/export","jsonapi.yaml::info","operation_external_schema_ref",1
"tickets.yaml::POST /tickets/export","jsonapi.yaml::failure","operation_external_schema_ref",1
"tickets.yaml::GET /tickets/types","jsonapi.yaml::pageSize","operation_external_schema_ref",1
"tickets.yaml::GET /tickets/types","jsonapi.yaml::pageNumber","operation_external_schema_ref",1
"tickets.yaml::GET /tickets/types","jsonapi.yaml::sort","operation_external_schema_ref",1
"tickets.yaml::GET /tickets/types","jsonapi.yaml::include","operation_external_schema_ref",1
"tickets.yaml::GET /tickets/types","core.yaml::filterOrganizationRequired","operation_external_schema_ref",1
"tickets.yaml::GET /tickets/types","jsonapi.yaml::acceptLanguage","operation_external_schema_ref",1
"tickets.yaml::GET /tickets/types","tickets.yaml::TicketTypeListResponse","operation_internal_schema_ref",1
"tickets.yaml::GET /tickets/types","jsonapi.yaml::failure","operation_external_schema_ref",1
"tickets.yaml::GET /tickets/reasons","jsonapi.yaml::pageSize","operation_external_schema_ref",1
"tickets.yaml::GET /tickets/reasons","jsonapi.yaml::pageNumber","operation_external_schema_ref",1
"tickets.yaml::GET /tickets/reasons","jsonapi.yaml::sort","operation_external_schema_ref",1
"tickets.yaml::GET /tickets/reasons","jsonapi.yaml::include","operation_external_schema_ref",1
"tickets.yaml::GET /tickets/reasons","core.yaml::filterOrganizationRequired","operation_external_schema_ref",1
"tickets.yaml::GET /tickets/reasons","jsonapi.yaml::acceptLanguage","operation_external_schema_ref",1
"tickets.yaml::GET /tickets/reasons","tickets.yaml::TicketReasonListResponse","operation_internal_schema_ref",1
"tickets.yaml::GET /tickets/reasons","jsonapi.yaml::failure","operation_external_schema_ref",1
"greyMarketSurvey.yaml::GreyMarketSurveyHeaderAttributes","greyMarketSurvey.yaml::ReadingMethod","internal_schema_ref",1
"greyMarketSurvey.yaml::GreyMarketSurveyHeaderAttributes","greyMarketSurvey.yaml::ProcessingStatus","external_schema_ref",1
"greyMarketSurvey.yaml::GreyMarketSurveyHeader","greyMarketSurvey.yaml::GreyMarketSurveyHeaderAttributes","internal_schema_ref",1
"greyMarketSurvey.yaml::GreyMarketSurveyHeader","greyMarketSurvey.yaml::GreyMarketSurveyHeaderRelationships","internal_schema_ref",1
"greyMarketSurvey.yaml::GreyMarketSurveyHeaderListResponse","greyMarketSurvey.yaml::GreyMarketSurveyHeader","internal_schema_ref",1
"greyMarketSurvey.yaml::GreyMarketSurveyHeaderListResponse","greyMarketSurvey.yaml::PaginationMeta","external_schema_ref",1
"greyMarketSurvey.yaml::GreyMarketSurveyHeaderListResponse","greyMarketSurvey.yaml::pagination","external_schema_ref",1
"greyMarketSurvey.yaml::GreyMarketSurveyHeaderListResponse","greyMarketSurvey.yaml::GreyMarketSurveyHeaderIncluded","internal_schema_ref",1
"greyMarketSurvey.yaml::GreyMarketSurveyHeaderResponse","greyMarketSurvey.yaml::GreyMarketSurveyHeader","internal_schema_ref",1
"greyMarketSurvey.yaml::GreyMarketSurveyHeaderResponse","greyMarketSurvey.yaml::GreyMarketSurveyHeaderIncluded","internal_schema_ref",1
"greyMarketSurvey.yaml::GreyMarketSurveyHeaderRequest","greyMarketSurvey.yaml::GreyMarketSurveyHeader","internal_schema_ref",1
"greyMarketSurvey.yaml::GreyMarketSurveyLineAttributes","greyMarketSurvey.yaml::apiDateTime","external_schema_ref",1
"greyMarketSurvey.yaml::GreyMarketSurveyLineAttributes","greyMarketSurvey.yaml::ReadingMethod","internal_schema_ref",1
"greyMarketSurvey.yaml::GreyMarketSurveyLineAttributes","greyMarketSurvey.yaml::SimpleEntityReadOnly","external_schema_ref",1
"greyMarketSurvey.yaml::GreyMarketSurveyLineRelationships","greyMarketSurvey.yaml::relToOneReadOnly","external_schema_ref",1
"greyMarketSurvey.yaml::GreyMarketSurveyLineRelationships","greyMarketSurvey.yaml::relToOne","external_schema_ref",1
"greyMarketSurvey.yaml::GreyMarketSurveyLine","greyMarketSurvey.yaml::GreyMarketSurveyLineAttributes","internal_schema_ref",1
"greyMarketSurvey.yaml::GreyMarketSurveyLine","greyMarketSurvey.yaml::GreyMarketSurveyLineRelationships","internal_schema_ref",1
"greyMarketSurvey.yaml::GreyMarketSurveyLineListResponse","greyMarketSurvey.yaml::GreyMarketSurveyLine","internal_schema_ref",1
"greyMarketSurvey.yaml::GreyMarketSurveyLineListResponse","greyMarketSurvey.yaml::PaginationMeta","external_schema_ref",1
"greyMarketSurvey.yaml::GreyMarketSurveyLineListResponse","greyMarketSurvey.yaml::pagination","external_schema_ref",1
"greyMarketSurvey.yaml::GreyMarketSurveyLineListResponse","greyMarketSurvey.yaml::GreyMarketSurveyLineIncluded","internal_schema_ref",1
"greyMarketSurvey.yaml::GreyMarketSurveyLineListRequest","greyMarketSurvey.yaml::GreyMarketSurveyLine","internal_schema_ref",1
"greyMarketSurvey.yaml::GreyMarketSurveyLineResponse","greyMarketSurvey.yaml::GreyMarketSurveyLine","internal_schema_ref",1
"greyMarketSurvey.yaml::GreyMarketSurveyLineResponse","greyMarketSurvey.yaml::GreyMarketSurveyLineIncluded","internal_schema_ref",1
"greyMarketSurvey.yaml::GET /grey-market-surveys/headers","jsonapi.yaml::pageSize","operation_external_schema_ref",1
"greyMarketSurvey.yaml::GET /grey-market-surveys/headers","jsonapi.yaml::pageNumber","operation_external_schema_ref",1
"greyMarketSurvey.yaml::GET /grey-market-surveys/headers","jsonapi.yaml::sort","operation_external_schema_ref",1
"greyMarketSurvey.yaml::GET /grey-market-surveys/headers","jsonapi.yaml::include","operation_external_schema_ref",1
"greyMarketSurvey.yaml::GET /grey-market-surveys/headers","core.yaml::filterOrganizationRequired","operation_external_schema_ref",1
"greyMarketSurvey.yaml::GET /grey-market-surveys/headers","greyMarketSurvey.yaml::GreyMarketSurveyHeaderListResponse","operation_internal_schema_ref",1
"greyMarketSurvey.yaml::GET /grey-market-surveys/headers","jsonapi.yaml::failure","operation_external_schema_ref",1
"greyMarketSurvey.yaml::POST /grey-market-surveys/headers","greyMarketSurvey.yaml::GreyMarketSurveyHeaderRequest","operation_internal_schema_ref",1
"greyMarketSurvey.yaml::POST /grey-market-surveys/headers","greyMarketSurvey.yaml::GreyMarketSurveyHeaderResponse","operation_internal_schema_ref",1
"greyMarketSurvey.yaml::POST /grey-market-surveys/headers","jsonapi.yaml::failure","operation_external_schema_ref",1
"greyMarketSurvey.yaml::GET /grey-market-surveys/headers/{headerId}","greyMarketSurvey.yaml::GreyMarketSurveyHeaderResponse","operation_internal_schema_ref",1
"greyMarketSurvey.yaml::PATCH /grey-market-surveys/headers/{headerId}","greyMarketSurvey.yaml::GreyMarketSurveyHeaderRequest","operation_internal_schema_ref",1
"greyMarketSurvey.yaml::PATCH /grey-market-surveys/headers/{headerId}","greyMarketSurvey.yaml::GreyMarketSurveyHeaderResponse","operation_internal_schema_ref",1
"greyMarketSurvey.yaml::PATCH /grey-market-surveys/headers/{headerId}","jsonapi.yaml::failure","operation_external_schema_ref",1
"greyMarketSurvey.yaml::GET /grey-market-surveys/headers/{headerId}/lines","jsonapi.yaml::pageSize","operation_external_schema_ref",1
"greyMarketSurvey.yaml::GET /grey-market-surveys/headers/{headerId}/lines","jsonapi.yaml::pageNumber","operation_external_schema_ref",1
"greyMarketSurvey.yaml::GET /grey-market-surveys/headers/{headerId}/lines","jsonapi.yaml::sort","operation_external_schema_ref",1
"greyMarketSurvey.yaml::GET /grey-market-surveys/headers/{headerId}/lines","jsonapi.yaml::include","operation_external_schema_ref",1
"greyMarketSurvey.yaml::GET /grey-market-surveys/headers/{headerId}/lines","greyMarketSurvey.yaml::GreyMarketSurveyLineListResponse","operation_internal_schema_ref",1
"greyMarketSurvey.yaml::GET /grey-market-surveys/headers/{headerId}/lines","jsonapi.yaml::failure","operation_external_schema_ref",1
"greyMarketSurvey.yaml::POST /grey-market-surveys/headers/{headerId}/lines","greyMarketSurvey.yaml::GreyMarketSurveyLineListRequest","operation_internal_schema_ref",1
"greyMarketSurvey.yaml::POST /grey-market-surveys/headers/{headerId}/lines","greyMarketSurvey.yaml::GreyMarketSurveyLineListResponse","operation_internal_schema_ref",1
"greyMarketSurvey.yaml::POST /grey-market-surveys/headers/{headerId}/lines","jsonapi.yaml::failure","operation_external_schema_ref",1
"greyMarketSurvey.yaml::GET /grey-market-surveys/lines/{lineId}","greyMarketSurvey.yaml::GreyMarketSurveyLineResponse","operation_internal_schema_ref",1
"documents.yaml::DocType","documents.yaml::DeliveryDateType","internal_schema_ref",1
"documents.yaml::DocType","documents.yaml::PriceListMode","internal_schema_ref",1
"documents.yaml::DocType","documents.yaml::MinOrderAmountCheck","internal_schema_ref",1
"documents.yaml::DocType","documents.yaml::isDraft","external_schema_ref",1
"documents.yaml::DocType","documents.yaml::lastChangeTs","external_schema_ref",1
"documents.yaml::DocType","documents.yaml::BusinessConditionType","internal_schema_ref",1
"documents.yaml::DocTypeResponse","documents.yaml::DocType","internal_schema_ref",1
"documents.yaml::DocTypeResponse","documents.yaml::DocTypeIncluded","internal_schema_ref",1
"documents.yaml::DocTypeListResponse","documents.yaml::DocType","internal_schema_ref",1
"documents.yaml::DocTypeListResponse","documents.yaml::PaginationMeta","external_schema_ref",1
"documents.yaml::DocTypeListResponse","documents.yaml::pagination","external_schema_ref",1
"documents.yaml::DocTypeListResponse","documents.yaml::DocTypeIncluded","internal_schema_ref",1
"documents.yaml::DocTypeRequest","documents.yaml::DocType","internal_schema_ref",1
"documents.yaml::DocCategoryResponse","documents.yaml::DocCategory","internal_schema_ref",1
"documents.yaml::DocCategoryListResponse","documents.yaml::DocCategory","internal_schema_ref",1
"documents.yaml::DocCategoryListResponse","documents.yaml::PaginationMeta","external_schema_ref",1
"documents.yaml::DocCategoryListResponse","documents.yaml::pagination","external_schema_ref",1
"documents.yaml::DocCategoryRequest","documents.yaml::DocCategory","internal_schema_ref",1
"documents.yaml::DocNumberRange","documents.yaml::isDraft","external_schema_ref",1
"documents.yaml::DocNumberRange","documents.yaml::lastChangeTs","external_schema_ref",1
"documents.yaml::DocNumberRange","documents.yaml::relToOne","external_schema_ref",1
"documents.yaml::DocNumberRangeResponse","documents.yaml::DocNumberRange","internal_schema_ref",1
"documents.yaml::DocNumberRangeResponse","documents.yaml::DocNumberRangeIncluded","internal_schema_ref",1
"documents.yaml::DocNumberRangeListResponse","documents.yaml::DocNumberRange","internal_schema_ref",1
"documents.yaml::DocNumberRangeListResponse","documents.yaml::PaginationMeta","external_schema_ref",1
"documents.yaml::DocNumberRangeListResponse","documents.yaml::pagination","external_schema_ref",1
"documents.yaml::DocNumberRangeListResponse","documents.yaml::DocNumberRangeIncluded","internal_schema_ref",1
"documents.yaml::DocNumberRangeRequest","documents.yaml::DocNumberRange","internal_schema_ref",1
"documents.yaml::DocHeaderAttributes","documents.yaml::apiDate","external_schema_ref",1
"documents.yaml::DocHeaderAttributes","documents.yaml::TransferStatus","external_schema_ref",1
"documents.yaml::DocHeaderAttributes","documents.yaml::apiDateTimeReadOnly","external_schema_ref",1
"documents.yaml::DocHeaderAttributes","documents.yaml::isDraft","external_schema_ref",1
"documents.yaml::DocHeaderAttributes","documents.yaml::lastChangeTs","external_schema_ref",1
"documents.yaml::DocHeaderAttributes","documents.yaml::PriceVisibilityMode","external_schema_ref",1
"documents.yaml::DocHeaderAttributesLite","documents.yaml::apiDate","external_schema_ref",1
"documents.yaml::DocHeaderRelationships","documents.yaml::relToOneReadOnly","external_schema_ref",1
"documents.yaml::DocHeaderRelationships","documents.yaml::relToOneWithMetaReadOnly","external_schema_ref",1
"documents.yaml::DocHeaderRelationships","documents.yaml::relToManyReadOnly","external_schema_ref",1
"documents.yaml::DocHeader","documents.yaml::DocHeaderAttributes","internal_schema_ref",1
"documents.yaml::DocHeader","documents.yaml::DocHeaderRelationships","internal_schema_ref",1
"documents.yaml::DocHeaderListResponse","documents.yaml::DocHeader","internal_schema_ref",1
"documents.yaml::DocHeaderListResponse","documents.yaml::PaginationMeta","external_schema_ref",1
"documents.yaml::DocHeaderListResponse","documents.yaml::pagination","external_schema_ref",1
"documents.yaml::DocHeaderListResponse","documents.yaml::DocHeaderIncluded","internal_schema_ref",1
"documents.yaml::LinkedDocument","documents.yaml::apiDate","external_schema_ref",1
"documents.yaml::LinkedDocument","documents.yaml::SimpleEntityReadOnly","external_schema_ref",1
"documents.yaml::DocHeaderLite","documents.yaml::apiDate","external_schema_ref",1
"documents.yaml::DocHeaderLite","documents.yaml::SimpleEntityReadOnly","external_schema_ref",1
"documents.yaml::DocHeaderLiteListResponse","documents.yaml::DocHeaderLite","internal_schema_ref",1
"documents.yaml::DocTransferStatusListResponse","documents.yaml::TransferStatus","internal_schema_ref",1
"documents.yaml::DocTransferStatusListResponse","documents.yaml::PaginationMeta","external_schema_ref",1
"documents.yaml::DocTransferStatusListResponse","documents.yaml::pagination","external_schema_ref",1
"documents.yaml::ReasonDocTypeResponse","documents.yaml::ReasonDocType","internal_schema_ref",1
"documents.yaml::ReasonDocTypeResponse","documents.yaml::ReasonDocTypeIncluded","internal_schema_ref",1
"documents.yaml::ReasonDocTypeListResponse","documents.yaml::ReasonDocType","internal_schema_ref",1
"documents.yaml::ReasonDocTypeListResponse","documents.yaml::PaginationMeta","external_schema_ref",1
"documents.yaml::ReasonDocTypeListResponse","documents.yaml::pagination","external_schema_ref",1
"documents.yaml::ReasonDocTypeListResponse","documents.yaml::ReasonDocTypeIncluded","internal_schema_ref",1
"documents.yaml::ReasonDocTypeRequest","documents.yaml::ReasonDocType","internal_schema_ref",1
"documents.yaml::Reason","documents.yaml::relToOne","external_schema_ref",1
"documents.yaml::ReasonIncluded","documents.yaml::Organization","external_schema_ref",1
"documents.yaml::ReasonResponse","documents.yaml::Reason","internal_schema_ref",1
"documents.yaml::ReasonResponse","documents.yaml::ReasonIncluded","internal_schema_ref",1
"documents.yaml::ReasonListResponse","documents.yaml::Reason","internal_schema_ref",1
"documents.yaml::ReasonListResponse","documents.yaml::PaginationMeta","external_schema_ref",1
"documents.yaml::ReasonListResponse","documents.yaml::pagination","external_schema_ref",1
"documents.yaml::ReasonListResponse","documents.yaml::ReasonIncluded","internal_schema_ref",1
"documents.yaml::ReasonRequest","documents.yaml::Reason","internal_schema_ref",1
"documents.yaml::ReasonBlockAttributes","documents.yaml::SimpleEntity","external_schema_ref",1
"documents.yaml::ReasonBlock","documents.yaml::ReasonBlockAttributes","internal_schema_ref",1
"documents.yaml::ReasonBlockResponse","documents.yaml::ReasonBlock","internal_schema_ref",1
"documents.yaml::ReasonBlockResponse","documents.yaml::ReasonBlockIncluded","internal_schema_ref",1
"documents.yaml::ReasonBlockListResponse","documents.yaml::ReasonBlock","internal_schema_ref",1
"documents.yaml::ReasonBlockListResponse","documents.yaml::PaginationMeta","external_schema_ref",1
"documents.yaml::ReasonBlockListResponse","documents.yaml::pagination","external_schema_ref",1
"documents.yaml::ReasonBlockListResponse","documents.yaml::ReasonBlockIncluded","internal_schema_ref",1
"documents.yaml::ReasonBlockRequest","documents.yaml::ReasonBlock","internal_schema_ref",1
"documents.yaml::ReasonBlockListRequest","documents.yaml::ReasonBlock","internal_schema_ref",1
"documents.yaml::ReasonBlockInfo","documents.yaml::ReasonBlockAttributes","internal_schema_ref",1
"documents.yaml::ReasonBlockValidate","documents.yaml::ReasonBlock","internal_schema_ref",1
"documents.yaml::ReasonBlockValidate","documents.yaml::ReasonBlockAttributes","internal_schema_ref",1
"documents.yaml::ReasonBlockValidateRequest","documents.yaml::ReasonBlockInfo","internal_schema_ref",1
"documents.yaml::ReasonBlockValidateListResponse","documents.yaml::ReasonBlockValidate","internal_schema_ref",1
"documents.yaml::ReasonBlockValidateListResponse","documents.yaml::PaginationMeta","external_schema_ref",1
"documents.yaml::ReasonBlockValidateListResponse","documents.yaml::pagination","external_schema_ref",1
"documents.yaml::ReasonBlockValidateListResponse","documents.yaml::ReasonBlockIncluded","internal_schema_ref",1
"documents.yaml::TransferStatusRequest","documents.yaml::TransferStatus","internal_schema_ref",1
"documents.yaml::DocWithItemsHeaderFilters","documents.yaml::DocHeaderFilters","internal_schema_ref",1
"documents.yaml::DocWithItemsHeaderFilters","documents.yaml::DocWithItemsFilters","internal_schema_ref",1
"documents.yaml::CommonDocLineRelationships","documents.yaml::relToOneWithMeta","external_schema_ref",1
"documents.yaml::CommonDocLineRelationships","documents.yaml::relToOneWithMetaReadOnly","external_schema_ref",1
"documents.yaml::DocEmailRecipient","documents.yaml::Email","external_schema_ref",1
"documents.yaml::DocEmailRecipientListResponse","documents.yaml::DocEmailRecipient","internal_schema_ref",1
"documents.yaml::InboundLineAttributes","documents.yaml::InboundItem","internal_schema_ref",1
"documents.yaml::InboundLineAttributes","documents.yaml::apiDateTime","external_schema_ref",1
"documents.yaml::InboundLineRelationships","documents.yaml::relToOne","external_schema_ref",1
"documents.yaml::InboundLineRelationships","documents.yaml::relToOneWithMeta","external_schema_ref",1
"documents.yaml::InboundLine","documents.yaml::InboundLineAttributes","internal_schema_ref",1
"documents.yaml::InboundLine","documents.yaml::InboundLineRelationships","internal_schema_ref",1
"documents.yaml::CompileReadingDocRequestData","documents.yaml::ReadingQueue","external_schema_ref",1
"documents.yaml::CompileReadingDocRequest","documents.yaml::CompileReadingDocRequestData","internal_schema_ref",1
"documents.yaml::ReleaseReadingDocRequest","documents.yaml::UnexpectedReleaseStrategy","internal_schema_ref",1
"documents.yaml::ReadingDocFulfilledDocHeader","documents.yaml::apiDate","external_schema_ref",1
"documents.yaml::CommonReadingDocGroupingAttributes","documents.yaml::apiDateTime","external_schema_ref",1
"documents.yaml::CommonReadingDocGroupingAttributes","documents.yaml::SimpleEntity","external_schema_ref",1
"documents.yaml::CommonReadingDocGroupingAttributes","documents.yaml::ReadingDocFulfilledDocHeader","external_schema_ref",1
"documents.yaml::GroupByLineGroup","documents.yaml::CommonReadingDocGroupingAttributes","internal_schema_ref",1
"documents.yaml::GroupByLineGroup","documents.yaml::GroupItem","internal_schema_ref",1
"documents.yaml::GroupByLineStrategy","documents.yaml::GroupByLineGroup","internal_schema_ref",1
"documents.yaml::GroupByPackageGroup","documents.yaml::CommonReadingDocGroupingAttributes","internal_schema_ref",1
"documents.yaml::GroupByPackageStrategy","documents.yaml::GroupByPackageGroup","internal_schema_ref",1
"documents.yaml::GroupByLinePackageGroup","documents.yaml::CommonReadingDocGroupingAttributes","internal_schema_ref",1
"documents.yaml::GroupByLinePackageGroup","documents.yaml::GroupItem","internal_schema_ref",1
"documents.yaml::GroupByLinePackageStrategy","documents.yaml::GroupByLinePackageGroup","internal_schema_ref",1
"documents.yaml::SerialsOnlyGroup","documents.yaml::CommonReadingDocGroupingAttributes","internal_schema_ref",1
"documents.yaml::SerialsOnlyGroup","documents.yaml::GroupItem","internal_schema_ref",1
"documents.yaml::SerialsOnlyStrategy","documents.yaml::SerialsOnlyGroup","internal_schema_ref",1
"documents.yaml::ReadingDocAggregatedData","documents.yaml::ReadingDocCounters","internal_schema_ref",1
"documents.yaml::ReadingDocAggregatedData","documents.yaml::ReadingDocPackageCounters","internal_schema_ref",1
"documents.yaml::ReadingDocAggregatedData","documents.yaml::GroupByLineStrategy","internal_schema_ref",1
"documents.yaml::ReadingDocAggregatedData","documents.yaml::GroupByPackageStrategy","internal_schema_ref",1
"documents.yaml::ReadingDocAggregatedData","documents.yaml::GroupByLinePackageStrategy","internal_schema_ref",1
"documents.yaml::ReadingDocAggregatedData","documents.yaml::SerialsOnlyStrategy","internal_schema_ref",1
"documents.yaml::ReadingDocGetAggregatedResponse","documents.yaml::ReadingDocAggregatedData","internal_schema_ref",1
"documents.yaml::UpdateReadingDocInstancesRequest","documents.yaml::UpdateReadingDocInstancesRequestData","internal_schema_ref",1
"documents.yaml::UpdatableItemInstanceProperty","documents.yaml::UpdatableItemInstancePropertyName","internal_schema_ref",1
"documents.yaml::UpdateReadingDocInstancesPropertiesRequestData","documents.yaml::UpdatableItemInstanceProperty","internal_schema_ref",1
"documents.yaml::UpdateReadingDocInstancesPropertiesRequest","documents.yaml::UpdateReadingDocInstancesPropertiesRequestData","internal_schema_ref",1
"documents.yaml::ResetReadingDocRequest","documents.yaml::ResetReadingDocRequestData","internal_schema_ref",1
"documents.yaml::GET /doc-types/{id}","documents.yaml::DocTypeResponse","operation_internal_schema_ref",1
"documents.yaml::GET /doc-types","jsonapi.yaml::pageSize","operation_external_schema_ref",1
"documents.yaml::GET /doc-types","jsonapi.yaml::pageNumber","operation_external_schema_ref",1
"documents.yaml::GET /doc-types","jsonapi.yaml::sort","operation_external_schema_ref",1
"documents.yaml::GET /doc-types","jsonapi.yaml::include","operation_external_schema_ref",1
"documents.yaml::GET /doc-types","jsonapi.yaml::marketplace","operation_external_schema_ref",1
"documents.yaml::GET /doc-types","jsonapi.yaml::acceptLanguage","operation_external_schema_ref",1
"documents.yaml::GET /doc-types","documents.yaml::DocTypeListResponse","operation_internal_schema_ref",1
"documents.yaml::GET /doc-types","jsonapi.yaml::failure","operation_external_schema_ref",1
"documents.yaml::GET /doc-categories","jsonapi.yaml::pageSize","operation_external_schema_ref",1
"documents.yaml::GET /doc-categories","jsonapi.yaml::pageNumber","operation_external_schema_ref",1
"documents.yaml::GET /doc-categories","jsonapi.yaml::sort","operation_external_schema_ref",1
"documents.yaml::GET /doc-categories","jsonapi.yaml::include","operation_external_schema_ref",1
"documents.yaml::GET /doc-categories","jsonapi.yaml::acceptLanguage","operation_external_schema_ref",1
"documents.yaml::GET /doc-categories","documents.yaml::DocCategoryListResponse","operation_internal_schema_ref",1
"documents.yaml::GET /doc-categories","jsonapi.yaml::failure","operation_external_schema_ref",1
"documents.yaml::GET /doc-categories/{id}","documents.yaml::DocCategoryResponse","operation_internal_schema_ref",1
"documents.yaml::GET /reasons/{reasonId}/doc-types","documents.yaml::ReasonDocTypeListResponse","operation_internal_schema_ref",1
"documents.yaml::POST /reasons/{reasonId}/doc-types","documents.yaml::ReasonDocTypeRequest","operation_internal_schema_ref",1
"documents.yaml::POST /reasons/{reasonId}/doc-types","documents.yaml::ReasonDocTypeResponse","operation_internal_schema_ref",1
"documents.yaml::POST /reasons/{reasonId}/doc-types","jsonapi.yaml::failure","operation_external_schema_ref",1
"documents.yaml::GET /reasons/{reasonId}/doc-types/{docTypeId}","documents.yaml::ReasonDocTypeResponse","operation_internal_schema_ref",1
"documents.yaml::DELETE /reasons/{reasonId}/doc-types/{docTypeId}","jsonapi.yaml::failure","operation_external_schema_ref",1
"documents.yaml::PATCH /reasons/{reasonId}/doc-types/{docTypeId}","documents.yaml::ReasonDocTypeRequest","operation_internal_schema_ref",1
"documents.yaml::PATCH /reasons/{reasonId}/doc-types/{docTypeId}","documents.yaml::ReasonDocTypeResponse","operation_internal_schema_ref",1
"documents.yaml::PATCH /reasons/{reasonId}/doc-types/{docTypeId}","jsonapi.yaml::failure","operation_external_schema_ref",1
"documents.yaml::GET /reasons/{reasonId}/blocks/{blockId}","documents.yaml::ReasonBlockResponse","operation_internal_schema_ref",1
"documents.yaml::DELETE /reasons/{reasonId}/blocks/{blockId}","jsonapi.yaml::failure","operation_external_schema_ref",1
"documents.yaml::PATCH /reasons/{reasonId}/blocks/{blockId}","documents.yaml::ReasonBlockRequest","operation_internal_schema_ref",1
"documents.yaml::PATCH /reasons/{reasonId}/blocks/{blockId}","documents.yaml::ReasonBlockResponse","operation_internal_schema_ref",1
"documents.yaml::PATCH /reasons/{reasonId}/blocks/{blockId}","jsonapi.yaml::failure","operation_external_schema_ref",1
"documents.yaml::GET /reasons/{reasonId}/blocks","jsonapi.yaml::pageSize","operation_external_schema_ref",1
"documents.yaml::GET /reasons/{reasonId}/blocks","jsonapi.yaml::pageNumber","operation_external_schema_ref",1
"documents.yaml::GET /reasons/{reasonId}/blocks","jsonapi.yaml::sort","operation_external_schema_ref",1
"documents.yaml::GET /reasons/{reasonId}/blocks","jsonapi.yaml::include","operation_external_schema_ref",1
"documents.yaml::GET /reasons/{reasonId}/blocks","jsonapi.yaml::acceptLanguage","operation_external_schema_ref",1
"documents.yaml::GET /reasons/{reasonId}/blocks","documents.yaml::ReasonBlockListResponse","operation_internal_schema_ref",1
"documents.yaml::GET /reasons/{reasonId}/blocks","jsonapi.yaml::failure","operation_external_schema_ref",1
"documents.yaml::POST /reasons/{reasonId}/blocks","documents.yaml::ReasonBlockListRequest","operation_internal_schema_ref",1
"documents.yaml::POST /reasons/{reasonId}/blocks","documents.yaml::ReasonBlockListResponse","operation_internal_schema_ref",1
"documents.yaml::POST /reasons/{reasonId}/blocks","jsonapi.yaml::failure","operation_external_schema_ref",1
"documents.yaml::POST /reasons/{reasonId}/blocks/validate","documents.yaml::ReasonBlockValidateRequest","operation_internal_schema_ref",1
"documents.yaml::POST /reasons/{reasonId}/blocks/validate","documents.yaml::ReasonBlockValidateListResponse","operation_internal_schema_ref",1
"documents.yaml::POST /reasons/{reasonId}/blocks/validate","jsonapi.yaml::failure","operation_external_schema_ref",1
"documents.yaml::GET /reasons/{id}","documents.yaml::ReasonResponse","operation_internal_schema_ref",1
"documents.yaml::DELETE /reasons/{id}","jsonapi.yaml::failure","operation_external_schema_ref",1
"documents.yaml::PATCH /reasons/{id}","documents.yaml::ReasonRequest","operation_internal_schema_ref",1
"documents.yaml::PATCH /reasons/{id}","documents.yaml::ReasonResponse","operation_internal_schema_ref",1
"documents.yaml::PATCH /reasons/{id}","jsonapi.yaml::failure","operation_external_schema_ref",1
"documents.yaml::GET /reasons","jsonapi.yaml::pageSize","operation_external_schema_ref",1
"documents.yaml::GET /reasons","jsonapi.yaml::pageNumber","operation_external_schema_ref",1
"documents.yaml::GET /reasons","jsonapi.yaml::sort","operation_external_schema_ref",1
"documents.yaml::GET /reasons","jsonapi.yaml::include","operation_external_schema_ref",1
"documents.yaml::GET /reasons","jsonapi.yaml::acceptLanguage","operation_external_schema_ref",1
"documents.yaml::GET /reasons","core.yaml::filterOrganizationRequired","operation_external_schema_ref",1
"documents.yaml::GET /reasons","documents.yaml::ReasonListResponse","operation_internal_schema_ref",1
"documents.yaml::GET /reasons","jsonapi.yaml::failure","operation_external_schema_ref",1
"documents.yaml::POST /reasons","jsonapi.yaml::acceptLanguage","operation_external_schema_ref",1
"documents.yaml::POST /reasons","documents.yaml::ReasonRequest","operation_internal_schema_ref",1
"documents.yaml::POST /reasons","documents.yaml::ReasonResponse","operation_internal_schema_ref",1
"documents.yaml::POST /reasons","jsonapi.yaml::failure","operation_external_schema_ref",1
"entitySets.yaml::EntitySetCondition","entitySets.yaml::LogicOperatorId","internal_schema_ref",1
"entitySets.yaml::EntitySetCondition","entitySets.yaml::ConditionOperatorId","internal_schema_ref",1
"entitySets.yaml::EntitySetCondition","entitySets.yaml::EntitySetCondition","internal_schema_ref",1
"entitySets.yaml::EntitySetCondition","entitySets.yaml::relToOne","external_schema_ref",1
"entitySets.yaml::EntitySetResponse","entitySets.yaml::EntitySet","internal_schema_ref",1
"entitySets.yaml::EntitySetResponse","entitySets.yaml::EntitySetIncluded","internal_schema_ref",1
"entitySets.yaml::EntitySetListResponse","entitySets.yaml::EntitySet","internal_schema_ref",1
"entitySets.yaml::EntitySetListResponse","entitySets.yaml::PaginationMeta","external_schema_ref",1
"entitySets.yaml::EntitySetListResponse","entitySets.yaml::pagination","external_schema_ref",1
"entitySets.yaml::EntitySetListResponse","entitySets.yaml::EntitySetIncluded","internal_schema_ref",1
"entitySets.yaml::GET /entity-sets","jsonapi.yaml::pageSize","operation_external_schema_ref",1
"entitySets.yaml::GET /entity-sets","jsonapi.yaml::pageNumber","operation_external_schema_ref",1
"entitySets.yaml::GET /entity-sets","jsonapi.yaml::sort","operation_external_schema_ref",1
"entitySets.yaml::GET /entity-sets","jsonapi.yaml::include","operation_external_schema_ref",1
"entitySets.yaml::GET /entity-sets","jsonapi.yaml::acceptLanguage","operation_external_schema_ref",1
"entitySets.yaml::GET /entity-sets","entitySets.yaml::EntitySetListResponse","operation_internal_schema_ref",1
"entitySets.yaml::GET /entity-sets","jsonapi.yaml::failure","operation_external_schema_ref",1
"entitySets.yaml::GET /entity-sets/{id}","entitySets.yaml::EntitySetResponse","operation_internal_schema_ref",1
"notifications.yaml::EmailAttachment","notifications.yaml::relToOne","external_schema_ref",1
"notifications.yaml::EmailAttachmentIncluded","notifications.yaml::DigitalContent","external_schema_ref",1
"notifications.yaml::EmailAttachmentResponse","notifications.yaml::EmailAttachment","internal_schema_ref",1
"notifications.yaml::EmailAttachmentResponse","notifications.yaml::EmailAttachmentIncluded","internal_schema_ref",1
"notifications.yaml::EmailNotification","notifications.yaml::CommunicationChannelType","internal_schema_ref",1
"notifications.yaml::EmailNotification","notifications.yaml::apiDateTime","external_schema_ref",1
"notifications.yaml::EmailNotification","notifications.yaml::JobStatus","external_schema_ref",1
"notifications.yaml::EmailNotification","notifications.yaml::relToOne","external_schema_ref",1
"notifications.yaml::EmailNotification","notifications.yaml::relToOneReadOnly","external_schema_ref",1
"notifications.yaml::EmailNotification","notifications.yaml::relToMany","external_schema_ref",1
"notifications.yaml::EmailNotificationRequest","notifications.yaml::EmailNotification","internal_schema_ref",1
"notifications.yaml::EmailNotificationResponse","notifications.yaml::EmailNotification","internal_schema_ref",1
"notifications.yaml::EmailNotificationResponse","notifications.yaml::EmailNotificationIncluded","internal_schema_ref",1
"notifications.yaml::POST /notifications/channels/email","notifications.yaml::EmailNotificationRequest","operation_internal_schema_ref",1
"notifications.yaml::POST /notifications/channels/email","notifications.yaml::EmailNotificationResponse","operation_internal_schema_ref",1
"notifications.yaml::POST /notifications/channels/email","jsonapi.yaml::failure","operation_external_schema_ref",1
"notifications.yaml::GET /notifications/channels/email/attachments","notifications.yaml::EmailAttachmentResponse","operation_internal_schema_ref",1
"payments.yaml::PaymentCondition","payments.yaml::SimpleEntity","external_schema_ref",1
"payments.yaml::PaymentCondition","payments.yaml::relToOne","external_schema_ref",1
"payments.yaml::PaymentCondition","payments.yaml::relToMany","external_schema_ref",1
"payments.yaml::PaymentConditionResponse","payments.yaml::PaymentCondition","internal_schema_ref",1
"payments.yaml::PaymentConditionResponse","payments.yaml::PaymentConditionIncluded","internal_schema_ref",1
"payments.yaml::PaymentConditionListResponse","payments.yaml::PaymentCondition","internal_schema_ref",1
"payments.yaml::PaymentConditionListResponse","payments.yaml::PaginationMeta","external_schema_ref",1
"payments.yaml::PaymentConditionListResponse","payments.yaml::pagination","external_schema_ref",1
"payments.yaml::PaymentConditionListResponse","payments.yaml::PaymentConditionIncluded","internal_schema_ref",1
"payments.yaml::PaymentConditionRequest","payments.yaml::PaymentCondition","internal_schema_ref",1
"payments.yaml::PaymentConditionInstalment","payments.yaml::SimpleEntity","external_schema_ref",1
"payments.yaml::PaymentConditionInstalment","payments.yaml::lastChangeTs","external_schema_ref",1
"payments.yaml::PaymentConditionInstalment","payments.yaml::relToOne","external_schema_ref",1
"payments.yaml::PaymentConditionInstalmentIncluded","payments.yaml::PaymentCondition","internal_schema_ref",1
"payments.yaml::PaymentConditionInstalmentResponse","payments.yaml::PaymentConditionInstalment","internal_schema_ref",1
"payments.yaml::PaymentConditionInstalmentResponse","payments.yaml::PaymentConditionInstalmentIncluded","internal_schema_ref",1
"payments.yaml::PaymentConditionInstalmentListResponse","payments.yaml::PaymentConditionInstalment","internal_schema_ref",1
"payments.yaml::PaymentConditionInstalmentListResponse","payments.yaml::PaginationMeta","external_schema_ref",1
"payments.yaml::PaymentConditionInstalmentListResponse","payments.yaml::pagination","external_schema_ref",1
"payments.yaml::PaymentConditionInstalmentListResponse","payments.yaml::PaymentConditionInstalmentIncluded","internal_schema_ref",1
"payments.yaml::PaymentConditionInstalmentRequest","payments.yaml::PaymentConditionInstalment","internal_schema_ref",1
"payments.yaml::CustomerLedgerEntry","payments.yaml::SimpleEntity","external_schema_ref",1
"payments.yaml::CustomerLedgerEntry","payments.yaml::lastChangeTs","external_schema_ref",1
"payments.yaml::CustomerLedgerEntry","payments.yaml::relToMany","external_schema_ref",1
"payments.yaml::CustomerLedgerEntryResponse","payments.yaml::CustomerLedgerEntry","internal_schema_ref",1
"payments.yaml::CustomerLedgerEntryResponse","payments.yaml::CustomerLedgerEntryIncluded","internal_schema_ref",1
"payments.yaml::CustomerLedgerEntryListResponse","payments.yaml::CustomerLedgerEntry","internal_schema_ref",1
"payments.yaml::CustomerLedgerEntryListResponse","payments.yaml::PaginationMeta","external_schema_ref",1
"payments.yaml::CustomerLedgerEntryListResponse","payments.yaml::pagination","external_schema_ref",1
"payments.yaml::CustomerLedgerEntryListResponse","payments.yaml::CustomerLedgerEntryIncluded","internal_schema_ref",1
"payments.yaml::CustomerLedgerEntryRequest","payments.yaml::CustomerLedgerEntry","internal_schema_ref",1
"payments.yaml::PaymentMethod","payments.yaml::relToOne","external_schema_ref",1
"payments.yaml::PaymentMethodIncluded","payments.yaml::Organization","external_schema_ref",1
"payments.yaml::PaymentMethodResponse","payments.yaml::PaymentMethod","internal_schema_ref",1
"payments.yaml::PaymentMethodResponse","payments.yaml::PaymentMethodIncluded","internal_schema_ref",1
"payments.yaml::PaymentMethodListResponse","payments.yaml::PaymentMethod","internal_schema_ref",1
"payments.yaml::PaymentMethodListResponse","payments.yaml::PaginationMeta","external_schema_ref",1
"payments.yaml::PaymentMethodListResponse","payments.yaml::pagination","external_schema_ref",1
"payments.yaml::PaymentMethodListResponse","payments.yaml::PaymentMethodIncluded","internal_schema_ref",1
"payments.yaml::GET /payment-conditions/{id}","payments.yaml::PaymentConditionResponse","operation_internal_schema_ref",1
"payments.yaml::GET /payment-conditions","jsonapi.yaml::pageSize","operation_external_schema_ref",1
"payments.yaml::GET /payment-conditions","jsonapi.yaml::pageNumber","operation_external_schema_ref",1
"payments.yaml::GET /payment-conditions","jsonapi.yaml::sort","operation_external_schema_ref",1
"payments.yaml::GET /payment-conditions","jsonapi.yaml::include","operation_external_schema_ref",1
"payments.yaml::GET /payment-conditions","jsonapi.yaml::acceptLanguage","operation_external_schema_ref",1
"payments.yaml::GET /payment-conditions","payments.yaml::PaymentConditionListResponse","operation_internal_schema_ref",1
"payments.yaml::GET /payment-conditions","jsonapi.yaml::failure","operation_external_schema_ref",1
"payments.yaml::GET /payment-conditions/{paymentConditionId}/instalments/{instalmentId}","payments.yaml::PaymentConditionInstalmentResponse","operation_internal_schema_ref",1
"payments.yaml::GET /payment-conditions/{paymentConditionId}/instalments","jsonapi.yaml::pageSize","operation_external_schema_ref",1
"payments.yaml::GET /payment-conditions/{paymentConditionId}/instalments","jsonapi.yaml::pageNumber","operation_external_schema_ref",1
"payments.yaml::GET /payment-conditions/{paymentConditionId}/instalments","jsonapi.yaml::sort","operation_external_schema_ref",1
"payments.yaml::GET /payment-conditions/{paymentConditionId}/instalments","jsonapi.yaml::include","operation_external_schema_ref",1
"payments.yaml::GET /payment-conditions/{paymentConditionId}/instalments","jsonapi.yaml::filterSearch","operation_external_schema_ref",1
"payments.yaml::GET /payment-conditions/{paymentConditionId}/instalments","payments.yaml::PaymentConditionInstalmentListResponse","operation_internal_schema_ref",1
"payments.yaml::GET /payment-conditions/{paymentConditionId}/instalments","jsonapi.yaml::failure","operation_external_schema_ref",1
"payments.yaml::GET /customer-ledger-entries/{id}","payments.yaml::CustomerLedgerEntryResponse","operation_internal_schema_ref",1
"payments.yaml::GET /customer-ledger-entries","jsonapi.yaml::pageSize","operation_external_schema_ref",1
"payments.yaml::GET /customer-ledger-entries","jsonapi.yaml::pageNumber","operation_external_schema_ref",1
"payments.yaml::GET /customer-ledger-entries","jsonapi.yaml::sort","operation_external_schema_ref",1
"payments.yaml::GET /customer-ledger-entries","jsonapi.yaml::include","operation_external_schema_ref",1
"payments.yaml::GET /customer-ledger-entries","core.yaml::filterOrganizationRequired","operation_external_schema_ref",1
"payments.yaml::GET /customer-ledger-entries","payments.yaml::CustomerLedgerEntryListResponse","operation_internal_schema_ref",1
"payments.yaml::GET /customer-ledger-entries","jsonapi.yaml::failure","operation_external_schema_ref",1
"payments.yaml::GET /payment-methods/{id}","payments.yaml::PaymentMethodResponse","operation_internal_schema_ref",1
"payments.yaml::GET /payment-methods","jsonapi.yaml::pageSize","operation_external_schema_ref",1
"payments.yaml::GET /payment-methods","jsonapi.yaml::pageNumber","operation_external_schema_ref",1
"payments.yaml::GET /payment-methods","jsonapi.yaml::sort","operation_external_schema_ref",1
"payments.yaml::GET /payment-methods","jsonapi.yaml::include","operation_external_schema_ref",1
"payments.yaml::GET /payment-methods","core.yaml::filterOrganizationRequired","operation_external_schema_ref",1
"payments.yaml::GET /payment-methods","jsonapi.yaml::acceptLanguage","operation_external_schema_ref",1
"payments.yaml::GET /payment-methods","payments.yaml::PaymentMethodListResponse","operation_internal_schema_ref",1
"payments.yaml::GET /payment-methods","jsonapi.yaml::failure","operation_external_schema_ref",1
"budgets.yaml::Budget","budgets.yaml::BudgetTypeId","internal_schema_ref",1
"budgets.yaml::Budget","budgets.yaml::BudgetTargetAmountTypeId","internal_schema_ref",1
"budgets.yaml::Budget","budgets.yaml::BudgetTargetStatusId","internal_schema_ref",1
"budgets.yaml::Budget","budgets.yaml::BudgetTargetEditModeId","internal_schema_ref",1
"budgets.yaml::Budget","budgets.yaml::relToMany","external_schema_ref",1
"budgets.yaml::BudgetListResponse","budgets.yaml::Budget","internal_schema_ref",1
"budgets.yaml::BudgetListResponse","budgets.yaml::PaginationMeta","external_schema_ref",1
"budgets.yaml::BudgetListResponse","budgets.yaml::pagination","external_schema_ref",1
"budgets.yaml::BudgetListResponse","budgets.yaml::BudgetIncluded","internal_schema_ref",1
"budgets.yaml::BudgetResponse","budgets.yaml::Budget","internal_schema_ref",1
"budgets.yaml::BudgetResponse","budgets.yaml::BudgetIncluded","internal_schema_ref",1
"budgets.yaml::BudgetTrendResponse","budgets.yaml::BudgetTrend","internal_schema_ref",1
"budgets.yaml::BudgetRequest","budgets.yaml::Budget","internal_schema_ref",1
"budgets.yaml::GET /budgets","jsonapi.yaml::pageSize","operation_external_schema_ref",1
"budgets.yaml::GET /budgets","jsonapi.yaml::pageNumber","operation_external_schema_ref",1
"budgets.yaml::GET /budgets","jsonapi.yaml::sort","operation_external_schema_ref",1
"budgets.yaml::GET /budgets","jsonapi.yaml::include","operation_external_schema_ref",1
"budgets.yaml::GET /budgets","core.yaml::filterOrganizationRequired","operation_external_schema_ref",1
"budgets.yaml::GET /budgets","jsonapi.yaml::acceptLanguage","operation_external_schema_ref",1
"budgets.yaml::GET /budgets","budgets.yaml::BudgetListResponse","operation_internal_schema_ref",1
"budgets.yaml::GET /budgets","jsonapi.yaml::failure","operation_external_schema_ref",1
"budgets.yaml::POST /budgets","budgets.yaml::BudgetRequest","operation_internal_schema_ref",1
"budgets.yaml::POST /budgets","budgets.yaml::BudgetResponse","operation_internal_schema_ref",1
"budgets.yaml::POST /budgets","jsonapi.yaml::failure","operation_external_schema_ref",1
"budgets.yaml::GET /budgets/{id}","budgets.yaml::BudgetResponse","operation_internal_schema_ref",1
"budgets.yaml::PATCH /budgets/{id}","budgets.yaml::BudgetRequest","operation_internal_schema_ref",1
"budgets.yaml::PATCH /budgets/{id}","budgets.yaml::BudgetResponse","operation_internal_schema_ref",1
"budgets.yaml::PATCH /budgets/{id}","jsonapi.yaml::failure","operation_external_schema_ref",1
"budgets.yaml::DELETE /budgets/{id}","jsonapi.yaml::failure","operation_external_schema_ref",1
"budgets.yaml::GET /budgets/{id}/trend","budgets.yaml::BudgetTrendResponse","operation_internal_schema_ref",1
"budgets.yaml::GET /budgets/{id}/targets","jsonapi.yaml::pageSize","operation_external_schema_ref",1
"budgets.yaml::GET /budgets/{id}/targets","jsonapi.yaml::pageNumber","operation_external_schema_ref",1
"budgets.yaml::GET /budgets/{id}/targets","jsonapi.yaml::sort","operation_external_schema_ref",1
"budgets.yaml::GET /budgets/{id}/targets","jsonapi.yaml::include","operation_external_schema_ref",1
"budgets.yaml::GET /budgets/{id}/targets","core.yaml::filterOrganizationRequired","operation_external_schema_ref",1
"budgets.yaml::GET /budgets/{id}/targets","budgets.yaml::BudgetListResponse","operation_internal_schema_ref",1
"budgets.yaml::GET /budgets/{id}/targets","jsonapi.yaml::failure","operation_external_schema_ref",1
"budgets.yaml::GET /budgets/{id}/kpis","core.yaml::KPIEntityListResponse","operation_external_schema_ref",1
"budgets.yaml::GET /budgets/{id}/kpis/{kpiId}","core.yaml::KPIEntityResponse","operation_external_schema_ref",1
"budgets.yaml::GET /budgets/kpis","core.yaml::KPIEntityListResponse","operation_external_schema_ref",1
"budgets.yaml::GET /budgets/kpis","jsonapi.yaml::failure","operation_external_schema_ref",1
"budgets.yaml::GET /budgets/kpis/{kpiId}","core.yaml::KPIEntityResponse","operation_external_schema_ref",1
"commissions.yaml::Commission","commissions.yaml::CommissionRangeType","internal_schema_ref",1
"commissions.yaml::Commission","commissions.yaml::CommissionAlgorithmType","internal_schema_ref",1
"commissions.yaml::Commission","commissions.yaml::relToOne","external_schema_ref",1
"commissions.yaml::CommissionDetail","commissions.yaml::relToOne","external_schema_ref",1
"commissions.yaml::CommissionDetailIncluded","commissions.yaml::Commission","internal_schema_ref",1
"commissions.yaml::CommissionResponse","commissions.yaml::Commission","internal_schema_ref",1
"commissions.yaml::CommissionResponse","commissions.yaml::CommissionIncluded","internal_schema_ref",1
"commissions.yaml::CommissionDetailListResponse","commissions.yaml::CommissionDetail","internal_schema_ref",1
"commissions.yaml::CommissionDetailListResponse","commissions.yaml::CommissionDetailIncluded","internal_schema_ref",1
"commissions.yaml::UpsertCommission","commissions.yaml::Commission","internal_schema_ref",1
"commissions.yaml::UpsertCommission","commissions.yaml::CommissionDetail","internal_schema_ref",1
"commissions.yaml::UpsertCommissionRequest","commissions.yaml::UpsertCommission","internal_schema_ref",1
"commissions.yaml::CommissionListResponse","commissions.yaml::Commission","internal_schema_ref",1
"commissions.yaml::CommissionListResponse","commissions.yaml::PaginationMeta","external_schema_ref",1
"commissions.yaml::CommissionListResponse","commissions.yaml::pagination","external_schema_ref",1
"commissions.yaml::CommissionListResponse","commissions.yaml::CommissionIncluded","internal_schema_ref",1
"commissions.yaml::CommissionSession","commissions.yaml::ProcessingStatus","external_schema_ref",1
"commissions.yaml::CommissionSession","commissions.yaml::SimpleEntityReadOnly","external_schema_ref",1
"commissions.yaml::CommissionSession","commissions.yaml::relToManyReadOnly","external_schema_ref",1
"commissions.yaml::CommissionSessionListResponse","commissions.yaml::CommissionSession","internal_schema_ref",1
"commissions.yaml::CommissionSessionListResponse","commissions.yaml::PaginationMeta","external_schema_ref",1
"commissions.yaml::CommissionSessionListResponse","commissions.yaml::pagination","external_schema_ref",1
"commissions.yaml::CommissionSessionListResponse","commissions.yaml::CommissionSessionIncluded","internal_schema_ref",1
"commissions.yaml::CommissionSessionResponse","commissions.yaml::CommissionSession","internal_schema_ref",1
"commissions.yaml::CommissionSessionResponse","commissions.yaml::CommissionSessionIncluded","internal_schema_ref",1
"commissions.yaml::SalesDocLineCommissionListResponse","commissions.yaml::SalesDocLineCommission","internal_schema_ref",1
"commissions.yaml::SalesDocLineCommissionListResponse","commissions.yaml::PaginationMeta","external_schema_ref",1
"commissions.yaml::SalesDocLineCommissionListResponse","commissions.yaml::pagination","external_schema_ref",1
"commissions.yaml::SalesDocLineCommissionListResponse","commissions.yaml::SalesDocLineCommissionIncluded","internal_schema_ref",1
"commissions.yaml::CommissionSessionCutOff","commissions.yaml::SimpleEntityReadOnly","external_schema_ref",1
"commissions.yaml::CommissionSessionCutOff","commissions.yaml::SimpleEntity","external_schema_ref",1
"commissions.yaml::CommissionSessionCutOffListResponse","commissions.yaml::CommissionSessionCutOff","internal_schema_ref",1
"commissions.yaml::CommissionSessionCutOffListResponse","commissions.yaml::PaginationMeta","external_schema_ref",1
"commissions.yaml::CommissionSessionCutOffListResponse","commissions.yaml::pagination","external_schema_ref",1
"commissions.yaml::CommissionSessionStatusRequest","commissions.yaml::ProcessingStatus","external_schema_ref",1
"commissions.yaml::CommissionCutOffListResponse","commissions.yaml::CommissionCutOff","internal_schema_ref",1
"commissions.yaml::CommissionCutOffListResponse","commissions.yaml::PaginationMeta","external_schema_ref",1
"commissions.yaml::CommissionCutOffListResponse","commissions.yaml::pagination","external_schema_ref",1
"commissions.yaml::GET /commission-sessions","jsonapi.yaml::pageSize","operation_external_schema_ref",1
"commissions.yaml::GET /commission-sessions","jsonapi.yaml::pageNumber","operation_external_schema_ref",1
"commissions.yaml::GET /commission-sessions","jsonapi.yaml::sort","operation_external_schema_ref",1
"commissions.yaml::GET /commission-sessions","jsonapi.yaml::include","operation_external_schema_ref",1
"commissions.yaml::GET /commission-sessions","core.yaml::filterOrganizationRequired","operation_external_schema_ref",1
"commissions.yaml::GET /commission-sessions","jsonapi.yaml::acceptLanguage","operation_external_schema_ref",1
"commissions.yaml::GET /commission-sessions","commissions.yaml::CommissionSessionListResponse","operation_internal_schema_ref",1
"commissions.yaml::GET /commission-sessions","jsonapi.yaml::failure","operation_external_schema_ref",1
"commissions.yaml::POST /commission-sessions","core.yaml::filterOrganizationRequired","operation_external_schema_ref",1
"commissions.yaml::POST /commission-sessions","commissions.yaml::CommissionSessionRequest","operation_internal_schema_ref",1
"commissions.yaml::POST /commission-sessions","jsonapi.yaml::info","operation_external_schema_ref",1
"commissions.yaml::POST /commission-sessions","jsonapi.yaml::failure","operation_external_schema_ref",1
"commissions.yaml::GET /commission-sessions/{id}","commissions.yaml::CommissionSessionResponse","operation_internal_schema_ref",1
"commissions.yaml::PATCH /commission-sessions/{id}","commissions.yaml::SalesDocLinesCommissionRequest","operation_internal_schema_ref",1
"commissions.yaml::PATCH /commission-sessions/{id}","commissions.yaml::CommissionSessionResponse","operation_internal_schema_ref",1
"commissions.yaml::PATCH /commission-sessions/{id}","jsonapi.yaml::failure","operation_external_schema_ref",1
"commissions.yaml::GET /commission-sessions/{id}/cut-off","jsonapi.yaml::pageSize","operation_external_schema_ref",1
"commissions.yaml::GET /commission-sessions/{id}/cut-off","jsonapi.yaml::pageNumber","operation_external_schema_ref",1
"commissions.yaml::GET /commission-sessions/{id}/cut-off","jsonapi.yaml::sort","operation_external_schema_ref",1
"commissions.yaml::GET /commission-sessions/{id}/cut-off","jsonapi.yaml::include","operation_external_schema_ref",1
"commissions.yaml::GET /commission-sessions/{id}/cut-off","jsonapi.yaml::acceptLanguage","operation_external_schema_ref",1
"commissions.yaml::GET /commission-sessions/{id}/cut-off","commissions.yaml::CommissionSessionCutOffListResponse","operation_internal_schema_ref",1
"commissions.yaml::GET /commission-sessions/{id}/cut-off","jsonapi.yaml::failure","operation_external_schema_ref",1
"commissions.yaml::POST /commission-sessions/{id}/cut-off","jsonapi.yaml::sort","operation_external_schema_ref",1
"commissions.yaml::POST /commission-sessions/{id}/cut-off","jsonapi.yaml::include","operation_external_schema_ref",1
"commissions.yaml::POST /commission-sessions/{id}/cut-off","core.yaml::filterOrganizationRequired","operation_external_schema_ref",1
"commissions.yaml::POST /commission-sessions/{id}/cut-off","jsonapi.yaml::acceptLanguage","operation_external_schema_ref",1
"commissions.yaml::POST /commission-sessions/{id}/cut-off","core.yaml::utcOffset","operation_external_schema_ref",1
"commissions.yaml::POST /commission-sessions/{id}/cut-off","jsonapi.yaml::info","operation_external_schema_ref",1
"commissions.yaml::POST /commission-sessions/{id}/cut-off","jsonapi.yaml::failure","operation_external_schema_ref",1
"commissions.yaml::GET /commission-sessions/{id}/sales-doc-lines","jsonapi.yaml::pageSize","operation_external_schema_ref",1
"commissions.yaml::GET /commission-sessions/{id}/sales-doc-lines","jsonapi.yaml::pageNumber","operation_external_schema_ref",1
"commissions.yaml::GET /commission-sessions/{id}/sales-doc-lines","jsonapi.yaml::sort","operation_external_schema_ref",1
"commissions.yaml::GET /commission-sessions/{id}/sales-doc-lines","jsonapi.yaml::include","operation_external_schema_ref",1
"commissions.yaml::GET /commission-sessions/{id}/sales-doc-lines","jsonapi.yaml::acceptLanguage","operation_external_schema_ref",1
"commissions.yaml::GET /commission-sessions/{id}/sales-doc-lines","commissions.yaml::SalesDocLineCommissionListResponse","operation_internal_schema_ref",1
"commissions.yaml::GET /commission-sessions/{id}/sales-doc-lines","jsonapi.yaml::failure","operation_external_schema_ref",1
"commissions.yaml::POST /commission-sessions/{id}/sales-doc-lines","jsonapi.yaml::sort","operation_external_schema_ref",1
"commissions.yaml::POST /commission-sessions/{id}/sales-doc-lines","jsonapi.yaml::include","operation_external_schema_ref",1
"commissions.yaml::POST /commission-sessions/{id}/sales-doc-lines","core.yaml::filterOrganizationRequired","operation_external_schema_ref",1
"commissions.yaml::POST /commission-sessions/{id}/sales-doc-lines","jsonapi.yaml::acceptLanguage","operation_external_schema_ref",1
"commissions.yaml::POST /commission-sessions/{id}/sales-doc-lines","core.yaml::utcOffset","operation_external_schema_ref",1
"commissions.yaml::POST /commission-sessions/{id}/sales-doc-lines","jsonapi.yaml::info","operation_external_schema_ref",1
"commissions.yaml::POST /commission-sessions/{id}/sales-doc-lines","jsonapi.yaml::failure","operation_external_schema_ref",1
"commissions.yaml::GET /commission-sessions/{id}/kpis","core.yaml::KPIEntityListResponse","operation_external_schema_ref",1
"commissions.yaml::GET /commission-sessions/{id}/kpis/{kpiId}","core.yaml::KPIEntityResponse","operation_external_schema_ref",1
"commissions.yaml::PATCH /commission-sessions/{id}/status","commissions.yaml::CommissionSessionStatusRequest","operation_internal_schema_ref",1
"commissions.yaml::PATCH /commission-sessions/{id}/status","commissions.yaml::CommissionSessionResponse","operation_internal_schema_ref",1
"commissions.yaml::PATCH /commission-sessions/{id}/status","jsonapi.yaml::failure","operation_external_schema_ref",1
"commissions.yaml::GET /commission-sessions/cut-off","jsonapi.yaml::pageSize","operation_external_schema_ref",1
"commissions.yaml::GET /commission-sessions/cut-off","jsonapi.yaml::pageNumber","operation_external_schema_ref",1
"commissions.yaml::GET /commission-sessions/cut-off","jsonapi.yaml::sort","operation_external_schema_ref",1
"commissions.yaml::GET /commission-sessions/cut-off","jsonapi.yaml::acceptLanguage","operation_external_schema_ref",1
"commissions.yaml::GET /commission-sessions/cut-off","commissions.yaml::CommissionCutOffListResponse","operation_internal_schema_ref",1
"commissions.yaml::GET /commission-sessions/cut-off","jsonapi.yaml::failure","operation_external_schema_ref",1
"commissions.yaml::GET /commissions","jsonapi.yaml::pageSize","operation_external_schema_ref",1
"commissions.yaml::GET /commissions","jsonapi.yaml::pageNumber","operation_external_schema_ref",1
"commissions.yaml::GET /commissions","jsonapi.yaml::sort","operation_external_schema_ref",1
"commissions.yaml::GET /commissions","jsonapi.yaml::include","operation_external_schema_ref",1
"commissions.yaml::GET /commissions","core.yaml::filterOrganizationRequired","operation_external_schema_ref",1
"commissions.yaml::GET /commissions","commissions.yaml::CommissionListResponse","operation_internal_schema_ref",1
"commissions.yaml::GET /commissions","jsonapi.yaml::failure","operation_external_schema_ref",1
"commissions.yaml::POST /commissions","commissions.yaml::UpsertCommissionRequest","operation_internal_schema_ref",1
"commissions.yaml::POST /commissions","commissions.yaml::CommissionResponse","operation_internal_schema_ref",1
"commissions.yaml::POST /commissions","jsonapi.yaml::failure","operation_external_schema_ref",1
"commissions.yaml::GET /commissions/{id}","commissions.yaml::CommissionResponse","operation_internal_schema_ref",1
"commissions.yaml::GET /commissions/{id}","jsonapi.yaml::failure","operation_external_schema_ref",1
"commissions.yaml::DELETE /commissions/{id}","jsonapi.yaml::acceptLanguage","operation_external_schema_ref",1
"commissions.yaml::DELETE /commissions/{id}","jsonapi.yaml::failure","operation_external_schema_ref",1
"commissions.yaml::PATCH /commissions/{id}","jsonapi.yaml::acceptLanguage","operation_external_schema_ref",1
"commissions.yaml::PATCH /commissions/{id}","commissions.yaml::UpsertCommissionRequest","operation_internal_schema_ref",1
"commissions.yaml::PATCH /commissions/{id}","commissions.yaml::CommissionResponse","operation_internal_schema_ref",1
"commissions.yaml::PATCH /commissions/{id}","jsonapi.yaml::failure","operation_external_schema_ref",1
"commissions.yaml::GET /commissions/{id}/details","jsonapi.yaml::include","operation_external_schema_ref",1
"commissions.yaml::GET /commissions/{id}/details","commissions.yaml::CommissionDetailListResponse","operation_internal_schema_ref",1
"commissions.yaml::GET /commissions/{id}/details","jsonapi.yaml::failure","operation_external_schema_ref",1
"commissions.yaml::POST /commissions/export","jsonapi.yaml::sort","operation_external_schema_ref",1
"commissions.yaml::POST /commissions/export","core.yaml::filterOrganizationRequired","operation_external_schema_ref",1
"commissions.yaml::POST /commissions/export","jsonapi.yaml::acceptLanguage","operation_external_schema_ref",1
"commissions.yaml::POST /commissions/export","core.yaml::utcOffset","operation_external_schema_ref",1
"commissions.yaml::POST /commissions/export","jsonapi.yaml::info","operation_external_schema_ref",1
"commissions.yaml::POST /commissions/export","jsonapi.yaml::failure","operation_external_schema_ref",1
"accessControl.yaml::ZoneAttributes","accessControl.yaml::ZoneTypeTotal","internal_schema_ref",1
"accessControl.yaml::ZoneRelationships","accessControl.yaml::relToOneReadOnly","external_schema_ref",1
"accessControl.yaml::Zone","accessControl.yaml::ZoneAttributes","internal_schema_ref",1
"accessControl.yaml::Zone","accessControl.yaml::ZoneRelationships","internal_schema_ref",1
"accessControl.yaml::ZoneRequest","accessControl.yaml::Zone","internal_schema_ref",1
"accessControl.yaml::ZoneResponse","accessControl.yaml::Zone","internal_schema_ref",1
"accessControl.yaml::ZoneResponse","accessControl.yaml::ZoneIncluded","internal_schema_ref",1
"accessControl.yaml::ZoneListResponse","accessControl.yaml::Zone","internal_schema_ref",1
"accessControl.yaml::ZoneListResponse","accessControl.yaml::PaginationMeta","external_schema_ref",1
"accessControl.yaml::ZoneListResponse","accessControl.yaml::pagination","external_schema_ref",1
"accessControl.yaml::ZoneListResponse","accessControl.yaml::ZoneIncluded","internal_schema_ref",1
"accessControl.yaml::ZoneEmergencyAttributes","accessControl.yaml::ZoneEmergencyStatus","internal_schema_ref",1
"accessControl.yaml::ZoneEmergencyRelationships","accessControl.yaml::relToMany","external_schema_ref",1
"accessControl.yaml::ZoneEmergency","accessControl.yaml::ZoneEmergencyAttributes","internal_schema_ref",1
"accessControl.yaml::ZoneEmergency","accessControl.yaml::ZoneEmergencyRelationships","internal_schema_ref",1
"accessControl.yaml::ZoneEmergencyResponse","accessControl.yaml::ZoneEmergency","internal_schema_ref",1
"accessControl.yaml::ZoneEmergencyResponse","accessControl.yaml::ZoneEmergencyIncluded","internal_schema_ref",1
"accessControl.yaml::ZoneEmergencyListResponse","accessControl.yaml::ZoneEmergency","internal_schema_ref",1
"accessControl.yaml::ZoneEmergencyListResponse","accessControl.yaml::PaginationMeta","external_schema_ref",1
"accessControl.yaml::ZoneEmergencyListResponse","accessControl.yaml::pagination","external_schema_ref",1
"accessControl.yaml::ZoneEmergencyListResponse","accessControl.yaml::ZoneEmergencyIncluded","internal_schema_ref",1
"accessControl.yaml::AccessGateAttributes","accessControl.yaml::AccessGateDirection","internal_schema_ref",1
"accessControl.yaml::AccessGateRelationships","accessControl.yaml::relToOne","external_schema_ref",1
"accessControl.yaml::AccessGateRelationships","accessControl.yaml::relToManyWithMeta","external_schema_ref",1
"accessControl.yaml::AccessGateRelationships","accessControl.yaml::relToMany","external_schema_ref",1
"accessControl.yaml::AccessGate","accessControl.yaml::AccessGateAttributes","internal_schema_ref",1
"accessControl.yaml::AccessGate","accessControl.yaml::AccessGateRelationships","internal_schema_ref",1
"accessControl.yaml::AccessGateRequest","accessControl.yaml::AccessGate","internal_schema_ref",1
"accessControl.yaml::AccessGateResponse","accessControl.yaml::AccessGate","internal_schema_ref",1
"accessControl.yaml::AccessGateResponse","accessControl.yaml::AccessGateIncluded","internal_schema_ref",1
"accessControl.yaml::AccessGateListResponse","accessControl.yaml::AccessGate","internal_schema_ref",1
"accessControl.yaml::AccessGateListResponse","accessControl.yaml::PaginationMeta","external_schema_ref",1
"accessControl.yaml::AccessGateListResponse","accessControl.yaml::pagination","external_schema_ref",1
"accessControl.yaml::AccessGateListResponse","accessControl.yaml::AccessGateIncluded","internal_schema_ref",1
"accessControl.yaml::AccessJournalEntryAttributes","accessControl.yaml::AccessGateDirection","internal_schema_ref",1
"accessControl.yaml::AccessJournalEntryAttributes","accessControl.yaml::AccessOutcome","internal_schema_ref",1
"accessControl.yaml::AccessJournalEntryAttributes","accessControl.yaml::apiDateTime","external_schema_ref",1
"accessControl.yaml::AccessJournalEntry","accessControl.yaml::AccessJournalEntryAttributes","internal_schema_ref",1
"accessControl.yaml::AccessJournalEntry","accessControl.yaml::AccessJournalEntryRelationships","internal_schema_ref",1
"accessControl.yaml::AccessJournalEntryListResponse","accessControl.yaml::AccessJournalEntry","internal_schema_ref",1
"accessControl.yaml::AccessJournalEntryListResponse","accessControl.yaml::PaginationMeta","external_schema_ref",1
"accessControl.yaml::AccessJournalEntryListResponse","accessControl.yaml::pagination","external_schema_ref",1
"accessControl.yaml::AccessJournalEntryListResponse","accessControl.yaml::AccessJournalEntryIncluded","internal_schema_ref",1
"accessControl.yaml::AccessJournalEntryRequest","accessControl.yaml::AccessJournalEntry","internal_schema_ref",1
"accessControl.yaml::AccessJournalEntryResponse","accessControl.yaml::AccessJournalEntry","internal_schema_ref",1
"accessControl.yaml::AccessJournalEntryResponse","accessControl.yaml::AccessJournalEntryIncluded","internal_schema_ref",1
"accessControl.yaml::BadgeAttributes","accessControl.yaml::apiDate","external_schema_ref",1
"accessControl.yaml::Badge","accessControl.yaml::BadgeAttributes","internal_schema_ref",1
"accessControl.yaml::Badge","accessControl.yaml::BadgeRelationships","internal_schema_ref",1
"accessControl.yaml::BadgeResponse","accessControl.yaml::Badge","internal_schema_ref",1
"accessControl.yaml::BadgeResponse","accessControl.yaml::BadgeIncluded","internal_schema_ref",1
"accessControl.yaml::BadgeHolderRelationships","accessControl.yaml::relToOneWithMeta","external_schema_ref",1
"accessControl.yaml::BadgeHolderRelationships","accessControl.yaml::relToOne","external_schema_ref",1
"accessControl.yaml::BadgeHolderRelationships","accessControl.yaml::relToManyWithMeta","external_schema_ref",1
"accessControl.yaml::BadgeHolder","accessControl.yaml::BadgeHolderAttributes","internal_schema_ref",1
"accessControl.yaml::BadgeHolder","accessControl.yaml::BadgeHolderRelationships","internal_schema_ref",1
"accessControl.yaml::BadgeHolderResponse","accessControl.yaml::BadgeHolder","internal_schema_ref",1
"accessControl.yaml::BadgeHolderResponse","accessControl.yaml::BadgeHolderIncluded","internal_schema_ref",1
"accessControl.yaml::ManualAccessData","accessControl.yaml::AccessGateDirection","internal_schema_ref",1
"accessControl.yaml::ManualAccessData","accessControl.yaml::apiDateTime","external_schema_ref",1
"accessControl.yaml::ManualAccessRequest","accessControl.yaml::ManualAccessData","internal_schema_ref",1
"accessControl.yaml::AccessGroupRelationships","accessControl.yaml::relToOne","external_schema_ref",1
"accessControl.yaml::AccessGroup","accessControl.yaml::AccessGroupAttributes","internal_schema_ref",1
"accessControl.yaml::AccessGroup","accessControl.yaml::AccessGroupRelationships","internal_schema_ref",1
"accessControl.yaml::AccessGroupListResponse","accessControl.yaml::AccessGroup","internal_schema_ref",1
"accessControl.yaml::AccessGroupListResponse","accessControl.yaml::AccessGroupIncluded","internal_schema_ref",1
"accessControl.yaml::CheckoutPersonnelRequest","accessControl.yaml::CheckoutPersonnel","internal_schema_ref",1
"accessControl.yaml::GET /zones","jsonapi.yaml::pageSize","operation_external_schema_ref",1
"accessControl.yaml::GET /zones","jsonapi.yaml::pageNumber","operation_external_schema_ref",1
"accessControl.yaml::GET /zones","jsonapi.yaml::sort","operation_external_schema_ref",1
"accessControl.yaml::GET /zones","jsonapi.yaml::include","operation_external_schema_ref",1
"accessControl.yaml::GET /zones","core.yaml::filterOrganizationRequired","operation_external_schema_ref",1
"accessControl.yaml::GET /zones","accessControl.yaml::ZoneListResponse","operation_internal_schema_ref",1
"accessControl.yaml::GET /zones","jsonapi.yaml::failure","operation_external_schema_ref",1
"accessControl.yaml::POST /zones","accessControl.yaml::ZoneRequest","operation_internal_schema_ref",1
"accessControl.yaml::POST /zones","accessControl.yaml::ZoneResponse","operation_internal_schema_ref",1
"accessControl.yaml::POST /zones","jsonapi.yaml::failure","operation_external_schema_ref",1
"accessControl.yaml::GET /zones/hierarchies","jsonapi.yaml::acceptLanguage","operation_external_schema_ref",1
"accessControl.yaml::GET /zones/hierarchies","core.yaml::filterOrganizationRequired","operation_external_schema_ref",1
"accessControl.yaml::GET /zones/hierarchies","accessControl.yaml::ZoneListResponse","operation_internal_schema_ref",1
"accessControl.yaml::GET /zones/hierarchies","jsonapi.yaml::failure","operation_external_schema_ref",1
"accessControl.yaml::GET /zones/{id}","accessControl.yaml::ZoneResponse","operation_internal_schema_ref",1
"accessControl.yaml::PATCH /zones/{id}","accessControl.yaml::ZoneRequest","operation_internal_schema_ref",1
"accessControl.yaml::PATCH /zones/{id}","accessControl.yaml::ZoneResponse","operation_internal_schema_ref",1
"accessControl.yaml::PATCH /zones/{id}","jsonapi.yaml::failure","operation_external_schema_ref",1
"accessControl.yaml::DELETE /zones/{id}","jsonapi.yaml::failure","operation_external_schema_ref",1
"accessControl.yaml::GET /zones/{id}/sub-zones","jsonapi.yaml::pageSize","operation_external_schema_ref",1
"accessControl.yaml::GET /zones/{id}/sub-zones","jsonapi.yaml::pageNumber","operation_external_schema_ref",1
"accessControl.yaml::GET /zones/{id}/sub-zones","jsonapi.yaml::sort","operation_external_schema_ref",1
"accessControl.yaml::GET /zones/{id}/sub-zones","jsonapi.yaml::include","operation_external_schema_ref",1
"accessControl.yaml::GET /zones/{id}/sub-zones","accessControl.yaml::ZoneListResponse","operation_internal_schema_ref",1
"accessControl.yaml::GET /zones/{id}/sub-zones","jsonapi.yaml::failure","operation_external_schema_ref",1
"accessControl.yaml::POST /zones/{id}/head-count","accessControl.yaml::AccessJournalEntryListResponse","operation_internal_schema_ref",1
"accessControl.yaml::POST /zones/{id}/head-count","jsonapi.yaml::failure","operation_external_schema_ref",1
"accessControl.yaml::GET /zones/{id}/hierarchy","accessControl.yaml::ZoneListResponse","operation_internal_schema_ref",1
"accessControl.yaml::POST /zones/check-out-personnel","accessControl.yaml::CheckoutPersonnelRequest","operation_internal_schema_ref",1
"accessControl.yaml::POST /zones/check-out-personnel","jsonapi.yaml::failure","operation_external_schema_ref",1
"accessControl.yaml::GET /access/gates","jsonapi.yaml::pageSize","operation_external_schema_ref",1
"accessControl.yaml::GET /access/gates","jsonapi.yaml::pageNumber","operation_external_schema_ref",1
"accessControl.yaml::GET /access/gates","jsonapi.yaml::sort","operation_external_schema_ref",1
"accessControl.yaml::GET /access/gates","jsonapi.yaml::include","operation_external_schema_ref",1
"accessControl.yaml::GET /access/gates","core.yaml::filterOrganizationRequired","operation_external_schema_ref",1
"accessControl.yaml::GET /access/gates","accessControl.yaml::AccessGateListResponse","operation_internal_schema_ref",1
"accessControl.yaml::GET /access/gates","jsonapi.yaml::failure","operation_external_schema_ref",1
"accessControl.yaml::POST /access/gates","accessControl.yaml::AccessGateRequest","operation_internal_schema_ref",1
"accessControl.yaml::POST /access/gates","accessControl.yaml::AccessGateResponse","operation_internal_schema_ref",1
"accessControl.yaml::POST /access/gates","jsonapi.yaml::failure","operation_external_schema_ref",1
"accessControl.yaml::GET /access/gates/{id}","accessControl.yaml::AccessGateResponse","operation_internal_schema_ref",1
"accessControl.yaml::PATCH /access/gates/{id}","jsonapi.yaml::acceptLanguage","operation_external_schema_ref",1
"accessControl.yaml::PATCH /access/gates/{id}","accessControl.yaml::AccessGateRequest","operation_internal_schema_ref",1
"accessControl.yaml::PATCH /access/gates/{id}","accessControl.yaml::AccessGateResponse","operation_internal_schema_ref",1
"accessControl.yaml::PATCH /access/gates/{id}","jsonapi.yaml::failure","operation_external_schema_ref",1
"accessControl.yaml::DELETE /access/gates/{id}","jsonapi.yaml::acceptLanguage","operation_external_schema_ref",1
"accessControl.yaml::DELETE /access/gates/{id}","jsonapi.yaml::failure","operation_external_schema_ref",1
"accessControl.yaml::GET /badge-holders/{id}","accessControl.yaml::BadgeHolderResponse","operation_internal_schema_ref",1
"accessControl.yaml::GET /badge-holders/by-code/{code}","accessControl.yaml::BadgeHolderResponse","operation_internal_schema_ref",1
"accessControl.yaml::GET /badge-holders/last-accesses","jsonapi.yaml::pageSize","operation_external_schema_ref",1
"accessControl.yaml::GET /badge-holders/last-accesses","jsonapi.yaml::pageNumber","operation_external_schema_ref",1
"accessControl.yaml::GET /badge-holders/last-accesses","jsonapi.yaml::sort","operation_external_schema_ref",1
"accessControl.yaml::GET /badge-holders/last-accesses","jsonapi.yaml::include","operation_external_schema_ref",1
"accessControl.yaml::GET /badge-holders/last-accesses","core.yaml::filterOrganizationRequired","operation_external_schema_ref",1
"accessControl.yaml::GET /badge-holders/last-accesses","accessControl.yaml::AccessJournalEntryListResponse","operation_internal_schema_ref",1
"accessControl.yaml::GET /badge-holders/last-accesses","jsonapi.yaml::failure","operation_external_schema_ref",1
"accessControl.yaml::POST /badge-holders/{code}/access/entries","jsonapi.yaml::acceptLanguage","operation_external_schema_ref",1
"accessControl.yaml::POST /badge-holders/{code}/access/entries","accessControl.yaml::ManualAccessRequest","operation_internal_schema_ref",1
"accessControl.yaml::POST /badge-holders/{code}/access/entries","accessControl.yaml::AccessJournalEntryResponse","operation_internal_schema_ref",1
"accessControl.yaml::POST /badge-holders/{code}/access/entries","jsonapi.yaml::failure","operation_external_schema_ref",1
"accessControl.yaml::GET /badges/{id}","accessControl.yaml::BadgeResponse","operation_internal_schema_ref",1
"accessControl.yaml::POST /access/entries","accessControl.yaml::AccessJournalEntryRequest","operation_internal_schema_ref",1
"accessControl.yaml::POST /access/entries","accessControl.yaml::AccessJournalEntryResponse","operation_internal_schema_ref",1
"accessControl.yaml::POST /access/entries","jsonapi.yaml::failure","operation_external_schema_ref",1
"accessControl.yaml::GET /zones/kpis","core.yaml::KPIEntityListResponse","operation_external_schema_ref",1
"accessControl.yaml::GET /zones/kpis","jsonapi.yaml::failure","operation_external_schema_ref",1
"accessControl.yaml::POST /zones/{id}/emergencies","accessControl.yaml::ZoneEmergencyResponse","operation_internal_schema_ref",1
"accessControl.yaml::POST /zones/{id}/emergencies","jsonapi.yaml::failure","operation_external_schema_ref",1
"accessControl.yaml::GET /emergencies","accessControl.yaml::ZoneEmergencyListResponse","operation_internal_schema_ref",1
"accessControl.yaml::GET /emergencies","jsonapi.yaml::failure","operation_external_schema_ref",1
"accessControl.yaml::PATCH /emergencies/{id}","accessControl.yaml::ZoneEmergencyResponse","operation_internal_schema_ref",1
"accessControl.yaml::PATCH /emergencies/{id}","jsonapi.yaml::failure","operation_external_schema_ref",1
"accessControl.yaml::GET /access/groups","core.yaml::filterOrganizationRequired","operation_external_schema_ref",1
"accessControl.yaml::GET /access/groups","jsonapi.yaml::acceptLanguage","operation_external_schema_ref",1
"accessControl.yaml::GET /access/groups","accessControl.yaml::AccessGroupListResponse","operation_internal_schema_ref",1
"accessControl.yaml::GET /access/groups","jsonapi.yaml::failure","operation_external_schema_ref",1
"accessControl.yaml::POST /access/groups/{groupId}/gates/{gateId}","jsonapi.yaml::failure","operation_external_schema_ref",1
"accessControl.yaml::DELETE /access/groups/{groupId}/gates/{gateId}","jsonapi.yaml::failure","operation_external_schema_ref",1
"accessControl.yaml::POST /access/groups/gates/{gateId}","core.yaml::filterOrganizationRequired","operation_external_schema_ref",1
"accessControl.yaml::POST /access/groups/gates/{gateId}","jsonapi.yaml::acceptLanguage","operation_external_schema_ref",1
"accessControl.yaml::POST /access/groups/gates/{gateId}","jsonapi.yaml::failure","operation_external_schema_ref",1
"core.yaml::SimpleEntityListResponse","core.yaml::SimpleEntity","internal_schema_ref",1
"core.yaml::SimpleEntityListResponse","core.yaml::PaginationMeta","external_schema_ref",1
"core.yaml::UserProfileSignUp","core.yaml::UserRegistrationMode","internal_schema_ref",1
"core.yaml::UserProfileSignUp","core.yaml::UserRegistrationStatus","internal_schema_ref",1
"core.yaml::UserProfileSignUp","core.yaml::PrivacyPurposeStatus","internal_schema_ref",1
"core.yaml::UserProfileSignUp","core.yaml::relToOneReadOnly","external_schema_ref",1
"core.yaml::UserProfileSignUp","core.yaml::relToOnePartyReadOnly","external_schema_ref",1
"core.yaml::UserProfileSignUpRequest","core.yaml::UserProfileSignUp","internal_schema_ref",1
"core.yaml::UserProfileSignUpResponse","core.yaml::UserProfileSignUp","internal_schema_ref",1
"core.yaml::UserProfileSignUpResponse","core.yaml::UserProfileSignUpIncluded","internal_schema_ref",1
"core.yaml::UserProfileSignUpListResponse","core.yaml::UserProfileSignUp","internal_schema_ref",1
"core.yaml::UserProfileSignUpListResponse","core.yaml::PaginationMeta","external_schema_ref",1
"core.yaml::UserProfileSignUpListResponse","core.yaml::pagination","external_schema_ref",1
"core.yaml::UserProfileSignUpListResponse","core.yaml::UserProfileSignUpIncluded","internal_schema_ref",1
"core.yaml::Operation","core.yaml::Action","internal_schema_ref",1
"core.yaml::Operations","core.yaml::Operation","internal_schema_ref",1
"core.yaml::Email","core.yaml::apiDateTime","external_schema_ref",1
"core.yaml::NoteTypeResponse","core.yaml::NoteType","internal_schema_ref",1
"core.yaml::NoteTypeListResponse","core.yaml::NoteType","internal_schema_ref",1
"core.yaml::NoteTypeListResponse","core.yaml::PaginationMeta","external_schema_ref",1
"core.yaml::NoteTypeListResponse","core.yaml::pagination","external_schema_ref",1
"core.yaml::NoteTypeRequest","core.yaml::NoteType","internal_schema_ref",1
"core.yaml::Note","core.yaml::relToOneWithMeta","external_schema_ref",1
"core.yaml::NoteIncluded","core.yaml::NoteType","internal_schema_ref",1
"core.yaml::NoteResponse","core.yaml::Note","internal_schema_ref",1
"core.yaml::NoteResponse","core.yaml::NoteIncluded","internal_schema_ref",1
"core.yaml::NoteListResponse","core.yaml::Note","internal_schema_ref",1
"core.yaml::NoteListResponse","core.yaml::PaginationMeta","external_schema_ref",1
"core.yaml::NoteListResponse","core.yaml::pagination","external_schema_ref",1
"core.yaml::NoteListResponse","core.yaml::NoteIncluded","internal_schema_ref",1
"core.yaml::NoteRequest","core.yaml::Note","internal_schema_ref",1
"core.yaml::Permission","core.yaml::relToOne","external_schema_ref",1
"core.yaml::PermissionIncluded","core.yaml::App","external_schema_ref",1
"core.yaml::PermissionResponse","core.yaml::Permission","internal_schema_ref",1
"core.yaml::PermissionResponse","core.yaml::PermissionIncluded","internal_schema_ref",1
"core.yaml::PermissionListResponse","core.yaml::Permission","internal_schema_ref",1
"core.yaml::PermissionListResponse","core.yaml::PaginationMeta","external_schema_ref",1
"core.yaml::PermissionListResponse","core.yaml::pagination","external_schema_ref",1
"core.yaml::PermissionListResponse","core.yaml::PermissionIncluded","internal_schema_ref",1
"core.yaml::PermissionRoleResponse","core.yaml::PermissionRole","internal_schema_ref",1
"core.yaml::PermissionRoleResponse","core.yaml::PermissionRoleIncluded","internal_schema_ref",1
"core.yaml::PermissionRoleListResponse","core.yaml::PermissionRole","internal_schema_ref",1
"core.yaml::PermissionRoleListResponse","core.yaml::PaginationMeta","external_schema_ref",1
"core.yaml::PermissionRoleListResponse","core.yaml::pagination","external_schema_ref",1
"core.yaml::PermissionRoleListResponse","core.yaml::PermissionRoleIncluded","internal_schema_ref",1
"core.yaml::CountryResponse","core.yaml::Country","internal_schema_ref",1
"core.yaml::CountryListResponse","core.yaml::Country","internal_schema_ref",1
"core.yaml::CountryListResponse","core.yaml::PaginationMeta","external_schema_ref",1
"core.yaml::CountryListResponse","core.yaml::pagination","external_schema_ref",1
"core.yaml::Currency","core.yaml::isDraft","external_schema_ref",1
"core.yaml::Currency","core.yaml::lastChangeTs","external_schema_ref",1
"core.yaml::CurrencyResponse","core.yaml::Currency","internal_schema_ref",1
"core.yaml::CurrencyListResponse","core.yaml::Currency","internal_schema_ref",1
"core.yaml::CurrencyListResponse","core.yaml::PaginationMeta","external_schema_ref",1
"core.yaml::CurrencyListResponse","core.yaml::pagination","external_schema_ref",1
"core.yaml::UserProfile","core.yaml::apiDateTime","external_schema_ref",1
"core.yaml::UserProfile","core.yaml::Operations","internal_schema_ref",1
"core.yaml::UserProfile","core.yaml::Email","internal_schema_ref",1
"core.yaml::UserProfile","core.yaml::Phone","internal_schema_ref",1
"core.yaml::UserProfile","core.yaml::lastChangeTs","external_schema_ref",1
"core.yaml::UserProfile","core.yaml::PrivacyPurposeStatus","external_schema_ref",1
"core.yaml::UserProfile","core.yaml::relToOneWithMeta","external_schema_ref",1
"core.yaml::UserProfile","core.yaml::relToOne","external_schema_ref",1
"core.yaml::UserProfile","core.yaml::relToManyReadOnly","external_schema_ref",1
"core.yaml::UserProfileResponse","core.yaml::UserProfile","internal_schema_ref",1
"core.yaml::UserProfileResponse","core.yaml::UserProfileIncluded","internal_schema_ref",1
"core.yaml::UserProfileListResponse","core.yaml::UserProfile","internal_schema_ref",1
"core.yaml::UserProfileListResponse","core.yaml::PaginationMeta","external_schema_ref",1
"core.yaml::UserProfileListResponse","core.yaml::pagination","external_schema_ref",1
"core.yaml::UserProfileListResponse","core.yaml::UserProfileIncluded","internal_schema_ref",1
"core.yaml::UserProfileRequest","core.yaml::UserProfile","internal_schema_ref",1
"core.yaml::UserProfileLiteListResponse","core.yaml::UserProfileLite","internal_schema_ref",1
"core.yaml::UserProfileLiteListResponse","core.yaml::PaginationMeta","external_schema_ref",1
"core.yaml::UserProfileLiteListResponse","core.yaml::pagination","external_schema_ref",1
"core.yaml::UserProfileBelongingHierarchy","core.yaml::SimpleEntityReadOnly","internal_schema_ref",1
"core.yaml::UserProfileBelongingHierarchy","core.yaml::UserProfileHierarchyNode","internal_schema_ref",1
"core.yaml::UserProfileHierarchyNode","core.yaml::SimpleEntityReadOnly","internal_schema_ref",1
"core.yaml::UserProfileBelongingHierarchyListResponse","core.yaml::UserProfileBelongingHierarchy","internal_schema_ref",1
"core.yaml::UserProfileWidget","core.yaml::WidgetPlaceholder","external_schema_ref",1
"core.yaml::UserProfileWidgetResponse","core.yaml::UserProfileWidget","internal_schema_ref",1
"core.yaml::UserProfileWidgetListResponse","core.yaml::TallyWidget","external_schema_ref",1
"core.yaml::UserProfileWidgetListResponse","core.yaml::RatioTrackerWidget","external_schema_ref",1
"core.yaml::UserProfileWidgetListResponse","core.yaml::UserProfileWidget","internal_schema_ref",1
"core.yaml::UserProfileWidgetRequest","core.yaml::UserProfileWidget","internal_schema_ref",1
"core.yaml::UserProfileWidgetLiteRequest","core.yaml::UserProfileWidgetLite","internal_schema_ref",1
"core.yaml::UserProfileStatsConfig","core.yaml::StatTargetLocation","external_schema_ref",1
"core.yaml::UserProfileStatsConfigResponse","core.yaml::UserProfileStatsConfig","internal_schema_ref",1
"core.yaml::UserProfileStatsConfigRequest","core.yaml::UserProfileStatsConfig","internal_schema_ref",1
"core.yaml::UserProfileRelatedContact","core.yaml::Email","internal_schema_ref",1
"core.yaml::UserProfileRelatedContact","core.yaml::Phone","internal_schema_ref",1
"core.yaml::UserProfileRelatedContactListResponse","core.yaml::UserProfileRelatedContact","internal_schema_ref",1
"core.yaml::UserProfileRelatedContactListResponse","core.yaml::PaginationMeta","external_schema_ref",1
"core.yaml::UserProfileRelatedContactListResponse","core.yaml::pagination","external_schema_ref",1
"core.yaml::LinkedProfilesResponse","core.yaml::LinkedProfiles","internal_schema_ref",1
"core.yaml::AppResponse","core.yaml::App","internal_schema_ref",1
"core.yaml::AppListResponse","core.yaml::App","internal_schema_ref",1
"core.yaml::AppListResponse","core.yaml::PaginationMeta","external_schema_ref",1
"core.yaml::AppListResponse","core.yaml::pagination","external_schema_ref",1
"core.yaml::AppRequest","core.yaml::App","internal_schema_ref",1
"core.yaml::Role","core.yaml::relToMany","external_schema_ref",1
"core.yaml::RoleIncluded","core.yaml::Permission","internal_schema_ref",1
"core.yaml::RoleResponse","core.yaml::Role","internal_schema_ref",1
"core.yaml::RoleResponse","core.yaml::RoleIncluded","internal_schema_ref",1
"core.yaml::RoleListResponse","core.yaml::Role","internal_schema_ref",1
"core.yaml::RoleListResponse","core.yaml::PaginationMeta","external_schema_ref",1
"core.yaml::RoleListResponse","core.yaml::pagination","external_schema_ref",1
"core.yaml::RoleListResponse","core.yaml::RoleIncluded","internal_schema_ref",1
"core.yaml::RoleRequest","core.yaml::Role","internal_schema_ref",1
"core.yaml::Organization","core.yaml::lastChangeTs","external_schema_ref",1
"core.yaml::Organization","core.yaml::Operations","internal_schema_ref",1
"core.yaml::Organization","core.yaml::Address","internal_schema_ref",1
"core.yaml::Organization","core.yaml::Email","internal_schema_ref",1
"core.yaml::Organization","core.yaml::Phone","internal_schema_ref",1
"core.yaml::Organization","core.yaml::relToOne","external_schema_ref",1
"core.yaml::Organization","core.yaml::relToOneWithMeta","external_schema_ref",1
"core.yaml::OrganizationIncluded","core.yaml::Currency","internal_schema_ref",1
"core.yaml::OrganizationResponse","core.yaml::Organization","internal_schema_ref",1
"core.yaml::OrganizationResponse","core.yaml::OrganizationIncluded","internal_schema_ref",1
"core.yaml::OrganizationListResponse","core.yaml::Organization","internal_schema_ref",1
"core.yaml::OrganizationListResponse","core.yaml::PaginationMeta","external_schema_ref",1
"core.yaml::OrganizationListResponse","core.yaml::pagination","external_schema_ref",1
"core.yaml::OrganizationListResponse","core.yaml::OrganizationIncluded","internal_schema_ref",1
"core.yaml::OrganizationRequest","core.yaml::Organization","internal_schema_ref",1
"core.yaml::DictEntityResponse","core.yaml::DictEntity","internal_schema_ref",1
"core.yaml::DictEntityListResponse","core.yaml::DictEntity","internal_schema_ref",1
"core.yaml::DictEntityListResponse","core.yaml::PaginationMeta","external_schema_ref",1
"core.yaml::DictEntityListResponse","core.yaml::pagination","external_schema_ref",1
"core.yaml::DictionaryResponse","core.yaml::Dictionary","internal_schema_ref",1
"core.yaml::DictionaryListResponse","core.yaml::Dictionary","internal_schema_ref",1
"core.yaml::DictionaryListResponse","core.yaml::PaginationMeta","external_schema_ref",1
"core.yaml::DictionaryListResponse","core.yaml::pagination","external_schema_ref",1
"core.yaml::LanguageResponse","core.yaml::Language","internal_schema_ref",1
"core.yaml::LanguageListResponse","core.yaml::Language","internal_schema_ref",1
"core.yaml::LanguageListResponse","core.yaml::PaginationMeta","external_schema_ref",1
"core.yaml::LanguageListResponse","core.yaml::pagination","external_schema_ref",1
"core.yaml::UnitOfMeasurement","core.yaml::isDraft","external_schema_ref",1
"core.yaml::UnitOfMeasurement","core.yaml::lastChangeTs","external_schema_ref",1
"core.yaml::UnitOfMeasurementResponse","core.yaml::UnitOfMeasurement","internal_schema_ref",1
"core.yaml::UnitOfMeasurementListResponse","core.yaml::UnitOfMeasurement","internal_schema_ref",1
"core.yaml::UnitOfMeasurementListResponse","core.yaml::PaginationMeta","external_schema_ref",1
"core.yaml::UnitOfMeasurementListResponse","core.yaml::pagination","external_schema_ref",1
"core.yaml::Tag","core.yaml::TagTypeId","internal_schema_ref",1
"core.yaml::Tag","core.yaml::relToOne","external_schema_ref",1
"core.yaml::TagResponse","core.yaml::Tag","internal_schema_ref",1
"core.yaml::TagResponse","core.yaml::TagIncluded","internal_schema_ref",1
"core.yaml::TagListResponse","core.yaml::Tag","internal_schema_ref",1
"core.yaml::TagListResponse","core.yaml::PaginationMeta","external_schema_ref",1
"core.yaml::TagListResponse","core.yaml::pagination","external_schema_ref",1
"core.yaml::TagListResponse","core.yaml::TagIncluded","internal_schema_ref",1
"core.yaml::TagUpdateData","core.yaml::TagTypeId","internal_schema_ref",1
"core.yaml::TagUpdateData","core.yaml::relToOne","external_schema_ref",1
"core.yaml::TagRequest","core.yaml::Tag","internal_schema_ref",1
"core.yaml::TagUpdateRequest","core.yaml::TagUpdateData","internal_schema_ref",1
"core.yaml::Warehouse","core.yaml::relToOne","external_schema_ref",1
"core.yaml::WarehouseResponse","core.yaml::Warehouse","internal_schema_ref",1
"core.yaml::WarehouseResponse","core.yaml::WarehouseIncluded","internal_schema_ref",1
"core.yaml::WarehouseListResponse","core.yaml::Warehouse","internal_schema_ref",1
"core.yaml::WarehouseListResponse","core.yaml::PaginationMeta","external_schema_ref",1
"core.yaml::WarehouseListResponse","core.yaml::pagination","external_schema_ref",1
"core.yaml::WarehouseListResponse","core.yaml::WarehouseIncluded","internal_schema_ref",1
"core.yaml::WarehouseJournalEntry","core.yaml::SimpleEntity","external_schema_ref",1
"core.yaml::WarehouseJournalEntryListResponse","core.yaml::WarehouseJournalEntry","internal_schema_ref",1
"core.yaml::WarehouseJournalEntryListResponse","core.yaml::PaginationMeta","external_schema_ref",1
"core.yaml::WarehouseJournalEntryListResponse","core.yaml::pagination","external_schema_ref",1
"core.yaml::WarehouseJournalEntryListResponse","core.yaml::WarehouseJournalEntryIncluded","internal_schema_ref",1
"core.yaml::Tax","core.yaml::TaxRelationships","internal_schema_ref",1
"core.yaml::TaxRelationships","core.yaml::relToOne","external_schema_ref",1
"core.yaml::TaxResponse","core.yaml::Tax","internal_schema_ref",1
"core.yaml::TaxResponse","core.yaml::TaxIncluded","internal_schema_ref",1
"core.yaml::TaxRegime","core.yaml::relToOne","external_schema_ref",1
"core.yaml::TaxRegimeResponse","core.yaml::TaxRegime","internal_schema_ref",1
"core.yaml::TaxRegimeResponse","core.yaml::TaxRegimeIncluded","internal_schema_ref",1
"core.yaml::TaxRegimeListResponse","core.yaml::TaxRegime","internal_schema_ref",1
"core.yaml::TaxRegimeListResponse","core.yaml::PaginationMeta","external_schema_ref",1
"core.yaml::TaxRegimeListResponse","core.yaml::pagination","external_schema_ref",1
"core.yaml::TaxRegimeListResponse","core.yaml::TaxRegimeIncluded","internal_schema_ref",1
"core.yaml::TaxRateGroup","core.yaml::relToOne","external_schema_ref",1
"core.yaml::TaxRateGroupResponse","core.yaml::TaxRateGroup","internal_schema_ref",1
"core.yaml::TaxRateGroupResponse","core.yaml::TaxRateGroupIncluded","internal_schema_ref",1
"core.yaml::TaxRateGroupListResponse","core.yaml::TaxRateGroup","internal_schema_ref",1
"core.yaml::TaxRateGroupListResponse","core.yaml::PaginationMeta","external_schema_ref",1
"core.yaml::TaxRateGroupListResponse","core.yaml::pagination","external_schema_ref",1
"core.yaml::TaxRateGroupListResponse","core.yaml::TaxRateGroupIncluded","internal_schema_ref",1
"core.yaml::TaxRate","core.yaml::relToOne","external_schema_ref",1
"core.yaml::TaxRateIncluded","core.yaml::TaxRateGroup","internal_schema_ref",1
"core.yaml::TaxRateResponse","core.yaml::TaxRate","internal_schema_ref",1
"core.yaml::TaxRateResponse","core.yaml::TaxRateIncluded","internal_schema_ref",1
"core.yaml::TaxRateListResponse","core.yaml::TaxRate","internal_schema_ref",1
"core.yaml::TaxRateListResponse","core.yaml::PaginationMeta","external_schema_ref",1
"core.yaml::TaxRateListResponse","core.yaml::pagination","external_schema_ref",1
"core.yaml::TaxRateListResponse","core.yaml::TaxRateIncluded","internal_schema_ref",1
"core.yaml::KPIEntity","core.yaml::apiDateTime","external_schema_ref",1
"core.yaml::KPIEntityResponse","core.yaml::KPIEntity","internal_schema_ref",1
"core.yaml::KPIEntityResponse","core.yaml::KPIEntityIncluded","internal_schema_ref",1
"core.yaml::KPIEntityListResponse","core.yaml::KPIEntity","internal_schema_ref",1
"core.yaml::KPIEntityListResponse","core.yaml::PaginationMeta","external_schema_ref",1
"core.yaml::KPIEntityListResponse","core.yaml::pagination","external_schema_ref",1
"core.yaml::KPIEntityListResponse","core.yaml::KPIEntityIncluded","internal_schema_ref",1
"core.yaml::AppEvent","core.yaml::apiDateTime","external_schema_ref",1
"core.yaml::AppEventResponse","core.yaml::AppEvent","internal_schema_ref",1
"core.yaml::AppEventResponse","core.yaml::AppEventIncluded","internal_schema_ref",1
"core.yaml::AppEventListResponse","core.yaml::AppEvent","internal_schema_ref",1
"core.yaml::AppEventListResponse","core.yaml::PaginationMeta","external_schema_ref",1
"core.yaml::AppEventListResponse","core.yaml::pagination","external_schema_ref",1
"core.yaml::AppEventListResponse","core.yaml::AppEventIncluded","internal_schema_ref",1
"core.yaml::CustomViewRelationships","core.yaml::relToOne","external_schema_ref",1
"core.yaml::CustomView","core.yaml::CustomViewAttributes","internal_schema_ref",1
"core.yaml::CustomView","core.yaml::CustomViewRelationships","internal_schema_ref",1
"core.yaml::CustomViewDetailed","core.yaml::CustomViewAttributes","internal_schema_ref",1
"core.yaml::CustomViewDetailed","core.yaml::CustomViewRelationships","internal_schema_ref",1
"core.yaml::CustomViewDetailedResponse","core.yaml::CustomViewDetailed","internal_schema_ref",1
"core.yaml::CustomViewDetailedResponse","core.yaml::CustomViewIncluded","internal_schema_ref",1
"core.yaml::CustomViewListResponse","core.yaml::CustomView","internal_schema_ref",1
"core.yaml::CustomViewListResponse","core.yaml::PaginationMeta","external_schema_ref",1
"core.yaml::CustomViewListResponse","core.yaml::pagination","external_schema_ref",1
"core.yaml::CustomViewListResponse","core.yaml::CustomViewIncluded","internal_schema_ref",1
"core.yaml::CustomViewRequest","core.yaml::CustomViewDetailed","internal_schema_ref",1
"core.yaml::AccountingPeriodListResponse","core.yaml::AccountingPeriod","internal_schema_ref",1
"core.yaml::AccountingPeriodListResponse","core.yaml::PaginationMeta","external_schema_ref",1
"core.yaml::AccountingPeriodListResponse","core.yaml::pagination","external_schema_ref",1
"core.yaml::ReportTemplateAttributes","core.yaml::ReportTemplateType","internal_schema_ref",1
"core.yaml::ReportTemplateAttributes","core.yaml::ReportDataAdapterType","internal_schema_ref",1
"core.yaml::ReportStringTemplate","core.yaml::ReportTemplateAttributes","internal_schema_ref",1
"core.yaml::ReportStringTemplate","core.yaml::ReportTemplateRelationships","internal_schema_ref",1
"core.yaml::ReportStringTemplateResponse","core.yaml::ReportStringTemplate","internal_schema_ref",1
"core.yaml::ReportEngineTemplate","core.yaml::ReportTemplateAttributes","internal_schema_ref",1
"core.yaml::ReportEngineTemplate","core.yaml::ReportFormatType","internal_schema_ref",1
"core.yaml::ReportEngineTemplate","core.yaml::ReportTemplateRelationships","internal_schema_ref",1
"core.yaml::ReportEngineTemplateResponse","core.yaml::ReportEngineTemplate","internal_schema_ref",1
"core.yaml::ReportTemplateEntity","core.yaml::relToOneWithMeta","external_schema_ref",1
"core.yaml::ReportTemplateEntityListResponse","core.yaml::ReportTemplateEntity","internal_schema_ref",1
"core.yaml::ReportTemplateEntityListResponse","core.yaml::ReportTemplateEntityIncluded","internal_schema_ref",1
"core.yaml::ReportQueueEntry","core.yaml::JobStatus","external_schema_ref",1
"core.yaml::ReportQueueEntryResponse","core.yaml::ReportQueueEntry","internal_schema_ref",1
"core.yaml::ReportQueueEntryResponse","core.yaml::ReportQueueEntryIncluded","internal_schema_ref",1
"core.yaml::ReportQueueEntryRequest","core.yaml::ReportQueueEntry","internal_schema_ref",1
"core.yaml::ReportTemplateLiteListResponse","core.yaml::ReportTemplateLite","internal_schema_ref",1
"core.yaml::SalesPoint","core.yaml::OwnerTypeId","internal_schema_ref",1
"core.yaml::SalesPoint","core.yaml::SalesPointStatusId","internal_schema_ref",1
"core.yaml::SalesPoint","core.yaml::Address","external_schema_ref",1
"core.yaml::SalesPoint","core.yaml::Email","external_schema_ref",1
"core.yaml::SalesPoint","core.yaml::Phone","external_schema_ref",1
"core.yaml::SalesPointResponse","core.yaml::SalesPoint","internal_schema_ref",1
"core.yaml::SalesPointResponse","core.yaml::SalesPointIncluded","internal_schema_ref",1
"core.yaml::SalesPointListResponse","core.yaml::SalesPoint","internal_schema_ref",1
"core.yaml::SalesPointListResponse","core.yaml::PaginationMeta","external_schema_ref",1
"core.yaml::SalesPointListResponse","core.yaml::pagination","external_schema_ref",1
"core.yaml::SalesPointListResponse","core.yaml::SalesPointIncluded","internal_schema_ref",1
"core.yaml::SalesDepartmentListResponse","core.yaml::SalesDepartment","internal_schema_ref",1
"core.yaml::SalesDepartmentListResponse","core.yaml::PaginationMeta","external_schema_ref",1
"core.yaml::SalesDepartmentListResponse","core.yaml::pagination","external_schema_ref",1
"core.yaml::SalesDepartmentListResponse","core.yaml::SalesDepartmentIncluded","internal_schema_ref",1
"core.yaml::BulkUpdateDataRequest","core.yaml::BulkUpdateData","internal_schema_ref",1
"core.yaml::BulkUpdateDataImportInfo","core.yaml::SimpleEntity","internal_schema_ref",1
"core.yaml::BulkUpdateDataImportInfoResponse","core.yaml::BulkUpdateDataImportInfo","internal_schema_ref",1
"core.yaml::PrivacyAgreement","core.yaml::PrivacyPurposeStatus","internal_schema_ref",1
"core.yaml::PrivacyAgreementListResponse","core.yaml::PrivacyAgreement","internal_schema_ref",1
"core.yaml::PrivacyAgreementUpdateData","core.yaml::PrivacyPurposeStatus","internal_schema_ref",1
"core.yaml::PrivacyAgreementsStatusRequest","core.yaml::PrivacyAgreementUpdateData","internal_schema_ref",1
"core.yaml::PartyTask","core.yaml::TaskAttributes","external_schema_ref",1
"core.yaml::PartyTask","core.yaml::TaskRelationships","external_schema_ref",1
"core.yaml::PartyTaskListResponse","core.yaml::PartyTask","external_schema_ref",1
"core.yaml::PartyTaskListResponse","core.yaml::PaginationMeta","external_schema_ref",1
"core.yaml::PartyTaskListResponse","core.yaml::pagination","external_schema_ref",1
"core.yaml::PartyTaskListResponse","core.yaml::TaskIncluded","external_schema_ref",1
"core.yaml::DictEntityDataResponse","core.yaml::DictEntityData","internal_schema_ref",1
"core.yaml::DictEntityDataRequest","core.yaml::DictEntityData","internal_schema_ref",1
"core.yaml::GET /user-profiles/{id}/permissions","jsonapi.yaml::pageSize","operation_external_schema_ref",1
"core.yaml::GET /user-profiles/{id}/permissions","jsonapi.yaml::pageNumber","operation_external_schema_ref",1
"core.yaml::GET /user-profiles/{id}/permissions","jsonapi.yaml::sort","operation_external_schema_ref",1
"core.yaml::GET /user-profiles/{id}/permissions","jsonapi.yaml::include","operation_external_schema_ref",1
"core.yaml::GET /user-profiles/{id}/permissions","jsonapi.yaml::acceptLanguage","operation_external_schema_ref",1
"core.yaml::GET /user-profiles/{id}/permissions","core.yaml::PermissionListResponse","operation_internal_schema_ref",1
"core.yaml::GET /user-profiles/{id}/permissions","jsonapi.yaml::failure","operation_external_schema_ref",1
"core.yaml::GET /user-profiles/{id}","core.yaml::UserProfileResponse","operation_internal_schema_ref",1
"core.yaml::PATCH /user-profiles/{id}","core.yaml::UserProfileRequest","operation_internal_schema_ref",1
"core.yaml::PATCH /user-profiles/{id}","core.yaml::UserProfileResponse","operation_internal_schema_ref",1
"core.yaml::PATCH /user-profiles/{id}","jsonapi.yaml::failure","operation_external_schema_ref",1
"core.yaml::DELETE /user-profiles/{id}","jsonapi.yaml::failure","operation_external_schema_ref",1
"core.yaml::GET /user-profiles/{id}/contacts","jsonapi.yaml::pageSize","operation_external_schema_ref",1
"core.yaml::GET /user-profiles/{id}/contacts","jsonapi.yaml::pageNumber","operation_external_schema_ref",1
"core.yaml::GET /user-profiles/{id}/contacts","jsonapi.yaml::sort","operation_external_schema_ref",1
"core.yaml::GET /user-profiles/{id}/contacts","jsonapi.yaml::acceptLanguage","operation_external_schema_ref",1
"core.yaml::GET /user-profiles/{id}/contacts","core.yaml::UserProfileRelatedContactListResponse","operation_internal_schema_ref",1
"core.yaml::GET /user-profiles/{id}/contacts","jsonapi.yaml::failure","operation_external_schema_ref",1
"core.yaml::GET /user-profiles/who-am-i","jsonapi.yaml::marketplace","operation_external_schema_ref",1
"core.yaml::GET /user-profiles/who-am-i","core.yaml::UserProfileResponse","operation_internal_schema_ref",1
"core.yaml::GET /user-profiles","jsonapi.yaml::pageSize","operation_external_schema_ref",1
"core.yaml::GET /user-profiles","jsonapi.yaml::pageNumber","operation_external_schema_ref",1
"core.yaml::GET /user-profiles","jsonapi.yaml::sort","operation_external_schema_ref",1
"core.yaml::GET /user-profiles","jsonapi.yaml::include","operation_external_schema_ref",1
"core.yaml::GET /user-profiles","core.yaml::UserProfileListResponse","operation_internal_schema_ref",1
"core.yaml::GET /user-profiles","jsonapi.yaml::failure","operation_external_schema_ref",1
"core.yaml::POST /user-profiles","core.yaml::UserProfileRequest","operation_internal_schema_ref",1
"core.yaml::POST /user-profiles","core.yaml::UserProfileResponse","operation_internal_schema_ref",1
"core.yaml::POST /user-profiles","jsonapi.yaml::failure","operation_external_schema_ref",1
"core.yaml::POST /user-profiles/sign-up","core.yaml::UserProfileSignUpRequest","operation_internal_schema_ref",1
"core.yaml::POST /user-profiles/sign-up","core.yaml::UserProfileSignUpResponse","operation_internal_schema_ref",1
"core.yaml::POST /user-profiles/sign-up","jsonapi.yaml::failure","operation_external_schema_ref",1
"core.yaml::GET /user-registration-requests","jsonapi.yaml::pageSize","operation_external_schema_ref",1
"core.yaml::GET /user-registration-requests","jsonapi.yaml::pageNumber","operation_external_schema_ref",1
"core.yaml::GET /user-registration-requests","jsonapi.yaml::sort","operation_external_schema_ref",1
"core.yaml::GET /user-registration-requests","jsonapi.yaml::include","operation_external_schema_ref",1
"core.yaml::GET /user-registration-requests","jsonapi.yaml::acceptLanguage","operation_external_schema_ref",1
"core.yaml::GET /user-registration-requests","core.yaml::UserProfileSignUpListResponse","operation_internal_schema_ref",1
"core.yaml::GET /user-registration-requests","jsonapi.yaml::failure","operation_external_schema_ref",1
"core.yaml::GET /user-registration-requests/{id}","core.yaml::UserProfileSignUpResponse","operation_internal_schema_ref",1
"core.yaml::PATCH /user-registration-requests/{id}","jsonapi.yaml::acceptLanguage","operation_external_schema_ref",1
"core.yaml::PATCH /user-registration-requests/{id}","core.yaml::UserProfileSignUpResponse","operation_internal_schema_ref",1
"core.yaml::PATCH /user-registration-requests/{id}","jsonapi.yaml::failure","operation_external_schema_ref",1
"core.yaml::GET /user-profiles/remote-access","jsonapi.yaml::acceptLanguage","operation_external_schema_ref",1
"core.yaml::GET /user-profiles/remote-access","core.yaml::ExternalService","operation_internal_schema_ref",1
"core.yaml::GET /user-profiles/{id}/devices","devices.yaml::DeviceAppListResponse","operation_external_schema_ref",1
"core.yaml::GET /user-profiles/{id}/hierarchies","core.yaml::UserProfileBelongingHierarchyListResponse","operation_internal_schema_ref",1
"core.yaml::GET /user-profiles/{id}/linked-profiles","jsonapi.yaml::sort","operation_external_schema_ref",1
"core.yaml::GET /user-profiles/{id}/linked-profiles","core.yaml::filterOrganizationRequired","operation_external_schema_ref",1
"core.yaml::GET /user-profiles/{id}/linked-profiles","jsonapi.yaml::marketplace","operation_external_schema_ref",1
"core.yaml::GET /user-profiles/{id}/linked-profiles","core.yaml::LinkedProfilesResponse","operation_internal_schema_ref",1
"core.yaml::PATCH /user-profiles/{id}/linked-profiles","core.yaml::filterOrganizationRequired","operation_external_schema_ref",1
"core.yaml::PATCH /user-profiles/{id}/linked-profiles","core.yaml::UpdateLinkedProfilesRequest","operation_internal_schema_ref",1
"core.yaml::PATCH /user-profiles/{id}/linked-profiles","core.yaml::LinkedProfilesResponse","operation_internal_schema_ref",1
"core.yaml::PATCH /user-profiles/{id}/linked-profiles","jsonapi.yaml::failure","operation_external_schema_ref",1
"core.yaml::GET /user-profiles/{id}/kpis","core.yaml::KPIEntityListResponse","operation_external_schema_ref",1
"core.yaml::GET /user-profiles/{id}/kpis/{kpiId}","core.yaml::KPIEntityResponse","operation_external_schema_ref",1
"core.yaml::GET /user-profiles-widgets","jsonapi.yaml::acceptLanguage","operation_external_schema_ref",1
"core.yaml::GET /user-profiles-widgets","jsonapi.yaml::include","operation_external_schema_ref",1
"core.yaml::GET /user-profiles-widgets","core.yaml::filterOrganizationRequired","operation_external_schema_ref",1
"core.yaml::GET /user-profiles-widgets","core.yaml::UserProfileWidgetListResponse","operation_internal_schema_ref",1
"core.yaml::GET /user-profiles-widgets","jsonapi.yaml::failure","operation_external_schema_ref",1
"core.yaml::POST /user-profiles-widgets","core.yaml::UserProfileWidget","operation_internal_schema_ref",1
"core.yaml::POST /user-profiles-widgets","core.yaml::UserProfileWidgetResponse","operation_internal_schema_ref",1
"core.yaml::POST /user-profiles-widgets","jsonapi.yaml::failure","operation_external_schema_ref",1
"core.yaml::PATCH /user-profiles-widgets/{id}","core.yaml::UserProfileWidgetLiteRequest","operation_internal_schema_ref",1
"core.yaml::PATCH /user-profiles-widgets/{id}","core.yaml::UserProfileWidgetResponse","operation_internal_schema_ref",1
"core.yaml::PATCH /user-profiles-widgets/{id}","jsonapi.yaml::failure","operation_external_schema_ref",1
"core.yaml::DELETE /user-profiles-widgets/{id}","jsonapi.yaml::failure","operation_external_schema_ref",1
"core.yaml::GET /user-profile-stats","jsonapi.yaml::failure","operation_external_schema_ref",1
"core.yaml::PATCH /user-profile-stats","core.yaml::UserProfileStatsConfigRequest","operation_internal_schema_ref",1
"core.yaml::PATCH /user-profile-stats","core.yaml::UserProfileStatsConfigResponse","operation_internal_schema_ref",1
"core.yaml::PATCH /user-profile-stats","jsonapi.yaml::failure","operation_external_schema_ref",1
"core.yaml::PATCH /user-profile-stats/{statId}","stats.yaml::StatTargetLocation","operation_external_schema_ref",1
"core.yaml::PATCH /user-profile-stats/{statId}","core.yaml::UserProfileStatsConfigResponse","operation_internal_schema_ref",1
"core.yaml::PATCH /user-profile-stats/{statId}","jsonapi.yaml::failure","operation_external_schema_ref",1
"core.yaml::GET /apps/{id}","core.yaml::AppResponse","operation_internal_schema_ref",1
"core.yaml::GET /apps/{id}/devices","devices.yaml::DeviceListResponse","operation_external_schema_ref",1
"core.yaml::GET /apps","jsonapi.yaml::pageSize","operation_external_schema_ref",1
"core.yaml::GET /apps","jsonapi.yaml::pageNumber","operation_external_schema_ref",1
"core.yaml::GET /apps","jsonapi.yaml::sort","operation_external_schema_ref",1
"core.yaml::GET /apps","jsonapi.yaml::include","operation_external_schema_ref",1
"core.yaml::GET /apps","jsonapi.yaml::acceptLanguage","operation_external_schema_ref",1
"core.yaml::GET /apps","core.yaml::AppListResponse","operation_internal_schema_ref",1
"core.yaml::GET /apps","jsonapi.yaml::failure","operation_external_schema_ref",1
"core.yaml::GET /apps/{id}/custom-views","jsonapi.yaml::pageSize","operation_external_schema_ref",1
"core.yaml::GET /apps/{id}/custom-views","jsonapi.yaml::pageNumber","operation_external_schema_ref",1
"core.yaml::GET /apps/{id}/custom-views","jsonapi.yaml::sort","operation_external_schema_ref",1
"core.yaml::GET /apps/{id}/custom-views","jsonapi.yaml::include","operation_external_schema_ref",1
"core.yaml::GET /apps/{id}/custom-views","jsonapi.yaml::acceptLanguage","operation_external_schema_ref",1
"core.yaml::GET /apps/{id}/custom-views","core.yaml::filterOrganizationRequired","operation_external_schema_ref",1
"core.yaml::GET /apps/{id}/custom-views","core.yaml::CustomViewListResponse","operation_internal_schema_ref",1
"core.yaml::GET /apps/{id}/custom-views","jsonapi.yaml::failure","operation_external_schema_ref",1
"core.yaml::POST /apps/{id}/custom-views","core.yaml::CustomViewRequest","operation_internal_schema_ref",1
"core.yaml::POST /apps/{id}/custom-views","core.yaml::CustomViewDetailedResponse","operation_internal_schema_ref",1
"core.yaml::POST /apps/{id}/custom-views","jsonapi.yaml::failure","operation_external_schema_ref",1
"core.yaml::GET /apps/{appId}/custom-views/{viewId}","core.yaml::CustomViewDetailedResponse","operation_internal_schema_ref",1
"core.yaml::PATCH /apps/{appId}/custom-views/{viewId}","jsonapi.yaml::acceptLanguage","operation_external_schema_ref",1
"core.yaml::PATCH /apps/{appId}/custom-views/{viewId}","core.yaml::CustomViewRequest","operation_internal_schema_ref",1
"core.yaml::PATCH /apps/{appId}/custom-views/{viewId}","core.yaml::CustomViewDetailedResponse","operation_internal_schema_ref",1
"core.yaml::PATCH /apps/{appId}/custom-views/{viewId}","jsonapi.yaml::failure","operation_external_schema_ref",1
"core.yaml::DELETE /apps/{appId}/custom-views/{viewId}","jsonapi.yaml::acceptLanguage","operation_external_schema_ref",1
"core.yaml::DELETE /apps/{appId}/custom-views/{viewId}","jsonapi.yaml::failure","operation_external_schema_ref",1
"core.yaml::GET /roles/{id}/permissions","jsonapi.yaml::pageSize","operation_external_schema_ref",1
"core.yaml::GET /roles/{id}/permissions","jsonapi.yaml::pageNumber","operation_external_schema_ref",1
"core.yaml::GET /roles/{id}/permissions","jsonapi.yaml::sort","operation_external_schema_ref",1
"core.yaml::GET /roles/{id}/permissions","jsonapi.yaml::include","operation_external_schema_ref",1
"core.yaml::GET /roles/{id}/permissions","jsonapi.yaml::acceptLanguage","operation_external_schema_ref",1
"core.yaml::GET /roles/{id}/permissions","core.yaml::PermissionListResponse","operation_internal_schema_ref",1
"core.yaml::GET /roles/{id}/permissions","jsonapi.yaml::failure","operation_external_schema_ref",1
"core.yaml::GET /roles/{id}","core.yaml::RoleResponse","operation_internal_schema_ref",1
"core.yaml::GET /roles","jsonapi.yaml::pageSize","operation_external_schema_ref",1
"core.yaml::GET /roles","jsonapi.yaml::pageNumber","operation_external_schema_ref",1
"core.yaml::GET /roles","jsonapi.yaml::sort","operation_external_schema_ref",1
"core.yaml::GET /roles","jsonapi.yaml::include","operation_external_schema_ref",1
"core.yaml::GET /roles","jsonapi.yaml::filterSearch","operation_external_schema_ref",1
"core.yaml::GET /roles","jsonapi.yaml::acceptLanguage","operation_external_schema_ref",1
"core.yaml::GET /roles","core.yaml::RoleListResponse","operation_internal_schema_ref",1
"core.yaml::GET /roles","jsonapi.yaml::failure","operation_external_schema_ref",1
"core.yaml::GET /organizations/{id}","core.yaml::OrganizationResponse","operation_internal_schema_ref",1
"core.yaml::PATCH /organizations/{id}","core.yaml::OrganizationRequest","operation_internal_schema_ref",1
"core.yaml::PATCH /organizations/{id}","core.yaml::OrganizationResponse","operation_internal_schema_ref",1
"core.yaml::PATCH /organizations/{id}","jsonapi.yaml::failure","operation_external_schema_ref",1
"core.yaml::GET /organizations","jsonapi.yaml::pageSize","operation_external_schema_ref",1
"core.yaml::GET /organizations","jsonapi.yaml::pageNumber","operation_external_schema_ref",1
"core.yaml::GET /organizations","jsonapi.yaml::sort","operation_external_schema_ref",1
"core.yaml::GET /organizations","jsonapi.yaml::include","operation_external_schema_ref",1
"core.yaml::GET /organizations","core.yaml::OrganizationListResponse","operation_internal_schema_ref",1
"core.yaml::GET /organizations","jsonapi.yaml::failure","operation_external_schema_ref",1
"core.yaml::POST /organizations","core.yaml::OrganizationRequest","operation_internal_schema_ref",1
"core.yaml::POST /organizations","core.yaml::OrganizationResponse","operation_internal_schema_ref",1
"core.yaml::POST /organizations","jsonapi.yaml::failure","operation_external_schema_ref",1
"core.yaml::GET /dict/entities","jsonapi.yaml::pageSize","operation_external_schema_ref",1
"core.yaml::GET /dict/entities","jsonapi.yaml::pageNumber","operation_external_schema_ref",1
"core.yaml::GET /dict/entities","jsonapi.yaml::sort","operation_external_schema_ref",1
"core.yaml::GET /dict/entities","core.yaml::DictEntityListResponse","operation_internal_schema_ref",1
"core.yaml::GET /dict/entities","jsonapi.yaml::failure","operation_external_schema_ref",1
"core.yaml::POST /dict/entities","core.yaml::DictEntityDataRequest","operation_internal_schema_ref",1
"core.yaml::POST /dict/entities","core.yaml::DictEntityDataResponse","operation_internal_schema_ref",1
"core.yaml::POST /dict/entities","jsonapi.yaml::failure","operation_external_schema_ref",1
"core.yaml::GET /dict/entities/{id}","core.yaml::DictEntityResponse","operation_internal_schema_ref",1
"core.yaml::GET /dict/{entityName}/{id}","core.yaml::DictionaryResponse","operation_internal_schema_ref",1
"core.yaml::GET /dict/{entityName}","jsonapi.yaml::pageSize","operation_external_schema_ref",1
"core.yaml::GET /dict/{entityName}","jsonapi.yaml::pageNumber","operation_external_schema_ref",1
"core.yaml::GET /dict/{entityName}","jsonapi.yaml::sort","operation_external_schema_ref",1
"core.yaml::GET /dict/{entityName}","jsonapi.yaml::include","operation_external_schema_ref",1
"core.yaml::GET /dict/{entityName}","core.yaml::DictionaryListResponse","operation_internal_schema_ref",1
"core.yaml::GET /dict/{entityName}","jsonapi.yaml::failure","operation_external_schema_ref",1
"core.yaml::POST /dict/cache/reload","jsonapi.yaml::failure","operation_external_schema_ref",1
"core.yaml::GET /languages/{id}","core.yaml::LanguageResponse","operation_internal_schema_ref",1
"core.yaml::GET /languages","jsonapi.yaml::pageSize","operation_external_schema_ref",1
"core.yaml::GET /languages","jsonapi.yaml::pageNumber","operation_external_schema_ref",1
"core.yaml::GET /languages","jsonapi.yaml::sort","operation_external_schema_ref",1
"core.yaml::GET /languages","jsonapi.yaml::include","operation_external_schema_ref",1
"core.yaml::GET /languages","jsonapi.yaml::filterSearch","operation_external_schema_ref",1
"core.yaml::GET /languages","jsonapi.yaml::acceptLanguage","operation_external_schema_ref",1
"core.yaml::GET /languages","core.yaml::LanguageListResponse","operation_internal_schema_ref",1
"core.yaml::GET /languages","jsonapi.yaml::failure","operation_external_schema_ref",1
"core.yaml::GET /currencies/{id}","core.yaml::CurrencyResponse","operation_internal_schema_ref",1
"core.yaml::GET /currencies","jsonapi.yaml::pageSize","operation_external_schema_ref",1
"core.yaml::GET /currencies","jsonapi.yaml::pageNumber","operation_external_schema_ref",1
"core.yaml::GET /currencies","jsonapi.yaml::sort","operation_external_schema_ref",1
"core.yaml::GET /currencies","jsonapi.yaml::include","operation_external_schema_ref",1
"core.yaml::GET /currencies","jsonapi.yaml::filterSearch","operation_external_schema_ref",1
"core.yaml::GET /currencies","core.yaml::CurrencyListResponse","operation_internal_schema_ref",1
"core.yaml::GET /currencies","jsonapi.yaml::failure","operation_external_schema_ref",1
"core.yaml::GET /units-of-measurement/{id}","core.yaml::UnitOfMeasurementResponse","operation_internal_schema_ref",1
"core.yaml::GET /units-of-measurement","jsonapi.yaml::pageSize","operation_external_schema_ref",1
"core.yaml::GET /units-of-measurement","jsonapi.yaml::pageNumber","operation_external_schema_ref",1
"core.yaml::GET /units-of-measurement","jsonapi.yaml::sort","operation_external_schema_ref",1
"core.yaml::GET /units-of-measurement","jsonapi.yaml::include","operation_external_schema_ref",1
"core.yaml::GET /units-of-measurement","jsonapi.yaml::acceptLanguage","operation_external_schema_ref",1
"core.yaml::GET /units-of-measurement","core.yaml::UnitOfMeasurementListResponse","operation_internal_schema_ref",1
"core.yaml::GET /units-of-measurement","jsonapi.yaml::failure","operation_external_schema_ref",1
"core.yaml::GET /tags/{id}","core.yaml::TagResponse","operation_internal_schema_ref",1
"core.yaml::PATCH /tags/{id}","core.yaml::TagUpdateRequest","operation_internal_schema_ref",1
"core.yaml::PATCH /tags/{id}","core.yaml::TagResponse","operation_internal_schema_ref",1
"core.yaml::PATCH /tags/{id}","jsonapi.yaml::failure","operation_external_schema_ref",1
"core.yaml::DELETE /tags/{id}","jsonapi.yaml::failure","operation_external_schema_ref",1
"core.yaml::GET /tags","jsonapi.yaml::pageSize","operation_external_schema_ref",1
"core.yaml::GET /tags","jsonapi.yaml::pageNumber","operation_external_schema_ref",1
"core.yaml::GET /tags","jsonapi.yaml::sort","operation_external_schema_ref",1
"core.yaml::GET /tags","jsonapi.yaml::include","operation_external_schema_ref",1
"core.yaml::GET /tags","jsonapi.yaml::acceptLanguage","operation_external_schema_ref",1
"core.yaml::GET /tags","core.yaml::TagListResponse","operation_internal_schema_ref",1
"core.yaml::GET /tags","jsonapi.yaml::failure","operation_external_schema_ref",1
"core.yaml::POST /tags","core.yaml::TagRequest","operation_internal_schema_ref",1
"core.yaml::POST /tags","core.yaml::TagResponse","operation_internal_schema_ref",1
"core.yaml::POST /tags","jsonapi.yaml::failure","operation_external_schema_ref",1
"core.yaml::GET /entities/{entityId}/{entityObjectId}/tags","core.yaml::TagListResponse","operation_internal_schema_ref",1
"core.yaml::GET /note-types/{id}","core.yaml::NoteTypeResponse","operation_internal_schema_ref",1
"core.yaml::PATCH /note-types/{id}","core.yaml::NoteTypeRequest","operation_internal_schema_ref",1
"core.yaml::PATCH /note-types/{id}","core.yaml::NoteTypeResponse","operation_internal_schema_ref",1
"core.yaml::PATCH /note-types/{id}","jsonapi.yaml::failure","operation_external_schema_ref",1
"core.yaml::DELETE /note-types/{id}","jsonapi.yaml::failure","operation_external_schema_ref",1
"core.yaml::GET /note-types","jsonapi.yaml::pageSize","operation_external_schema_ref",1
"core.yaml::GET /note-types","jsonapi.yaml::pageNumber","operation_external_schema_ref",1
"core.yaml::GET /note-types","jsonapi.yaml::sort","operation_external_schema_ref",1
"core.yaml::GET /note-types","jsonapi.yaml::include","operation_external_schema_ref",1
"core.yaml::GET /note-types","jsonapi.yaml::acceptLanguage","operation_external_schema_ref",1
"core.yaml::GET /note-types","core.yaml::NoteTypeListResponse","operation_internal_schema_ref",1
"core.yaml::GET /note-types","jsonapi.yaml::failure","operation_external_schema_ref",1
"core.yaml::POST /note-types","core.yaml::NoteTypeRequest","operation_internal_schema_ref",1
"core.yaml::POST /note-types","core.yaml::NoteTypeResponse","operation_internal_schema_ref",1
"core.yaml::POST /note-types","jsonapi.yaml::failure","operation_external_schema_ref",1
"core.yaml::GET /entities/{entityName}/{entityObjectId}/notes/{noteId}","core.yaml::NoteResponse","operation_internal_schema_ref",1
"core.yaml::GET /entities/{entityName}/{entityObjectId}/notes/{noteId}","jsonapi.yaml::failure","operation_external_schema_ref",1
"core.yaml::PATCH /entities/{entityName}/{entityObjectId}/notes/{noteId}","core.yaml::NoteRequest","operation_internal_schema_ref",1
"core.yaml::PATCH /entities/{entityName}/{entityObjectId}/notes/{noteId}","core.yaml::NoteResponse","operation_internal_schema_ref",1
"core.yaml::PATCH /entities/{entityName}/{entityObjectId}/notes/{noteId}","jsonapi.yaml::failure","operation_external_schema_ref",1
"core.yaml::DELETE /entities/{entityName}/{entityObjectId}/notes/{noteId}","jsonapi.yaml::failure","operation_external_schema_ref",1
"core.yaml::GET /entities/{entityName}/{entityObjectId}/notes","jsonapi.yaml::pageSize","operation_external_schema_ref",1
"core.yaml::GET /entities/{entityName}/{entityObjectId}/notes","jsonapi.yaml::pageNumber","operation_external_schema_ref",1
"core.yaml::GET /entities/{entityName}/{entityObjectId}/notes","jsonapi.yaml::sort","operation_external_schema_ref",1
"core.yaml::GET /entities/{entityName}/{entityObjectId}/notes","jsonapi.yaml::include","operation_external_schema_ref",1
"core.yaml::GET /entities/{entityName}/{entityObjectId}/notes","core.yaml::NoteListResponse","operation_internal_schema_ref",1
"core.yaml::GET /entities/{entityName}/{entityObjectId}/notes","jsonapi.yaml::failure","operation_external_schema_ref",1
"core.yaml::POST /entities/{entityName}/{entityObjectId}/notes","core.yaml::NoteRequest","operation_internal_schema_ref",1
"core.yaml::POST /entities/{entityName}/{entityObjectId}/notes","core.yaml::NoteResponse","operation_internal_schema_ref",1
"core.yaml::POST /entities/{entityName}/{entityObjectId}/notes","jsonapi.yaml::failure","operation_external_schema_ref",1
"core.yaml::GET /countries/{id}","core.yaml::CountryResponse","operation_internal_schema_ref",1
"core.yaml::GET /countries","jsonapi.yaml::pageSize","operation_external_schema_ref",1
"core.yaml::GET /countries","jsonapi.yaml::pageNumber","operation_external_schema_ref",1
"core.yaml::GET /countries","jsonapi.yaml::sort","operation_external_schema_ref",1
"core.yaml::GET /countries","jsonapi.yaml::include","operation_external_schema_ref",1
"core.yaml::GET /countries","jsonapi.yaml::filterSearch","operation_external_schema_ref",1
"core.yaml::GET /countries","jsonapi.yaml::acceptLanguage","operation_external_schema_ref",1
"core.yaml::GET /countries","core.yaml::CountryListResponse","operation_internal_schema_ref",1
"core.yaml::GET /countries","jsonapi.yaml::failure","operation_external_schema_ref",1
"core.yaml::GET /warehouses/{id}","core.yaml::WarehouseResponse","operation_internal_schema_ref",1
"core.yaml::GET /warehouse-journal-entries","jsonapi.yaml::pageSize","operation_external_schema_ref",1
"core.yaml::GET /warehouse-journal-entries","jsonapi.yaml::pageNumber","operation_external_schema_ref",1
"core.yaml::GET /warehouse-journal-entries","jsonapi.yaml::sort","operation_external_schema_ref",1
"core.yaml::GET /warehouse-journal-entries","jsonapi.yaml::include","operation_external_schema_ref",1
"core.yaml::GET /warehouse-journal-entries","core.yaml::filterOrganizationRequired","operation_external_schema_ref",1
"core.yaml::GET /warehouse-journal-entries","jsonapi.yaml::acceptLanguage","operation_external_schema_ref",1
"core.yaml::GET /warehouse-journal-entries","core.yaml::WarehouseJournalEntryListResponse","operation_internal_schema_ref",1
"core.yaml::GET /warehouse-journal-entries","jsonapi.yaml::failure","operation_external_schema_ref",1
"core.yaml::GET /warehouses","jsonapi.yaml::pageSize","operation_external_schema_ref",1
"core.yaml::GET /warehouses","jsonapi.yaml::pageNumber","operation_external_schema_ref",1
"core.yaml::GET /warehouses","jsonapi.yaml::sort","operation_external_schema_ref",1
"core.yaml::GET /warehouses","jsonapi.yaml::include","operation_external_schema_ref",1
"core.yaml::GET /warehouses","jsonapi.yaml::filterSearch","operation_external_schema_ref",1
"core.yaml::GET /warehouses","jsonapi.yaml::acceptLanguage","operation_external_schema_ref",1
"core.yaml::GET /warehouses","core.yaml::filterOrganizationRequired","operation_external_schema_ref",1
"core.yaml::GET /warehouses","core.yaml::WarehouseListResponse","operation_internal_schema_ref",1
"core.yaml::GET /warehouses","jsonapi.yaml::failure","operation_external_schema_ref",1
"core.yaml::GET /taxes/{id}","core.yaml::TaxResponse","operation_internal_schema_ref",1
"core.yaml::GET /taxes/tax-regimes","jsonapi.yaml::pageSize","operation_external_schema_ref",1
"core.yaml::GET /taxes/tax-regimes","jsonapi.yaml::pageNumber","operation_external_schema_ref",1
"core.yaml::GET /taxes/tax-regimes","jsonapi.yaml::sort","operation_external_schema_ref",1
"core.yaml::GET /taxes/tax-regimes","jsonapi.yaml::include","operation_external_schema_ref",1
"core.yaml::GET /taxes/tax-regimes","jsonapi.yaml::filterSearch","operation_external_schema_ref",1
"core.yaml::GET /taxes/tax-regimes","jsonapi.yaml::acceptLanguage","operation_external_schema_ref",1
"core.yaml::GET /taxes/tax-regimes","core.yaml::TaxRegimeListResponse","operation_internal_schema_ref",1
"core.yaml::GET /taxes/tax-regimes","jsonapi.yaml::apiError","operation_external_schema_ref",1
"core.yaml::GET /taxes/tax-regimes/{id}","core.yaml::TaxRegimeResponse","operation_internal_schema_ref",1
"core.yaml::GET /taxes/tax-rate-groups","jsonapi.yaml::pageSize","operation_external_schema_ref",1
"core.yaml::GET /taxes/tax-rate-groups","jsonapi.yaml::pageNumber","operation_external_schema_ref",1
"core.yaml::GET /taxes/tax-rate-groups","jsonapi.yaml::sort","operation_external_schema_ref",1
"core.yaml::GET /taxes/tax-rate-groups","jsonapi.yaml::include","operation_external_schema_ref",1
"core.yaml::GET /taxes/tax-rate-groups","core.yaml::filterOrganizationRequired","operation_external_schema_ref",1
"core.yaml::GET /taxes/tax-rate-groups","core.yaml::TaxRateGroupListResponse","operation_internal_schema_ref",1
"core.yaml::GET /taxes/tax-rate-groups","jsonapi.yaml::failure","operation_external_schema_ref",1
"core.yaml::GET /taxes/tax-rate-groups/{groupId}","core.yaml::TaxRateGroupResponse","operation_internal_schema_ref",1
"core.yaml::GET /taxes/tax-rates","jsonapi.yaml::pageSize","operation_external_schema_ref",1
"core.yaml::GET /taxes/tax-rates","jsonapi.yaml::pageNumber","operation_external_schema_ref",1
"core.yaml::GET /taxes/tax-rates","jsonapi.yaml::sort","operation_external_schema_ref",1
"core.yaml::GET /taxes/tax-rates","jsonapi.yaml::include","operation_external_schema_ref",1
"core.yaml::GET /taxes/tax-rates","core.yaml::TaxRateListResponse","operation_internal_schema_ref",1
"core.yaml::GET /taxes/tax-rates","jsonapi.yaml::failure","operation_external_schema_ref",1
"core.yaml::GET /taxes/tax-rates/{id}","core.yaml::TaxRateResponse","operation_internal_schema_ref",1
"core.yaml::GET /permissions/{id}","core.yaml::PermissionResponse","operation_internal_schema_ref",1
"core.yaml::GET /permissions","jsonapi.yaml::pageSize","operation_external_schema_ref",1
"core.yaml::GET /permissions","jsonapi.yaml::pageNumber","operation_external_schema_ref",1
"core.yaml::GET /permissions","jsonapi.yaml::sort","operation_external_schema_ref",1
"core.yaml::GET /permissions","jsonapi.yaml::include","operation_external_schema_ref",1
"core.yaml::GET /permissions","jsonapi.yaml::acceptLanguage","operation_external_schema_ref",1
"core.yaml::GET /permissions","core.yaml::PermissionListResponse","operation_internal_schema_ref",1
"core.yaml::GET /permissions","jsonapi.yaml::failure","operation_external_schema_ref",1
"core.yaml::GET /entities/{entityName}/{entityObjectId}/app-events","jsonapi.yaml::pageSize","operation_external_schema_ref",1
"core.yaml::GET /entities/{entityName}/{entityObjectId}/app-events","jsonapi.yaml::pageNumber","operation_external_schema_ref",1
"core.yaml::GET /entities/{entityName}/{entityObjectId}/app-events","jsonapi.yaml::sort","operation_external_schema_ref",1
"core.yaml::GET /entities/{entityName}/{entityObjectId}/app-events","jsonapi.yaml::include","operation_external_schema_ref",1
"core.yaml::GET /entities/{entityName}/{entityObjectId}/app-events","jsonapi.yaml::acceptLanguage","operation_external_schema_ref",1
"core.yaml::GET /entities/{entityName}/{entityObjectId}/app-events","core.yaml::AppEventListResponse","operation_internal_schema_ref",1
"core.yaml::GET /entities/{entityName}/{entityObjectId}/app-events","jsonapi.yaml::failure","operation_external_schema_ref",1
"core.yaml::GET /app-events/{id}","core.yaml::AppEventResponse","operation_internal_schema_ref",1
"core.yaml::GET /app-events/{id}","jsonapi.yaml::failure","operation_external_schema_ref",1
"core.yaml::DELETE /app-events/{id}","jsonapi.yaml::acceptLanguage","operation_external_schema_ref",1
"core.yaml::DELETE /app-events/{id}","jsonapi.yaml::failure","operation_external_schema_ref",1
"core.yaml::GET /accounting-periods","jsonapi.yaml::pageSize","operation_external_schema_ref",1
"core.yaml::GET /accounting-periods","jsonapi.yaml::pageNumber","operation_external_schema_ref",1
"core.yaml::GET /accounting-periods","jsonapi.yaml::sort","operation_external_schema_ref",1
"core.yaml::GET /accounting-periods","jsonapi.yaml::acceptLanguage","operation_external_schema_ref",1
"core.yaml::GET /accounting-periods","core.yaml::AccountingPeriodListResponse","operation_internal_schema_ref",1
"core.yaml::GET /accounting-periods","jsonapi.yaml::failure","operation_external_schema_ref",1
"core.yaml::GET /report-queue/{queueEntryId}","core.yaml::ReportQueueEntryResponse","operation_internal_schema_ref",1
"core.yaml::GET /reports/engine-templates/{id}","core.yaml::ReportEngineTemplateResponse","operation_internal_schema_ref",1
"core.yaml::GET /reports/string-templates/{id}","core.yaml::ReportStringTemplateResponse","operation_internal_schema_ref",1
"core.yaml::GET /reports/templates","jsonapi.yaml::include","operation_external_schema_ref",1
"core.yaml::GET /reports/templates","core.yaml::filterOrganizationRequired","operation_external_schema_ref",1
"core.yaml::GET /reports/templates","core.yaml::functionModuleRequired","operation_external_schema_ref",1
"core.yaml::GET /reports/templates","jsonapi.yaml::acceptLanguage","operation_external_schema_ref",1
"core.yaml::GET /reports/templates","core.yaml::ReportTemplateLiteListResponse","operation_external_schema_ref",1
"core.yaml::GET /reports/templates","jsonapi.yaml::failure","operation_external_schema_ref",1
"core.yaml::GET /sales-points","jsonapi.yaml::pageSize","operation_external_schema_ref",1
"core.yaml::GET /sales-points","jsonapi.yaml::pageNumber","operation_external_schema_ref",1
"core.yaml::GET /sales-points","jsonapi.yaml::sort","operation_external_schema_ref",1
"core.yaml::GET /sales-points","jsonapi.yaml::include","operation_external_schema_ref",1
"core.yaml::GET /sales-points","core.yaml::filterOrganizationRequired","operation_external_schema_ref",1
"core.yaml::GET /sales-points","jsonapi.yaml::acceptLanguage","operation_external_schema_ref",1
"core.yaml::GET /sales-points","core.yaml::SalesPointListResponse","operation_internal_schema_ref",1
"core.yaml::GET /sales-points","jsonapi.yaml::failure","operation_external_schema_ref",1
"core.yaml::GET /sales-points/{id}","core.yaml::SalesPointResponse","operation_internal_schema_ref",1
"core.yaml::GET /sales-points/{id}/warehouses","jsonapi.yaml::pageSize","operation_external_schema_ref",1
"core.yaml::GET /sales-points/{id}/warehouses","jsonapi.yaml::pageNumber","operation_external_schema_ref",1
"core.yaml::GET /sales-points/{id}/warehouses","jsonapi.yaml::sort","operation_external_schema_ref",1
"core.yaml::GET /sales-points/{id}/warehouses","jsonapi.yaml::include","operation_external_schema_ref",1
"core.yaml::GET /sales-points/{id}/warehouses","jsonapi.yaml::acceptLanguage","operation_external_schema_ref",1
"core.yaml::GET /sales-points/{id}/warehouses","core.yaml::WarehouseListResponse","operation_internal_schema_ref",1
"core.yaml::GET /sales-points/{id}/warehouses","jsonapi.yaml::failure","operation_external_schema_ref",1
"core.yaml::GET /sales-departments","jsonapi.yaml::pageSize","operation_external_schema_ref",1
"core.yaml::GET /sales-departments","jsonapi.yaml::pageNumber","operation_external_schema_ref",1
"core.yaml::GET /sales-departments","jsonapi.yaml::sort","operation_external_schema_ref",1
"core.yaml::GET /sales-departments","jsonapi.yaml::include","operation_external_schema_ref",1
"core.yaml::GET /sales-departments","jsonapi.yaml::acceptLanguage","operation_external_schema_ref",1
"core.yaml::GET /sales-departments","core.yaml::filterOrganizationRequired","operation_external_schema_ref",1
"core.yaml::GET /sales-departments","core.yaml::SalesDepartmentListResponse","operation_internal_schema_ref",1
"core.yaml::GET /sales-departments","jsonapi.yaml::failure","operation_external_schema_ref",1
"core.yaml::GET /privacy-purposes","core.yaml::PrivacyAgreementListResponse","operation_internal_schema_ref",1
"core.yaml::GET /privacy-purposes","jsonapi.yaml::failure","operation_external_schema_ref",1
"core.yaml::PATCH /parties/{id}/privacy-agreements","core.yaml::PrivacyAgreementsStatusRequest","operation_internal_schema_ref",1
"core.yaml::PATCH /parties/{id}/privacy-agreements","core.yaml::PrivacyAgreementListResponse","operation_internal_schema_ref",1
"core.yaml::PATCH /parties/{id}/privacy-agreements","jsonapi.yaml::failure","operation_external_schema_ref",1
"core.yaml::POST /email-verification/start","jsonapi.yaml::failure","operation_external_schema_ref",1
"core.yaml::POST /email-verification","jsonapi.yaml::failure","operation_external_schema_ref",1
"suppliers.yaml::Supplier","suppliers.yaml::LegalEntityType","internal_schema_ref",1
"suppliers.yaml::Supplier","suppliers.yaml::SimpleEntity","external_schema_ref",1
"suppliers.yaml::Supplier","suppliers.yaml::Address","external_schema_ref",1
"suppliers.yaml::Supplier","suppliers.yaml::Email","external_schema_ref",1
"suppliers.yaml::Supplier","suppliers.yaml::Phone","external_schema_ref",1
"suppliers.yaml::Supplier","suppliers.yaml::lastChangeTs","external_schema_ref",1
"suppliers.yaml::Supplier","suppliers.yaml::EntityAttributeValue","external_schema_ref",1
"suppliers.yaml::Supplier","suppliers.yaml::relToOne","external_schema_ref",1
"suppliers.yaml::SupplierIncluded","suppliers.yaml::Organization","external_schema_ref",1
"suppliers.yaml::SupplierResponse","suppliers.yaml::Supplier","internal_schema_ref",1
"suppliers.yaml::SupplierResponse","suppliers.yaml::SupplierIncluded","internal_schema_ref",1
"suppliers.yaml::SupplierListResponse","suppliers.yaml::Supplier","internal_schema_ref",1
"suppliers.yaml::SupplierListResponse","suppliers.yaml::PaginationMeta","external_schema_ref",1
"suppliers.yaml::SupplierListResponse","suppliers.yaml::pagination","external_schema_ref",1
"suppliers.yaml::SupplierListResponse","suppliers.yaml::SupplierIncluded","internal_schema_ref",1
"suppliers.yaml::SupplierRequest","suppliers.yaml::Supplier","internal_schema_ref",1
"suppliers.yaml::SupplierInfo","suppliers.yaml::Address","external_schema_ref",1
"suppliers.yaml::SupplierInfoListResponse","suppliers.yaml::SupplierInfo","internal_schema_ref",1
"suppliers.yaml::SupplierInfoListResponse","suppliers.yaml::PaginationMeta","external_schema_ref",1
"suppliers.yaml::SupplierInfoListResponse","suppliers.yaml::pagination","external_schema_ref",1
"suppliers.yaml::TargetOrganizationRequest","suppliers.yaml::TargetOrganization","internal_schema_ref",1
"suppliers.yaml::GET /suppliers","jsonapi.yaml::pageSize","operation_external_schema_ref",1
"suppliers.yaml::GET /suppliers","jsonapi.yaml::pageNumber","operation_external_schema_ref",1
"suppliers.yaml::GET /suppliers","jsonapi.yaml::sort","operation_external_schema_ref",1
"suppliers.yaml::GET /suppliers","jsonapi.yaml::include","operation_external_schema_ref",1
"suppliers.yaml::GET /suppliers","jsonapi.yaml::acceptLanguage","operation_external_schema_ref",1
"suppliers.yaml::GET /suppliers","core.yaml::LinkedUserProfileId","operation_external_schema_ref",1
"suppliers.yaml::GET /suppliers","core.yaml::filterDynamic","operation_external_schema_ref",1
"suppliers.yaml::GET /suppliers","suppliers.yaml::SupplierListResponse","operation_internal_schema_ref",1
"suppliers.yaml::GET /suppliers","jsonapi.yaml::failure","operation_external_schema_ref",1
"suppliers.yaml::POST /suppliers","suppliers.yaml::SupplierRequest","operation_internal_schema_ref",1
"suppliers.yaml::POST /suppliers","suppliers.yaml::SupplierResponse","operation_internal_schema_ref",1
"suppliers.yaml::POST /suppliers","jsonapi.yaml::failure","operation_external_schema_ref",1
"suppliers.yaml::GET /suppliers/{supplierId}","jsonapi.yaml::include","operation_external_schema_ref",1
"suppliers.yaml::GET /suppliers/{supplierId}","suppliers.yaml::SupplierResponse","operation_internal_schema_ref",1
"suppliers.yaml::PATCH /suppliers/{supplierId}","suppliers.yaml::SupplierRequest","operation_internal_schema_ref",1
"suppliers.yaml::PATCH /suppliers/{supplierId}","suppliers.yaml::SupplierResponse","operation_internal_schema_ref",1
"suppliers.yaml::PATCH /suppliers/{supplierId}","jsonapi.yaml::failure","operation_external_schema_ref",1
"suppliers.yaml::GET /suppliers/{supplierId}/linked-user-profiles","jsonapi.yaml::pageSize","operation_external_schema_ref",1
"suppliers.yaml::GET /suppliers/{supplierId}/linked-user-profiles","jsonapi.yaml::pageNumber","operation_external_schema_ref",1
"suppliers.yaml::GET /suppliers/{supplierId}/linked-user-profiles","jsonapi.yaml::sort","operation_external_schema_ref",1
"suppliers.yaml::GET /suppliers/{supplierId}/linked-user-profiles","core.yaml::UserProfileLiteListResponse","operation_external_schema_ref",1
"suppliers.yaml::GET /suppliers/{supplierId}/linked-user-profiles","jsonapi.yaml::failure","operation_external_schema_ref",1
"suppliers.yaml::GET /suppliers/{supplierId}/linked-sales-reps","jsonapi.yaml::pageSize","operation_external_schema_ref",1
"suppliers.yaml::GET /suppliers/{supplierId}/linked-sales-reps","jsonapi.yaml::pageNumber","operation_external_schema_ref",1
"suppliers.yaml::GET /suppliers/{supplierId}/linked-sales-reps","jsonapi.yaml::sort","operation_external_schema_ref",1
"suppliers.yaml::GET /suppliers/{supplierId}/linked-sales-reps","salesReps.yaml::SalesRepLiteListResponse","operation_external_schema_ref",1
"suppliers.yaml::GET /suppliers/{supplierId}/linked-sales-reps","jsonapi.yaml::failure","operation_external_schema_ref",1
"suppliers.yaml::GET /suppliers/{supplierId}/items","jsonapi.yaml::pageSize","operation_external_schema_ref",1
"suppliers.yaml::GET /suppliers/{supplierId}/items","jsonapi.yaml::pageNumber","operation_external_schema_ref",1
"suppliers.yaml::GET /suppliers/{supplierId}/items","jsonapi.yaml::sort","operation_external_schema_ref",1
"suppliers.yaml::GET /suppliers/{supplierId}/items","jsonapi.yaml::include","operation_external_schema_ref",1
"suppliers.yaml::GET /suppliers/{supplierId}/items","items.yaml::ItemsCommonFilters","operation_external_schema_ref",1
"suppliers.yaml::GET /suppliers/{supplierId}/items","items.yaml::ItemListResponse","operation_external_schema_ref",1
"suppliers.yaml::GET /suppliers/{supplierId}/items","jsonapi.yaml::failure","operation_external_schema_ref",1
"suppliers.yaml::POST /suppliers/export","jsonapi.yaml::sort","operation_external_schema_ref",1
"suppliers.yaml::POST /suppliers/export","jsonapi.yaml::acceptLanguage","operation_external_schema_ref",1
"suppliers.yaml::POST /suppliers/export","core.yaml::utcOffset","operation_external_schema_ref",1
"suppliers.yaml::POST /suppliers/export","core.yaml::templateIdParamRequired","operation_external_schema_ref",1
"suppliers.yaml::POST /suppliers/export","core.yaml::filterOrganizationRequired","operation_external_schema_ref",1
"suppliers.yaml::POST /suppliers/export","core.yaml::LinkedUserProfileId","operation_external_schema_ref",1
"suppliers.yaml::POST /suppliers/export","core.yaml::filterDynamic","operation_external_schema_ref",1
"suppliers.yaml::POST /suppliers/export","jsonapi.yaml::info","operation_external_schema_ref",1
"suppliers.yaml::POST /suppliers/export","jsonapi.yaml::failure","operation_external_schema_ref",1
"suppliers.yaml::POST /suppliers/{supplierId}/clone","suppliers.yaml::TargetOrganizationRequest","operation_internal_schema_ref",1
"suppliers.yaml::POST /suppliers/{supplierId}/clone","suppliers.yaml::SupplierResponse","operation_internal_schema_ref",1
"suppliers.yaml::POST /suppliers/{supplierId}/clone","jsonapi.yaml::failure","operation_external_schema_ref",1
"workSessions.yaml::WorkSession","workSessions.yaml::SimpleEntityReadOnly","external_schema_ref",1
"workSessions.yaml::WorkSession","workSessions.yaml::TransferStatus","external_schema_ref",1
"workSessions.yaml::WorkSessionResponse","workSessions.yaml::WorkSession","internal_schema_ref",1
"workSessions.yaml::WorkSessionResponse","workSessions.yaml::WorkSessionIncluded","internal_schema_ref",1
"workSessions.yaml::WorkSessionListResponse","workSessions.yaml::WorkSession","internal_schema_ref",1
"workSessions.yaml::WorkSessionListResponse","workSessions.yaml::PaginationMeta","external_schema_ref",1
"workSessions.yaml::WorkSessionListResponse","workSessions.yaml::pagination","external_schema_ref",1
"workSessions.yaml::WorkSessionListResponse","workSessions.yaml::WorkSessionIncluded","internal_schema_ref",1
"workSessions.yaml::WorkSessionRequest","workSessions.yaml::WorkSession","internal_schema_ref",1
"workSessions.yaml::GET /work-sessions","jsonapi.yaml::pageSize","operation_external_schema_ref",1
"workSessions.yaml::GET /work-sessions","jsonapi.yaml::pageNumber","operation_external_schema_ref",1
"workSessions.yaml::GET /work-sessions","jsonapi.yaml::sort","operation_external_schema_ref",1
"workSessions.yaml::GET /work-sessions","jsonapi.yaml::include","operation_external_schema_ref",1
"workSessions.yaml::GET /work-sessions","core.yaml::filterOrganizationRequired","operation_external_schema_ref",1
"workSessions.yaml::GET /work-sessions","jsonapi.yaml::acceptLanguage","operation_external_schema_ref",1
"workSessions.yaml::GET /work-sessions","workSessions.yaml::WorkSessionListResponse","operation_internal_schema_ref",1
"workSessions.yaml::GET /work-sessions","jsonapi.yaml::failure","operation_external_schema_ref",1
"workSessions.yaml::POST /work-sessions","jsonapi.yaml::sort","operation_external_schema_ref",1
"workSessions.yaml::POST /work-sessions","jsonapi.yaml::include","operation_external_schema_ref",1
"workSessions.yaml::POST /work-sessions","core.yaml::utcOffset","operation_external_schema_ref",1
"workSessions.yaml::POST /work-sessions","core.yaml::filterOrganizationRequired","operation_external_schema_ref",1
"workSessions.yaml::POST /work-sessions","jsonapi.yaml::acceptLanguage","operation_external_schema_ref",1
"workSessions.yaml::POST /work-sessions","jsonapi.yaml::info","operation_external_schema_ref",1
"workSessions.yaml::POST /work-sessions","jsonapi.yaml::failure","operation_external_schema_ref",1
"workSessions.yaml::GET /work-sessions/{id}","workSessions.yaml::WorkSessionResponse","operation_internal_schema_ref",1
"workSessions.yaml::PATCH /work-sessions/{id}","workSessions.yaml::WorkSessionRequest","operation_internal_schema_ref",1
"workSessions.yaml::PATCH /work-sessions/{id}","workSessions.yaml::WorkSessionResponse","operation_internal_schema_ref",1
"workSessions.yaml::PATCH /work-sessions/{id}","jsonapi.yaml::failure","operation_external_schema_ref",1
"workSessions.yaml::GET /work-sessions/{id}/documents","documents.yaml::DocHeaderListResponse","operation_external_schema_ref",1
"workSessions.yaml::GET /work-sessions/{id}/documents","jsonapi.yaml::failure","operation_external_schema_ref",1
"workSessions.yaml::GET /work-sessions/{id}/customers","customers.yaml::CustomerInfoListResponse","operation_external_schema_ref",1
"workSessions.yaml::GET /work-sessions/{id}/customers","jsonapi.yaml::failure","operation_external_schema_ref",1
"workSessions.yaml::GET /work-sessions/{id}/suppliers","suppliers.yaml::SupplierInfoListResponse","operation_external_schema_ref",1
"workSessions.yaml::GET /work-sessions/{id}/suppliers","jsonapi.yaml::failure","operation_external_schema_ref",1
"workSessions.yaml::GET /work-sessions/kpis","core.yaml::KPIEntityListResponse","operation_external_schema_ref",1
"workSessions.yaml::GET /work-sessions/kpis","jsonapi.yaml::failure","operation_external_schema_ref",1
"workSessions.yaml::GET /work-sessions/kpis/{kpiId}","jsonapi.yaml::acceptLanguage","operation_external_schema_ref",1
"workSessions.yaml::GET /work-sessions/kpis/{kpiId}","core.yaml::filterOrganizationRequired","operation_external_schema_ref",1
"workSessions.yaml::GET /work-sessions/kpis/{kpiId}","core.yaml::KPIEntityResponse","operation_external_schema_ref",1
"workSessions.yaml::GET /work-sessions/kpis/{kpiId}","jsonapi.yaml::failure","operation_external_schema_ref",1
"workSessions.yaml::GET /work-sessions/{id}/kpis","core.yaml::KPIEntityListResponse","operation_external_schema_ref",1
"workSessions.yaml::GET /work-sessions/{workSessionId}/kpis/{kpiId}","core.yaml::KPIEntityResponse","operation_external_schema_ref",1
"identifiers.yaml::IdentificationUHFReading","identifiers.yaml::apiDateTime","external_schema_ref",1
"identifiers.yaml::UploadIdentificationUHFRequest","identifiers.yaml::IdentificationUHFReading","internal_schema_ref",1
"identifiers.yaml::POST /identification-uhf/readings","identifiers.yaml::UploadIdentificationUHFRequest","operation_internal_schema_ref",1
"identifiers.yaml::POST /identification-uhf/readings","jsonapi.yaml::failure","operation_external_schema_ref",1
"hierarchies.yaml::HierarchyNode","hierarchies.yaml::UserProfileSimple","external_schema_ref",1
"hierarchies.yaml::HierarchyNodeResponse","hierarchies.yaml::HierarchyNode","internal_schema_ref",1
"hierarchies.yaml::HierarchyNodeResponse","hierarchies.yaml::HierarchyNodeIncluded","internal_schema_ref",1
"hierarchies.yaml::HierarchyNodeListResponse","hierarchies.yaml::HierarchyNode","internal_schema_ref",1
"hierarchies.yaml::HierarchyNodeListResponse","hierarchies.yaml::PaginationMeta","external_schema_ref",1
"hierarchies.yaml::HierarchyNodeListResponse","hierarchies.yaml::pagination","external_schema_ref",1
"hierarchies.yaml::HierarchyNodeListResponse","hierarchies.yaml::HierarchyNodeIncluded","internal_schema_ref",1
"hierarchies.yaml::HierarchyNodeRequest","hierarchies.yaml::HierarchyNode","internal_schema_ref",1
"hierarchies.yaml::Hierarchy","hierarchies.yaml::ProcessingStatus","external_schema_ref",1
"hierarchies.yaml::Hierarchy","hierarchies.yaml::lastChangeTs","external_schema_ref",1
"hierarchies.yaml::Hierarchy","hierarchies.yaml::isDraft","external_schema_ref",1
"hierarchies.yaml::Hierarchy","hierarchies.yaml::Operations","external_schema_ref",1
"hierarchies.yaml::HierarchyResponse","hierarchies.yaml::Hierarchy","internal_schema_ref",1
"hierarchies.yaml::HierarchyResponse","hierarchies.yaml::HierarchyIncluded","internal_schema_ref",1
"hierarchies.yaml::HierarchyListResponse","hierarchies.yaml::Hierarchy","internal_schema_ref",1
"hierarchies.yaml::HierarchyListResponse","hierarchies.yaml::PaginationMeta","external_schema_ref",1
"hierarchies.yaml::HierarchyListResponse","hierarchies.yaml::pagination","external_schema_ref",1
"hierarchies.yaml::HierarchyListResponse","hierarchies.yaml::HierarchyIncluded","internal_schema_ref",1
"hierarchies.yaml::HierarchyRequest","hierarchies.yaml::Hierarchy","internal_schema_ref",1
"hierarchies.yaml::HierarchyNodeUserProfile","hierarchies.yaml::lastChangeTs","external_schema_ref",1
"hierarchies.yaml::HierarchyNodeUserProfile","hierarchies.yaml::isDraft","external_schema_ref",1
"hierarchies.yaml::HierarchyNodeUserProfileListResponse","hierarchies.yaml::HierarchyNodeUserProfile","internal_schema_ref",1
"hierarchies.yaml::HierarchyNodeUserProfileListResponse","hierarchies.yaml::PaginationMeta","external_schema_ref",1
"hierarchies.yaml::HierarchyNodeUserProfileListResponse","hierarchies.yaml::pagination","external_schema_ref",1
"hierarchies.yaml::HierarchyNodeUserProfileListResponse","hierarchies.yaml::HierarchyNodeUserProfileIncluded","internal_schema_ref",1
"hierarchies.yaml::HierarchyNodeUserProfileRequest","hierarchies.yaml::HierarchyNodeUserProfile","internal_schema_ref",1
"hierarchies.yaml::HierarchyNodeUserProfileResponse","hierarchies.yaml::HierarchyNodeUserProfile","internal_schema_ref",1
"hierarchies.yaml::HierarchyNodeUserProfileResponse","hierarchies.yaml::HierarchyNodeUserProfileIncluded","internal_schema_ref",1
"hierarchies.yaml::HierarchyEligibleCustomerAccountListResponse","hierarchies.yaml::HierarchyEligibleCustomerAccount","internal_schema_ref",1
"hierarchies.yaml::HierarchyEligibleCustomerAccountListResponse","hierarchies.yaml::PaginationMeta","external_schema_ref",1
"hierarchies.yaml::HierarchyEligibleItem","hierarchies.yaml::ProcessingStatus","external_schema_ref",1
"hierarchies.yaml::HierarchyEligibleItem","hierarchies.yaml::lastChangeTs","external_schema_ref",1
"hierarchies.yaml::HierarchyEligibleItem","hierarchies.yaml::relToOne","external_schema_ref",1
"hierarchies.yaml::HierarchyEligibleItem","hierarchies.yaml::relToMany","external_schema_ref",1
"hierarchies.yaml::HierarchyEligibleItemListResponse","hierarchies.yaml::HierarchyEligibleItem","internal_schema_ref",1
"hierarchies.yaml::HierarchyEligibleItemListResponse","hierarchies.yaml::PaginationMeta","external_schema_ref",1
"hierarchies.yaml::HierarchyEligibleItemListResponse","hierarchies.yaml::HierarchyEligibleItemIncluded","internal_schema_ref",1
"hierarchies.yaml::HierarchyNodeEntityRequest","hierarchies.yaml::HierarchyNodeEntity","internal_schema_ref",1
"hierarchies.yaml::HierarchyTreeEntityAttribute","hierarchies.yaml::EntityAttributeDataType","external_schema_ref",1
"hierarchies.yaml::HierarchyTreeEntityAttribute","hierarchies.yaml::ConstraintDefinition","external_schema_ref",1
"hierarchies.yaml::HierarchyTreeEntityAttribute","hierarchies.yaml::EntityAttributeUpdateAction","internal_schema_ref",1
"hierarchies.yaml::HierarchyTreeEntityAttributeListResponse","hierarchies.yaml::HierarchyTreeEntityAttribute","internal_schema_ref",1
"hierarchies.yaml::HierarchyTreeEntityAttributeListResponse","hierarchies.yaml::PaginationMeta","external_schema_ref",1
"hierarchies.yaml::HierarchyTreeEntityAttributeListResponse","hierarchies.yaml::pagination","external_schema_ref",1
"hierarchies.yaml::GET /hierarchies/{id}","hierarchies.yaml::HierarchyResponse","operation_internal_schema_ref",1
"hierarchies.yaml::PATCH /hierarchies/{id}","hierarchies.yaml::HierarchyRequest","operation_internal_schema_ref",1
"hierarchies.yaml::PATCH /hierarchies/{id}","hierarchies.yaml::HierarchyResponse","operation_internal_schema_ref",1
"hierarchies.yaml::PATCH /hierarchies/{id}","jsonapi.yaml::failure","operation_external_schema_ref",1
"hierarchies.yaml::DELETE /hierarchies/{id}","jsonapi.yaml::failure","operation_external_schema_ref",1
"hierarchies.yaml::POST /hierarchies/{id}/edit","hierarchies.yaml::HierarchyResponse","operation_internal_schema_ref",1
"hierarchies.yaml::POST /hierarchies/{id}/edit","jsonapi.yaml::failure","operation_external_schema_ref",1
"hierarchies.yaml::POST /hierarchies/{id}/publish","hierarchies.yaml::HierarchyResponse","operation_internal_schema_ref",1
"hierarchies.yaml::POST /hierarchies/{id}/publish","jsonapi.yaml::failure","operation_external_schema_ref",1
"hierarchies.yaml::GET /hierarchies","jsonapi.yaml::pageSize","operation_external_schema_ref",1
"hierarchies.yaml::GET /hierarchies","jsonapi.yaml::pageNumber","operation_external_schema_ref",1
"hierarchies.yaml::GET /hierarchies","jsonapi.yaml::sort","operation_external_schema_ref",1
"hierarchies.yaml::GET /hierarchies","jsonapi.yaml::include","operation_external_schema_ref",1
"hierarchies.yaml::GET /hierarchies","jsonapi.yaml::acceptLanguage","operation_external_schema_ref",1
"hierarchies.yaml::GET /hierarchies","hierarchies.yaml::HierarchyListResponse","operation_internal_schema_ref",1
"hierarchies.yaml::GET /hierarchies","jsonapi.yaml::failure","operation_external_schema_ref",1
"hierarchies.yaml::POST /hierarchies","hierarchies.yaml::HierarchyRequest","operation_internal_schema_ref",1
"hierarchies.yaml::POST /hierarchies","hierarchies.yaml::HierarchyResponse","operation_internal_schema_ref",1
"hierarchies.yaml::POST /hierarchies","jsonapi.yaml::failure","operation_external_schema_ref",1
"hierarchies.yaml::GET /hierarchies/{hierarchyId}/hierarchy-nodes/{nodeId}","hierarchies.yaml::HierarchyNodeResponse","operation_internal_schema_ref",1
"hierarchies.yaml::PATCH /hierarchies/{hierarchyId}/hierarchy-nodes/{nodeId}","hierarchies.yaml::HierarchyNodeRequest","operation_internal_schema_ref",1
"hierarchies.yaml::PATCH /hierarchies/{hierarchyId}/hierarchy-nodes/{nodeId}","hierarchies.yaml::HierarchyNodeResponse","operation_internal_schema_ref",1
"hierarchies.yaml::PATCH /hierarchies/{hierarchyId}/hierarchy-nodes/{nodeId}","jsonapi.yaml::failure","operation_external_schema_ref",1
"hierarchies.yaml::DELETE /hierarchies/{hierarchyId}/hierarchy-nodes/{nodeId}","jsonapi.yaml::failure","operation_external_schema_ref",1
"hierarchies.yaml::GET /hierarchies/{hierarchyId}/hierarchy-nodes","jsonapi.yaml::pageSize","operation_external_schema_ref",1
"hierarchies.yaml::GET /hierarchies/{hierarchyId}/hierarchy-nodes","jsonapi.yaml::pageNumber","operation_external_schema_ref",1
"hierarchies.yaml::GET /hierarchies/{hierarchyId}/hierarchy-nodes","jsonapi.yaml::sort","operation_external_schema_ref",1
"hierarchies.yaml::GET /hierarchies/{hierarchyId}/hierarchy-nodes","jsonapi.yaml::include","operation_external_schema_ref",1
"hierarchies.yaml::GET /hierarchies/{hierarchyId}/hierarchy-nodes","hierarchies.yaml::HierarchyNodeListResponse","operation_internal_schema_ref",1
"hierarchies.yaml::GET /hierarchies/{hierarchyId}/hierarchy-nodes","jsonapi.yaml::failure","operation_external_schema_ref",1
"hierarchies.yaml::GET /hierarchies/{hierarchyId}/hierarchy-nodes/{nodeId}/children","jsonapi.yaml::pageSize","operation_external_schema_ref",1
"hierarchies.yaml::GET /hierarchies/{hierarchyId}/hierarchy-nodes/{nodeId}/children","jsonapi.yaml::pageNumber","operation_external_schema_ref",1
"hierarchies.yaml::GET /hierarchies/{hierarchyId}/hierarchy-nodes/{nodeId}/children","jsonapi.yaml::sort","operation_external_schema_ref",1
"hierarchies.yaml::GET /hierarchies/{hierarchyId}/hierarchy-nodes/{nodeId}/children","jsonapi.yaml::include","operation_external_schema_ref",1
"hierarchies.yaml::GET /hierarchies/{hierarchyId}/hierarchy-nodes/{nodeId}/children","jsonapi.yaml::filterSearch","operation_external_schema_ref",1
"hierarchies.yaml::GET /hierarchies/{hierarchyId}/hierarchy-nodes/{nodeId}/children","hierarchies.yaml::HierarchyNodeListResponse","operation_internal_schema_ref",1
"hierarchies.yaml::GET /hierarchies/{hierarchyId}/hierarchy-nodes/{nodeId}/children","jsonapi.yaml::failure","operation_external_schema_ref",1
"hierarchies.yaml::POST /hierarchies/{hierarchyId}/hierarchy-nodes/{nodeId}/children","hierarchies.yaml::HierarchyNodeRequest","operation_internal_schema_ref",1
"hierarchies.yaml::POST /hierarchies/{hierarchyId}/hierarchy-nodes/{nodeId}/children","hierarchies.yaml::HierarchyNodeResponse","operation_internal_schema_ref",1
"hierarchies.yaml::POST /hierarchies/{hierarchyId}/hierarchy-nodes/{nodeId}/children","jsonapi.yaml::failure","operation_external_schema_ref",1
"hierarchies.yaml::GET /hierarchies/{hierarchyId}/hierarchy-nodes/{nodeId}/hierarchy-node-user-profiles","jsonapi.yaml::pageSize","operation_external_schema_ref",1
"hierarchies.yaml::GET /hierarchies/{hierarchyId}/hierarchy-nodes/{nodeId}/hierarchy-node-user-profiles","jsonapi.yaml::pageNumber","operation_external_schema_ref",1
"hierarchies.yaml::GET /hierarchies/{hierarchyId}/hierarchy-nodes/{nodeId}/hierarchy-node-user-profiles","jsonapi.yaml::sort","operation_external_schema_ref",1
"hierarchies.yaml::GET /hierarchies/{hierarchyId}/hierarchy-nodes/{nodeId}/hierarchy-node-user-profiles","jsonapi.yaml::include","operation_external_schema_ref",1
"hierarchies.yaml::GET /hierarchies/{hierarchyId}/hierarchy-nodes/{nodeId}/hierarchy-node-user-profiles","jsonapi.yaml::filterSearch","operation_external_schema_ref",1
"hierarchies.yaml::GET /hierarchies/{hierarchyId}/hierarchy-nodes/{nodeId}/hierarchy-node-user-profiles","hierarchies.yaml::HierarchyNodeUserProfileListResponse","operation_internal_schema_ref",1
"hierarchies.yaml::GET /hierarchies/{hierarchyId}/hierarchy-nodes/{nodeId}/hierarchy-node-user-profiles","jsonapi.yaml::failure","operation_external_schema_ref",1
"hierarchies.yaml::POST /hierarchies/{hierarchyId}/hierarchy-nodes/{nodeId}/hierarchy-node-user-profiles","hierarchies.yaml::HierarchyNodeUserProfileRequest","operation_internal_schema_ref",1
"hierarchies.yaml::POST /hierarchies/{hierarchyId}/hierarchy-nodes/{nodeId}/hierarchy-node-user-profiles","hierarchies.yaml::HierarchyNodeUserProfileResponse","operation_internal_schema_ref",1
"hierarchies.yaml::POST /hierarchies/{hierarchyId}/hierarchy-nodes/{nodeId}/hierarchy-node-user-profiles","jsonapi.yaml::failure","operation_external_schema_ref",1
"hierarchies.yaml::PATCH /hierarchies/{hierarchyId}/hierarchy-nodes/{nodeId}/hierarchy-node-user-profiles/{id}","hierarchies.yaml::HierarchyNodeUserProfileRequest","operation_internal_schema_ref",1
"hierarchies.yaml::PATCH /hierarchies/{hierarchyId}/hierarchy-nodes/{nodeId}/hierarchy-node-user-profiles/{id}","hierarchies.yaml::HierarchyNodeUserProfileResponse","operation_internal_schema_ref",1
"hierarchies.yaml::PATCH /hierarchies/{hierarchyId}/hierarchy-nodes/{nodeId}/hierarchy-node-user-profiles/{id}","jsonapi.yaml::failure","operation_external_schema_ref",1
"hierarchies.yaml::DELETE /hierarchies/{hierarchyId}/hierarchy-nodes/{nodeId}/hierarchy-node-user-profiles/{id}","jsonapi.yaml::failure","operation_external_schema_ref",1
"hierarchies.yaml::GET /hierarchies/{hierarchyId}/hierarchy-nodes/{nodeId}/descendant-user-profiles","jsonapi.yaml::include","operation_external_schema_ref",1
"hierarchies.yaml::GET /hierarchies/{hierarchyId}/hierarchy-nodes/{nodeId}/descendant-user-profiles","jsonapi.yaml::pageSize","operation_external_schema_ref",1
"hierarchies.yaml::GET /hierarchies/{hierarchyId}/hierarchy-nodes/{nodeId}/descendant-user-profiles","jsonapi.yaml::pageNumber","operation_external_schema_ref",1
"hierarchies.yaml::GET /hierarchies/{hierarchyId}/hierarchy-nodes/{nodeId}/descendant-user-profiles","hierarchies.yaml::HierarchyNodeUserProfileListResponse","operation_internal_schema_ref",1
"hierarchies.yaml::GET /hierarchies/{hierarchyId}/hierarchy-nodes/{nodeId}/descendant-user-profiles","jsonapi.yaml::failure","operation_external_schema_ref",1
"hierarchies.yaml::GET /hierarchies/{hierarchyId}/hierarchy-nodes/{nodeId}/customer-accounts","jsonapi.yaml::pageSize","operation_external_schema_ref",1
"hierarchies.yaml::GET /hierarchies/{hierarchyId}/hierarchy-nodes/{nodeId}/customer-accounts","jsonapi.yaml::pageNumber","operation_external_schema_ref",1
"hierarchies.yaml::GET /hierarchies/{hierarchyId}/hierarchy-nodes/{nodeId}/customer-accounts","jsonapi.yaml::sort","operation_external_schema_ref",1
"hierarchies.yaml::GET /hierarchies/{hierarchyId}/hierarchy-nodes/{nodeId}/customer-accounts","jsonapi.yaml::include","operation_external_schema_ref",1
"hierarchies.yaml::GET /hierarchies/{hierarchyId}/hierarchy-nodes/{nodeId}/customer-accounts","jsonapi.yaml::filterSearch","operation_external_schema_ref",1
"hierarchies.yaml::GET /hierarchies/{hierarchyId}/hierarchy-nodes/{nodeId}/customer-accounts","customers.yaml::CustomerAccountFullListResponse","operation_external_schema_ref",1
"hierarchies.yaml::GET /hierarchies/{hierarchyId}/hierarchy-nodes/{nodeId}/customer-accounts","jsonapi.yaml::failure","operation_external_schema_ref",1
"hierarchies.yaml::GET /hierarchies/{hierarchyId}/hierarchy-nodes/{nodeId}/items","jsonapi.yaml::pageSize","operation_external_schema_ref",1
"hierarchies.yaml::GET /hierarchies/{hierarchyId}/hierarchy-nodes/{nodeId}/items","jsonapi.yaml::pageNumber","operation_external_schema_ref",1
"hierarchies.yaml::GET /hierarchies/{hierarchyId}/hierarchy-nodes/{nodeId}/items","jsonapi.yaml::sort","operation_external_schema_ref",1
"hierarchies.yaml::GET /hierarchies/{hierarchyId}/hierarchy-nodes/{nodeId}/items","jsonapi.yaml::include","operation_external_schema_ref",1
"hierarchies.yaml::GET /hierarchies/{hierarchyId}/hierarchy-nodes/{nodeId}/items","items.yaml::ItemListResponse","operation_external_schema_ref",1
"hierarchies.yaml::GET /hierarchies/{hierarchyId}/hierarchy-nodes/{nodeId}/items","jsonapi.yaml::failure","operation_external_schema_ref",1
"hierarchies.yaml::GET /hierarchies/{hierarchyId}/hierarchy-nodes/{nodeId}/customer-accounts/links","jsonapi.yaml::pageSize","operation_external_schema_ref",1
"hierarchies.yaml::GET /hierarchies/{hierarchyId}/hierarchy-nodes/{nodeId}/customer-accounts/links","jsonapi.yaml::pageNumber","operation_external_schema_ref",1
"hierarchies.yaml::GET /hierarchies/{hierarchyId}/hierarchy-nodes/{nodeId}/customer-accounts/links","jsonapi.yaml::sort","operation_external_schema_ref",1
"hierarchies.yaml::GET /hierarchies/{hierarchyId}/hierarchy-nodes/{nodeId}/customer-accounts/links","hierarchies.yaml::HierarchyEligibleCustomerAccountListResponse","operation_internal_schema_ref",1
"hierarchies.yaml::GET /hierarchies/{hierarchyId}/hierarchy-nodes/{nodeId}/customer-accounts/links","jsonapi.yaml::failure","operation_external_schema_ref",1
"hierarchies.yaml::GET /hierarchies/{hierarchyId}/hierarchy-nodes/{nodeId}/items/links","jsonapi.yaml::pageSize","operation_external_schema_ref",1
"hierarchies.yaml::GET /hierarchies/{hierarchyId}/hierarchy-nodes/{nodeId}/items/links","jsonapi.yaml::pageNumber","operation_external_schema_ref",1
"hierarchies.yaml::GET /hierarchies/{hierarchyId}/hierarchy-nodes/{nodeId}/items/links","jsonapi.yaml::sort","operation_external_schema_ref",1
"hierarchies.yaml::GET /hierarchies/{hierarchyId}/hierarchy-nodes/{nodeId}/items/links","jsonapi.yaml::include","operation_external_schema_ref",1
"hierarchies.yaml::GET /hierarchies/{hierarchyId}/hierarchy-nodes/{nodeId}/items/links","hierarchies.yaml::HierarchyEligibleItemListResponse","operation_internal_schema_ref",1
"hierarchies.yaml::GET /hierarchies/{hierarchyId}/hierarchy-nodes/{nodeId}/items/links","jsonapi.yaml::failure","operation_external_schema_ref",1
"hierarchies.yaml::POST /hierarchies/{hierarchyId}/hierarchy-nodes/{nodeId}/entities","hierarchies.yaml::HierarchyNodeEntityRequest","operation_internal_schema_ref",1
"hierarchies.yaml::POST /hierarchies/{hierarchyId}/hierarchy-nodes/{nodeId}/entities","hierarchies.yaml::HierarchyNodeResponse","operation_internal_schema_ref",1
"hierarchies.yaml::POST /hierarchies/{hierarchyId}/hierarchy-nodes/{nodeId}/entities","jsonapi.yaml::failure","operation_external_schema_ref",1
"hierarchies.yaml::PATCH /hierarchies/{hierarchyId}/hierarchy-nodes/{nodeId}/entities","hierarchies.yaml::HierarchyNodeEntityRequest","operation_internal_schema_ref",1
"hierarchies.yaml::PATCH /hierarchies/{hierarchyId}/hierarchy-nodes/{nodeId}/entities","jsonapi.yaml::failure","operation_external_schema_ref",1
"hierarchies.yaml::DELETE /hierarchies/{hierarchyId}/hierarchy-nodes/{nodeId}/entities","hierarchies.yaml::HierarchyNodeEntityRequest","operation_internal_schema_ref",1
"hierarchies.yaml::DELETE /hierarchies/{hierarchyId}/hierarchy-nodes/{nodeId}/entities","jsonapi.yaml::failure","operation_external_schema_ref",1
"hierarchies.yaml::PATCH /hierarchies/{hierarchyId}/hierarchy-nodes/{nodeId}/tags","jsonapi.yaml::failure","operation_external_schema_ref",1
"hierarchies.yaml::GET /hierarchies/nodes","core.yaml::filterOrganizationRequired","operation_external_schema_ref",1
"hierarchies.yaml::GET /hierarchies/nodes","jsonapi.yaml::pageSize","operation_external_schema_ref",1
"hierarchies.yaml::GET /hierarchies/nodes","jsonapi.yaml::pageNumber","operation_external_schema_ref",1
"hierarchies.yaml::GET /hierarchies/nodes","jsonapi.yaml::sort","operation_external_schema_ref",1
"hierarchies.yaml::GET /hierarchies/nodes","jsonapi.yaml::include","operation_external_schema_ref",1
"hierarchies.yaml::GET /hierarchies/nodes","jsonapi.yaml::acceptLanguage","operation_external_schema_ref",1
"hierarchies.yaml::GET /hierarchies/nodes","hierarchies.yaml::HierarchyNodeListResponse","operation_internal_schema_ref",1
"hierarchies.yaml::GET /hierarchies/nodes","jsonapi.yaml::failure","operation_external_schema_ref",1
"hierarchies.yaml::GET /hierarchies/{hierarchyId}/eligible-attributes","jsonapi.yaml::pageSize","operation_external_schema_ref",1
"hierarchies.yaml::GET /hierarchies/{hierarchyId}/eligible-attributes","jsonapi.yaml::pageNumber","operation_external_schema_ref",1
"hierarchies.yaml::GET /hierarchies/{hierarchyId}/eligible-attributes","core.yaml::filterOrganizationRequired","operation_external_schema_ref",1
"hierarchies.yaml::GET /hierarchies/{hierarchyId}/eligible-attributes","jsonapi.yaml::acceptLanguage","operation_external_schema_ref",1
"hierarchies.yaml::GET /hierarchies/{hierarchyId}/eligible-attributes","entityAttributes.yaml::EntitySheetListResponse","operation_external_schema_ref",1
"hierarchies.yaml::GET /hierarchies/{hierarchyId}/eligible-attributes","jsonapi.yaml::failure","operation_external_schema_ref",1
"hierarchies.yaml::GET /hierarchies/{hierarchyId}/hierarchy-nodes/{nodeId}/entity-attributes","jsonapi.yaml::pageSize","operation_external_schema_ref",1
"hierarchies.yaml::GET /hierarchies/{hierarchyId}/hierarchy-nodes/{nodeId}/entity-attributes","jsonapi.yaml::pageNumber","operation_external_schema_ref",1
"hierarchies.yaml::GET /hierarchies/{hierarchyId}/hierarchy-nodes/{nodeId}/entity-attributes","hierarchies.yaml::HierarchyTreeEntityAttributeListResponse","operation_internal_schema_ref",1
"hierarchies.yaml::GET /hierarchies/{hierarchyId}/hierarchy-nodes/{nodeId}/entity-attributes","jsonapi.yaml::failure","operation_external_schema_ref",1
"hierarchies.yaml::PATCH /hierarchies/{hierarchyId}/hierarchy-nodes/{nodeId}/entity-attributes","jsonapi.yaml::failure","operation_external_schema_ref",1
"jobs.yaml::Job","jobs.yaml::JobStatus","internal_schema_ref",1
"jobs.yaml::JobResponse","jobs.yaml::Job","internal_schema_ref",1
"jobs.yaml::JobResponse","jobs.yaml::JobIncluded","internal_schema_ref",1
"jobs.yaml::GET /jobs/{id}","jobs.yaml::JobResponse","operation_internal_schema_ref",1
"widgets.yaml::Widget","widgets.yaml::WidgetCategory","internal_schema_ref",1
"widgets.yaml::WidgetResponse","widgets.yaml::Widget","internal_schema_ref",1
"widgets.yaml::WidgetResponse","widgets.yaml::WidgetIncluded","internal_schema_ref",1
"widgets.yaml::WidgetListResponse","widgets.yaml::Widget","internal_schema_ref",1
"widgets.yaml::WidgetListResponse","widgets.yaml::WidgetIncluded","internal_schema_ref",1
"widgets.yaml::TallyWidgetResponse","widgets.yaml::TallyWidget","internal_schema_ref",1
"widgets.yaml::RatioTrackerWidgetResponse","widgets.yaml::RatioTrackerWidget","internal_schema_ref",1
"widgets.yaml::GET /widgets","jsonapi.yaml::acceptLanguage","operation_external_schema_ref",1
"widgets.yaml::GET /widgets","jsonapi.yaml::include","operation_external_schema_ref",1
"widgets.yaml::GET /widgets","widgets.yaml::WidgetListResponse","operation_internal_schema_ref",1
"widgets.yaml::GET /widgets","jsonapi.yaml::failure","operation_external_schema_ref",1
"pricelists.yaml::PriceList","pricelists.yaml::PriceListType","internal_schema_ref",1
"pricelists.yaml::PriceList","pricelists.yaml::DiscountMode","external_schema_ref",1
"pricelists.yaml::PriceList","pricelists.yaml::lastChangeTs","external_schema_ref",1
"pricelists.yaml::PriceList","pricelists.yaml::ProcessingStatus","external_schema_ref",1
"pricelists.yaml::PriceListResponse","pricelists.yaml::PriceList","internal_schema_ref",1
"pricelists.yaml::PriceListResponse","pricelists.yaml::PriceListIncluded","internal_schema_ref",1
"pricelists.yaml::PriceListCollectionResponse","pricelists.yaml::PriceList","internal_schema_ref",1
"pricelists.yaml::PriceListCollectionResponse","pricelists.yaml::PaginationMeta","external_schema_ref",1
"pricelists.yaml::PriceListCollectionResponse","pricelists.yaml::pagination","external_schema_ref",1
"pricelists.yaml::PriceListCollectionResponse","pricelists.yaml::PriceListIncluded","internal_schema_ref",1
"pricelists.yaml::PriceListRequest","pricelists.yaml::PriceList","internal_schema_ref",1
"pricelists.yaml::PriceListParty","pricelists.yaml::lastChangeTs","external_schema_ref",1
"pricelists.yaml::PriceListParty","pricelists.yaml::relToOneWithMeta","external_schema_ref",1
"pricelists.yaml::PriceListPartyResponse","pricelists.yaml::PriceListParty","internal_schema_ref",1
"pricelists.yaml::PriceListPartyResponse","pricelists.yaml::PriceListPartyIncluded","internal_schema_ref",1
"pricelists.yaml::PriceListPartyListResponse","pricelists.yaml::PriceListParty","internal_schema_ref",1
"pricelists.yaml::PriceListPartyListResponse","pricelists.yaml::PaginationMeta","external_schema_ref",1
"pricelists.yaml::PriceListPartyListResponse","pricelists.yaml::pagination","external_schema_ref",1
"pricelists.yaml::PriceListPartyListResponse","pricelists.yaml::PriceListPartyIncluded","internal_schema_ref",1
"pricelists.yaml::PriceListPartyRequest","pricelists.yaml::PriceListParty","internal_schema_ref",1
"pricelists.yaml::PriceListDetail","pricelists.yaml::lastChangeTs","external_schema_ref",1
"pricelists.yaml::PriceListDetail","pricelists.yaml::isDraft","external_schema_ref",1
"pricelists.yaml::PriceListDetail","pricelists.yaml::PriceListDetailDiscount","internal_schema_ref",1
"pricelists.yaml::PriceListDetailResponse","pricelists.yaml::PriceListDetail","internal_schema_ref",1
"pricelists.yaml::PriceListDetailResponse","pricelists.yaml::PriceListDetailIncluded","internal_schema_ref",1
"pricelists.yaml::PriceListDetailListResponse","pricelists.yaml::PriceListDetail","internal_schema_ref",1
"pricelists.yaml::PriceListDetailListResponse","pricelists.yaml::PaginationMeta","external_schema_ref",1
"pricelists.yaml::PriceListDetailListResponse","pricelists.yaml::pagination","external_schema_ref",1
"pricelists.yaml::PriceListDetailListResponse","pricelists.yaml::PriceListDetailIncluded","internal_schema_ref",1
"pricelists.yaml::PriceListDetailRequest","pricelists.yaml::PriceListDetail","internal_schema_ref",1
"pricelists.yaml::PriceListDetailDiscount","pricelists.yaml::lastChangeTs","external_schema_ref",1
"pricelists.yaml::PriceListDetailDiscount","pricelists.yaml::isDraft","external_schema_ref",1
"pricelists.yaml::GET /price-lists/{id}","pricelists.yaml::PriceListResponse","operation_internal_schema_ref",1
"pricelists.yaml::PATCH /price-lists/{id}","pricelists.yaml::PriceListRequest","operation_internal_schema_ref",1
"pricelists.yaml::PATCH /price-lists/{id}","pricelists.yaml::PriceListResponse","operation_internal_schema_ref",1
"pricelists.yaml::PATCH /price-lists/{id}","jsonapi.yaml::failure","operation_external_schema_ref",1
"pricelists.yaml::DELETE /price-lists/{id}","jsonapi.yaml::failure","operation_external_schema_ref",1
"pricelists.yaml::POST /price-lists/{id}/edit","pricelists.yaml::PriceListResponse","operation_internal_schema_ref",1
"pricelists.yaml::POST /price-lists/{id}/edit","jsonapi.yaml::failure","operation_external_schema_ref",1
"pricelists.yaml::POST /price-lists/{id}/publish","pricelists.yaml::PriceListResponse","operation_internal_schema_ref",1
"pricelists.yaml::POST /price-lists/{id}/publish","jsonapi.yaml::failure","operation_external_schema_ref",1
"pricelists.yaml::GET /price-lists","jsonapi.yaml::pageSize","operation_external_schema_ref",1
"pricelists.yaml::GET /price-lists","jsonapi.yaml::pageNumber","operation_external_schema_ref",1
"pricelists.yaml::GET /price-lists","jsonapi.yaml::sort","operation_external_schema_ref",1
"pricelists.yaml::GET /price-lists","jsonapi.yaml::include","operation_external_schema_ref",1
"pricelists.yaml::GET /price-lists","core.yaml::filterOrganizationRequired","operation_external_schema_ref",1
"pricelists.yaml::GET /price-lists","jsonapi.yaml::acceptLanguage","operation_external_schema_ref",1
"pricelists.yaml::GET /price-lists","pricelists.yaml::PriceListCollectionResponse","operation_internal_schema_ref",1
"pricelists.yaml::GET /price-lists","jsonapi.yaml::failure","operation_external_schema_ref",1
"pricelists.yaml::POST /price-lists","pricelists.yaml::PriceListRequest","operation_internal_schema_ref",1
"pricelists.yaml::POST /price-lists","pricelists.yaml::PriceListResponse","operation_internal_schema_ref",1
"pricelists.yaml::POST /price-lists","jsonapi.yaml::failure","operation_external_schema_ref",1
"pricelists.yaml::GET /price-lists/{priceListId}/customer-accounts","jsonapi.yaml::pageSize","operation_external_schema_ref",1
"pricelists.yaml::GET /price-lists/{priceListId}/customer-accounts","jsonapi.yaml::pageNumber","operation_external_schema_ref",1
"pricelists.yaml::GET /price-lists/{priceListId}/customer-accounts","jsonapi.yaml::sort","operation_external_schema_ref",1
"pricelists.yaml::GET /price-lists/{priceListId}/customer-accounts","jsonapi.yaml::include","operation_external_schema_ref",1
"pricelists.yaml::GET /price-lists/{priceListId}/customer-accounts","core.yaml::filterOrganizationRequired","operation_external_schema_ref",1
"pricelists.yaml::GET /price-lists/{priceListId}/customer-accounts","pricelists.yaml::PriceListPartyListResponse","operation_internal_schema_ref",1
"pricelists.yaml::GET /price-lists/{priceListId}/customer-accounts","jsonapi.yaml::failure","operation_external_schema_ref",1
"pricelists.yaml::POST /price-lists/{priceListId}/customer-accounts","pricelists.yaml::PriceListPartyRequest","operation_internal_schema_ref",1
"pricelists.yaml::POST /price-lists/{priceListId}/customer-accounts","pricelists.yaml::PriceListPartyResponse","operation_internal_schema_ref",1
"pricelists.yaml::POST /price-lists/{priceListId}/customer-accounts","jsonapi.yaml::failure","operation_external_schema_ref",1
"pricelists.yaml::GET /price-lists/{priceListId}/customer-accounts/{id}","pricelists.yaml::PriceListPartyResponse","operation_internal_schema_ref",1
"pricelists.yaml::PATCH /price-lists/{priceListId}/customer-accounts/{id}","pricelists.yaml::PriceListPartyRequest","operation_internal_schema_ref",1
"pricelists.yaml::PATCH /price-lists/{priceListId}/customer-accounts/{id}","pricelists.yaml::PriceListPartyResponse","operation_internal_schema_ref",1
"pricelists.yaml::PATCH /price-lists/{priceListId}/customer-accounts/{id}","jsonapi.yaml::failure","operation_external_schema_ref",1
"pricelists.yaml::DELETE /price-lists/{priceListId}/customer-accounts/{id}","jsonapi.yaml::failure","operation_external_schema_ref",1
"pricelists.yaml::GET /price-lists/{priceListId}/details","jsonapi.yaml::pageSize","operation_external_schema_ref",1
"pricelists.yaml::GET /price-lists/{priceListId}/details","jsonapi.yaml::pageNumber","operation_external_schema_ref",1
"pricelists.yaml::GET /price-lists/{priceListId}/details","jsonapi.yaml::sort","operation_external_schema_ref",1
"pricelists.yaml::GET /price-lists/{priceListId}/details","jsonapi.yaml::include","operation_external_schema_ref",1
"pricelists.yaml::GET /price-lists/{priceListId}/details","pricelists.yaml::PriceListDetailListResponse","operation_internal_schema_ref",1
"pricelists.yaml::GET /price-lists/{priceListId}/details","jsonapi.yaml::failure","operation_external_schema_ref",1
"pricelists.yaml::POST /price-lists/{priceListId}/details","pricelists.yaml::PriceListDetailRequest","operation_internal_schema_ref",1
"pricelists.yaml::POST /price-lists/{priceListId}/details","pricelists.yaml::PriceListDetailResponse","operation_internal_schema_ref",1
"pricelists.yaml::POST /price-lists/{priceListId}/details","jsonapi.yaml::failure","operation_external_schema_ref",1
"pricelists.yaml::GET /price-lists/{priceListId}/details/{detailId}","pricelists.yaml::PriceListDetailResponse","operation_internal_schema_ref",1
"pricelists.yaml::PATCH /price-lists/{priceListId}/details/{detailId}","pricelists.yaml::PriceListDetailRequest","operation_internal_schema_ref",1
"pricelists.yaml::PATCH /price-lists/{priceListId}/details/{detailId}","pricelists.yaml::PriceListDetailResponse","operation_internal_schema_ref",1
"pricelists.yaml::PATCH /price-lists/{priceListId}/details/{detailId}","jsonapi.yaml::failure","operation_external_schema_ref",1
"pricelists.yaml::DELETE /price-lists/{priceListId}/details/{detailId}","jsonapi.yaml::failure","operation_external_schema_ref",1
"pricelists.yaml::GET /price-lists/{priceListId}/suppliers","jsonapi.yaml::pageSize","operation_external_schema_ref",1
"pricelists.yaml::GET /price-lists/{priceListId}/suppliers","jsonapi.yaml::pageNumber","operation_external_schema_ref",1
"pricelists.yaml::GET /price-lists/{priceListId}/suppliers","jsonapi.yaml::sort","operation_external_schema_ref",1
"pricelists.yaml::GET /price-lists/{priceListId}/suppliers","jsonapi.yaml::include","operation_external_schema_ref",1
"pricelists.yaml::GET /price-lists/{priceListId}/suppliers","core.yaml::filterOrganizationRequired","operation_external_schema_ref",1
"pricelists.yaml::GET /price-lists/{priceListId}/suppliers","pricelists.yaml::PriceListPartyListResponse","operation_internal_schema_ref",1
"pricelists.yaml::GET /price-lists/{priceListId}/suppliers","jsonapi.yaml::failure","operation_external_schema_ref",1
"pricelists.yaml::GET /price-lists/{priceListId}/suppliers/{id}","pricelists.yaml::PriceListPartyResponse","operation_internal_schema_ref",1
"collectionDoc.yaml::CollectionDocHeaderAttributes","collectionDoc.yaml::CollectionDepositStatus","internal_schema_ref",1
"collectionDoc.yaml::CollectionDocHeaderAttributesWithDocHeader","collectionDoc.yaml::CollectionDocHeaderAttributes","internal_schema_ref",1
"collectionDoc.yaml::CollectionDocHeaderAttributesWithDocHeader","collectionDoc.yaml::DocHeaderAttributes","external_schema_ref",1
"collectionDoc.yaml::CollectionDocHeader","collectionDoc.yaml::CollectionDocHeaderAttributesWithDocHeader","internal_schema_ref",1
"collectionDoc.yaml::CollectionDocHeader","collectionDoc.yaml::DocHeaderRelationships","external_schema_ref",1
"collectionDoc.yaml::CollectionDocHeader","collectionDoc.yaml::CollectionDocHeaderRelationships","internal_schema_ref",1
"collectionDoc.yaml::CollectionDocHeaderResponse","collectionDoc.yaml::CollectionDocHeader","internal_schema_ref",1
"collectionDoc.yaml::CollectionDocHeaderResponse","collectionDoc.yaml::CollectionDocHeaderIncluded","internal_schema_ref",1
"collectionDoc.yaml::CollectionDocHeaderListResponse","collectionDoc.yaml::CollectionDocHeader","internal_schema_ref",1
"collectionDoc.yaml::CollectionDocHeaderListResponse","collectionDoc.yaml::PaginationMeta","external_schema_ref",1
"collectionDoc.yaml::CollectionDocHeaderListResponse","collectionDoc.yaml::pagination","external_schema_ref",1
"collectionDoc.yaml::CollectionDocHeaderListResponse","collectionDoc.yaml::CollectionDocHeaderIncluded","internal_schema_ref",1
"collectionDoc.yaml::CollectionDocLedgerEntryListResponse","collectionDoc.yaml::CollectionDocLedgerEntry","internal_schema_ref",1
"collectionDoc.yaml::CollectionDocLedgerEntryListResponse","collectionDoc.yaml::PaginationMeta","external_schema_ref",1
"collectionDoc.yaml::CollectionDocLedgerEntryListResponse","collectionDoc.yaml::pagination","external_schema_ref",1
"collectionDoc.yaml::CollectionDocLedgerEntryListResponse","collectionDoc.yaml::CollectionDocLedgerEntryIncluded","internal_schema_ref",1
"collectionDoc.yaml::CollectionDocPaymentMethod","collectionDoc.yaml::apiDate","external_schema_ref",1
"collectionDoc.yaml::CollectionDocPaymentMethod","collectionDoc.yaml::relToMany","external_schema_ref",1
"collectionDoc.yaml::CollectionDocPaymentMethodListResponse","collectionDoc.yaml::CollectionDocPaymentMethod","internal_schema_ref",1
"collectionDoc.yaml::CollectionDocPaymentMethodListResponse","collectionDoc.yaml::PaginationMeta","external_schema_ref",1
"collectionDoc.yaml::CollectionDocPaymentMethodListResponse","collectionDoc.yaml::pagination","external_schema_ref",1
"collectionDoc.yaml::CollectionDocPaymentMethodListResponse","collectionDoc.yaml::CollectionDocPaymentMethodIncluded","internal_schema_ref",1
"collectionDoc.yaml::GET /collection-docs/headers/{id}/ledger-entries","jsonapi.yaml::pageSize","operation_external_schema_ref",1
"collectionDoc.yaml::GET /collection-docs/headers/{id}/ledger-entries","jsonapi.yaml::pageNumber","operation_external_schema_ref",1
"collectionDoc.yaml::GET /collection-docs/headers/{id}/ledger-entries","jsonapi.yaml::sort","operation_external_schema_ref",1
"collectionDoc.yaml::GET /collection-docs/headers/{id}/ledger-entries","jsonapi.yaml::include","operation_external_schema_ref",1
"collectionDoc.yaml::GET /collection-docs/headers/{id}/ledger-entries","collectionDoc.yaml::CollectionDocLedgerEntryListResponse","operation_internal_schema_ref",1
"collectionDoc.yaml::GET /collection-docs/headers/{id}/payments","jsonapi.yaml::pageSize","operation_external_schema_ref",1
"collectionDoc.yaml::GET /collection-docs/headers/{id}/payments","jsonapi.yaml::pageNumber","operation_external_schema_ref",1
"collectionDoc.yaml::GET /collection-docs/headers/{id}/payments","jsonapi.yaml::sort","operation_external_schema_ref",1
"collectionDoc.yaml::GET /collection-docs/headers/{id}/payments","jsonapi.yaml::include","operation_external_schema_ref",1
"collectionDoc.yaml::GET /collection-docs/headers/{id}/payments","collectionDoc.yaml::CollectionDocPaymentMethodListResponse","operation_internal_schema_ref",1
"collectionDoc.yaml::GET /collection-docs/headers/{id}","collectionDoc.yaml::CollectionDocHeaderResponse","operation_internal_schema_ref",1
"collectionDoc.yaml::GET /collection-docs/headers","jsonapi.yaml::pageSize","operation_external_schema_ref",1
"collectionDoc.yaml::GET /collection-docs/headers","jsonapi.yaml::pageNumber","operation_external_schema_ref",1
"collectionDoc.yaml::GET /collection-docs/headers","jsonapi.yaml::sort","operation_external_schema_ref",1
"collectionDoc.yaml::GET /collection-docs/headers","jsonapi.yaml::include","operation_external_schema_ref",1
"collectionDoc.yaml::GET /collection-docs/headers","core.yaml::filterOrganizationRequired","operation_external_schema_ref",1
"collectionDoc.yaml::GET /collection-docs/headers","jsonapi.yaml::acceptLanguage","operation_external_schema_ref",1
"collectionDoc.yaml::GET /collection-docs/headers","collectionDoc.yaml::CollectionDocHeaderListResponse","operation_internal_schema_ref",1
"collectionDoc.yaml::GET /collection-docs/headers","jsonapi.yaml::failure","operation_external_schema_ref",1
"collectionDoc.yaml::POST /collection-docs/ledger-entries","jsonapi.yaml::sort","operation_external_schema_ref",1
"collectionDoc.yaml::POST /collection-docs/ledger-entries","jsonapi.yaml::include","operation_external_schema_ref",1
"collectionDoc.yaml::POST /collection-docs/ledger-entries","core.yaml::filterOrganizationRequired","operation_external_schema_ref",1
"collectionDoc.yaml::POST /collection-docs/ledger-entries","core.yaml::utcOffset","operation_external_schema_ref",1
"collectionDoc.yaml::POST /collection-docs/ledger-entries","jsonapi.yaml::acceptLanguage","operation_external_schema_ref",1
"collectionDoc.yaml::POST /collection-docs/ledger-entries","jsonapi.yaml::info","operation_external_schema_ref",1
"collectionDoc.yaml::POST /collection-docs/ledger-entries","jsonapi.yaml::failure","operation_external_schema_ref",1
"collectionDoc.yaml::POST /collection-docs/payments","jsonapi.yaml::sort","operation_external_schema_ref",1
"collectionDoc.yaml::POST /collection-docs/payments","jsonapi.yaml::include","operation_external_schema_ref",1
"collectionDoc.yaml::POST /collection-docs/payments","core.yaml::filterOrganizationRequired","operation_external_schema_ref",1
"collectionDoc.yaml::POST /collection-docs/payments","core.yaml::utcOffset","operation_external_schema_ref",1
"collectionDoc.yaml::POST /collection-docs/payments","jsonapi.yaml::acceptLanguage","operation_external_schema_ref",1
"collectionDoc.yaml::POST /collection-docs/payments","jsonapi.yaml::info","operation_external_schema_ref",1
"collectionDoc.yaml::POST /collection-docs/payments","jsonapi.yaml::failure","operation_external_schema_ref",1
"collectionDoc.yaml::GET /collection-docs/kpis/{kpiId}","core.yaml::KPIEntityResponse","operation_external_schema_ref",1
"collectionDoc.yaml::GET /collection-docs/kpis/{kpiId}","jsonapi.yaml::failure","operation_external_schema_ref",1
"collectionDoc.yaml::GET /collection-docs/kpis","core.yaml::KPIEntityListResponse","operation_external_schema_ref",1
"collectionDoc.yaml::GET /collection-docs/kpis","jsonapi.yaml::failure","operation_external_schema_ref",1
"devices.yaml::DeviceAttributes","devices.yaml::DeviceTypeId","internal_schema_ref",1
"devices.yaml::DeviceAttributes","devices.yaml::OSTypeId","internal_schema_ref",1
"devices.yaml::DeviceAttributes","devices.yaml::lastChangeTs","external_schema_ref",1
"devices.yaml::DeviceAttributes","devices.yaml::apiDateTime","external_schema_ref",1
"devices.yaml::Device","devices.yaml::DeviceAttributes","internal_schema_ref",1
"devices.yaml::DeviceResponse","devices.yaml::Device","internal_schema_ref",1
"devices.yaml::DeviceListResponse","devices.yaml::Device","internal_schema_ref",1
"devices.yaml::DeviceListResponse","devices.yaml::PaginationMeta","external_schema_ref",1
"devices.yaml::DeviceListResponse","devices.yaml::pagination","external_schema_ref",1
"devices.yaml::DeviceRequest","devices.yaml::Device","internal_schema_ref",1
"devices.yaml::DeviceAppAttributes","devices.yaml::apiDateTime","external_schema_ref",1
"devices.yaml::DeviceApp","devices.yaml::DeviceAppAttributes","internal_schema_ref",1
"devices.yaml::DeviceApp","devices.yaml::DeviceAppRelationships","internal_schema_ref",1
"devices.yaml::DeviceAppResponse","devices.yaml::DeviceApp","internal_schema_ref",1
"devices.yaml::DeviceAppResponse","devices.yaml::DeviceAppIncluded","internal_schema_ref",1
"devices.yaml::DeviceAppListResponse","devices.yaml::DeviceApp","internal_schema_ref",1
"devices.yaml::DeviceAppListResponse","devices.yaml::PaginationMeta","external_schema_ref",1
"devices.yaml::DeviceAppListResponse","devices.yaml::pagination","external_schema_ref",1
"devices.yaml::DeviceAppListResponse","devices.yaml::DeviceAppIncluded","internal_schema_ref",1
"devices.yaml::DeviceAppRequest","devices.yaml::DeviceApp","internal_schema_ref",1
"devices.yaml::DeviceWithLinks","devices.yaml::DeviceAttributes","internal_schema_ref",1
"devices.yaml::DeviceWithLinks","devices.yaml::DeviceAppAttributes","internal_schema_ref",1
"devices.yaml::DeviceWithLinks","devices.yaml::relToOne","external_schema_ref",1
"devices.yaml::DeviceWithLinksRequest","devices.yaml::DeviceWithLinks","internal_schema_ref",1
"devices.yaml::DeviceWithLinksIncluded","devices.yaml::App","external_schema_ref",1
"devices.yaml::GET /devices/{id}","devices.yaml::DeviceResponse","operation_internal_schema_ref",1
"devices.yaml::PATCH /devices/{id}","devices.yaml::DeviceRequest","operation_internal_schema_ref",1
"devices.yaml::PATCH /devices/{id}","devices.yaml::DeviceResponse","operation_internal_schema_ref",1
"devices.yaml::PATCH /devices/{id}","jsonapi.yaml::failure","operation_external_schema_ref",1
"devices.yaml::DELETE /devices/{id}","jsonapi.yaml::failure","operation_external_schema_ref",1
"devices.yaml::POST /devices/{id}","devices.yaml::DeviceResponse","operation_internal_schema_ref",1
"devices.yaml::POST /devices/{id}","jsonapi.yaml::failure","operation_external_schema_ref",1
"devices.yaml::GET /devices/{deviceId}/apps/{appId}","devices.yaml::DeviceAppResponse","operation_internal_schema_ref",1
"devices.yaml::PATCH /devices/{deviceId}/apps/{appId}","devices.yaml::DeviceAppRequest","operation_internal_schema_ref",1
"devices.yaml::PATCH /devices/{deviceId}/apps/{appId}","devices.yaml::DeviceAppResponse","operation_internal_schema_ref",1
"devices.yaml::PATCH /devices/{deviceId}/apps/{appId}","jsonapi.yaml::failure","operation_external_schema_ref",1
"devices.yaml::DELETE /devices/{deviceId}/apps/{appId}","jsonapi.yaml::failure","operation_external_schema_ref",1
"devices.yaml::GET /devices/{id}/installable-apps","jsonapi.yaml::pageSize","operation_external_schema_ref",1
"devices.yaml::GET /devices/{id}/installable-apps","jsonapi.yaml::pageNumber","operation_external_schema_ref",1
"devices.yaml::GET /devices/{id}/installable-apps","jsonapi.yaml::sort","operation_external_schema_ref",1
"devices.yaml::GET /devices/{id}/installable-apps","jsonapi.yaml::filterSearch","operation_external_schema_ref",1
"devices.yaml::GET /devices/{id}/installable-apps","core.yaml::AppListResponse","operation_external_schema_ref",1
"devices.yaml::GET /devices/{id}/installable-apps","jsonapi.yaml::apiError","operation_external_schema_ref",1
"devices.yaml::GET /devices/{id}/apps","jsonapi.yaml::pageSize","operation_external_schema_ref",1
"devices.yaml::GET /devices/{id}/apps","jsonapi.yaml::pageNumber","operation_external_schema_ref",1
"devices.yaml::GET /devices/{id}/apps","jsonapi.yaml::sort","operation_external_schema_ref",1
"devices.yaml::GET /devices/{id}/apps","jsonapi.yaml::include","operation_external_schema_ref",1
"devices.yaml::GET /devices/{id}/apps","jsonapi.yaml::filterSearch","operation_external_schema_ref",1
"devices.yaml::GET /devices/{id}/apps","devices.yaml::DeviceAppListResponse","operation_internal_schema_ref",1
"devices.yaml::GET /devices/{id}/apps","jsonapi.yaml::apiError","operation_external_schema_ref",1
"devices.yaml::POST /devices/{id}/apps","devices.yaml::DeviceAppRequest","operation_internal_schema_ref",1
"devices.yaml::POST /devices/{id}/apps","devices.yaml::DeviceAppResponse","operation_internal_schema_ref",1
"devices.yaml::POST /devices/{id}/apps","jsonapi.yaml::failure","operation_external_schema_ref",1
"devices.yaml::GET /devices","jsonapi.yaml::pageSize","operation_external_schema_ref",1
"devices.yaml::GET /devices","jsonapi.yaml::pageNumber","operation_external_schema_ref",1
"devices.yaml::GET /devices","jsonapi.yaml::sort","operation_external_schema_ref",1
"devices.yaml::GET /devices","jsonapi.yaml::include","operation_external_schema_ref",1
"devices.yaml::GET /devices","jsonapi.yaml::acceptLanguage","operation_external_schema_ref",1
"devices.yaml::GET /devices","devices.yaml::DeviceListResponse","operation_internal_schema_ref",1
"devices.yaml::GET /devices","jsonapi.yaml::failure","operation_external_schema_ref",1
"devices.yaml::POST /devices","devices.yaml::DeviceRequest","operation_internal_schema_ref",1
"devices.yaml::POST /devices","devices.yaml::DeviceResponse","operation_internal_schema_ref",1
"devices.yaml::POST /devices","jsonapi.yaml::failure","operation_external_schema_ref",1
"devices.yaml::PUT /devices","devices.yaml::DeviceWithLinksRequest","operation_internal_schema_ref",1
"devices.yaml::PUT /devices","devices.yaml::DeviceWithLinks","operation_internal_schema_ref",1
"devices.yaml::PUT /devices","jsonapi.yaml::failure","operation_external_schema_ref",1
"surveyDoc.yaml::SurveyDocHeaderAttributes","surveyDoc.yaml::SimpleEntity","external_schema_ref",1
"surveyDoc.yaml::SurveyDocHeaderAttributes","surveyDoc.yaml::apiDate","external_schema_ref",1
"surveyDoc.yaml::SurveyDocHeaderAttributesWithDocHeader","surveyDoc.yaml::SurveyDocHeaderAttributes","internal_schema_ref",1
"surveyDoc.yaml::SurveyDocHeaderAttributesWithDocHeader","surveyDoc.yaml::DocHeaderAttributes","external_schema_ref",1
"surveyDoc.yaml::SurveyDocHeaderRelationships","surveyDoc.yaml::relToOne","external_schema_ref",1
"surveyDoc.yaml::SurveyDocHeaderRelationships","surveyDoc.yaml::relToOneWithMetaReadOnly","external_schema_ref",1
"surveyDoc.yaml::SurveyDocHeaderRelationships","surveyDoc.yaml::relToOneReadOnly","external_schema_ref",1
"surveyDoc.yaml::SurveyDocHeader","surveyDoc.yaml::SurveyDocHeaderAttributesWithDocHeader","internal_schema_ref",1
"surveyDoc.yaml::SurveyDocHeader","surveyDoc.yaml::DocHeaderRelationships","external_schema_ref",1
"surveyDoc.yaml::SurveyDocHeader","surveyDoc.yaml::SurveyDocHeaderRelationships","internal_schema_ref",1
"surveyDoc.yaml::SurveyDocHeaderResponse","surveyDoc.yaml::SurveyDocHeader","internal_schema_ref",1
"surveyDoc.yaml::SurveyDocHeaderResponse","surveyDoc.yaml::SurveyDocHeaderIncluded","internal_schema_ref",1
"surveyDoc.yaml::SurveyDocHeaderListResponse","surveyDoc.yaml::SurveyDocHeader","internal_schema_ref",1
"surveyDoc.yaml::SurveyDocHeaderListResponse","surveyDoc.yaml::PaginationMeta","external_schema_ref",1
"surveyDoc.yaml::SurveyDocHeaderListResponse","surveyDoc.yaml::pagination","external_schema_ref",1
"surveyDoc.yaml::SurveyDocHeaderListResponse","surveyDoc.yaml::SurveyDocHeaderIncluded","internal_schema_ref",1
"surveyDoc.yaml::SurveyDocHeaderCreation","surveyDoc.yaml::apiDate","external_schema_ref",1
"surveyDoc.yaml::SurveyDocSectionAttributes","surveyDoc.yaml::SurveyDocSectionTypeId","internal_schema_ref",1
"surveyDoc.yaml::SurveyDocSection","surveyDoc.yaml::SurveyDocSectionAttributes","internal_schema_ref",1
"surveyDoc.yaml::SurveyDocSection","surveyDoc.yaml::SurveyDocSectionRelationships","internal_schema_ref",1
"surveyDoc.yaml::SurveyDocSectionResponse","surveyDoc.yaml::SurveyDocSection","internal_schema_ref",1
"surveyDoc.yaml::SurveyDocSectionResponse","surveyDoc.yaml::SurveyDocSectionIncluded","internal_schema_ref",1
"surveyDoc.yaml::SurveyDocSectionListResponse","surveyDoc.yaml::SurveyDocSection","internal_schema_ref",1
"surveyDoc.yaml::SurveyDocSectionListResponse","surveyDoc.yaml::PaginationMeta","external_schema_ref",1
"surveyDoc.yaml::SurveyDocSectionListResponse","surveyDoc.yaml::pagination","external_schema_ref",1
"surveyDoc.yaml::SurveyDocSectionListResponse","surveyDoc.yaml::SurveyDocSectionIncluded","internal_schema_ref",1
"surveyDoc.yaml::SurveyAttachment","surveyDoc.yaml::apiDate","external_schema_ref",1
"surveyDoc.yaml::SurveyAttachment","surveyDoc.yaml::apiDateTime","external_schema_ref",1
"surveyDoc.yaml::SurveyAttachment","surveyDoc.yaml::relToOneWithMeta","external_schema_ref",1
"surveyDoc.yaml::SurveyAttachment","surveyDoc.yaml::relToMany","external_schema_ref",1
"surveyDoc.yaml::SurveyAttachmentListResponse","surveyDoc.yaml::SurveyAttachment","internal_schema_ref",1
"surveyDoc.yaml::SurveyAttachmentListResponse","surveyDoc.yaml::PaginationMeta","external_schema_ref",1
"surveyDoc.yaml::SurveyAttachmentListResponse","surveyDoc.yaml::pagination","external_schema_ref",1
"surveyDoc.yaml::SurveyAttachmentListResponse","surveyDoc.yaml::SurveyAttachmentIncluded","internal_schema_ref",1
"surveyDoc.yaml::SurveyAttachmentResponse","surveyDoc.yaml::SurveyAttachment","internal_schema_ref",1
"surveyDoc.yaml::SurveyAttachmentResponse","surveyDoc.yaml::SurveyAttachmentIncluded","internal_schema_ref",1
"surveyDoc.yaml::SurveyDocHeaderRequest","surveyDoc.yaml::SurveyDocHeader","internal_schema_ref",1
"surveyDoc.yaml::SurveyDocHeaderCreationRequest","surveyDoc.yaml::SurveyDocHeaderCreation","internal_schema_ref",1
"surveyDoc.yaml::SurveyDocSectionQuestionAndAnswersResponse","surveyDoc.yaml::SurveyDocSectionQuestionAndAnswer","internal_schema_ref",1
"surveyDoc.yaml::SurveyDocSectionQuestionAndAnswer","surveyDoc.yaml::SurveyDocSectionQuestionAndAnswersAttributes","internal_schema_ref",1
"surveyDoc.yaml::SurveyDocSectionQuestionAndAnswersAttributes","surveyDoc.yaml::SurveyAnswer","internal_schema_ref",1
"surveyDoc.yaml::SurveyAnswer","surveyDoc.yaml::SheetExEntityAttributeValue","external_schema_ref",1
"surveyDoc.yaml::SurveyTemplateSectionEntity","surveyDoc.yaml::SurveyClusterEntityAnswer","internal_schema_ref",1
"surveyDoc.yaml::SurveyTemplateSectionEntity","surveyDoc.yaml::relToOneWithMeta","external_schema_ref",1
"surveyDoc.yaml::SurveyTemplateSectionEntityListResponse","surveyDoc.yaml::SurveyTemplateSectionEntity","internal_schema_ref",1
"surveyDoc.yaml::SurveyTemplateSectionEntityListResponse","surveyDoc.yaml::PaginationMeta","external_schema_ref",1
"surveyDoc.yaml::SurveyTemplateSectionEntityListResponse","surveyDoc.yaml::pagination","external_schema_ref",1
"surveyDoc.yaml::SurveyTemplateSectionEntityListResponse","surveyDoc.yaml::SurveyTemplateSectionEntityIncluded","internal_schema_ref",1
"surveyDoc.yaml::SurveyDocTemplate","surveyDoc.yaml::ProcessingStatus","external_schema_ref",1
"surveyDoc.yaml::SurveyDocTemplate","surveyDoc.yaml::apiDateTimeReadOnly","external_schema_ref",1
"surveyDoc.yaml::SurveyDocTemplate","surveyDoc.yaml::relToOneWithMeta","external_schema_ref",1
"surveyDoc.yaml::SurveyDocTemplate","surveyDoc.yaml::relToManyReadOnly","external_schema_ref",1
"surveyDoc.yaml::SurveyDocTemplateResponse","surveyDoc.yaml::SurveyDocTemplate","internal_schema_ref",1
"surveyDoc.yaml::SurveyDocTemplateResponse","surveyDoc.yaml::SurveyDocTemplateIncluded","internal_schema_ref",1
"surveyDoc.yaml::SurveyDocTemplateListResponse","surveyDoc.yaml::SurveyDocTemplate","internal_schema_ref",1
"surveyDoc.yaml::SurveyDocTemplateListResponse","surveyDoc.yaml::PaginationMeta","external_schema_ref",1
"surveyDoc.yaml::SurveyDocTemplateListResponse","surveyDoc.yaml::pagination","external_schema_ref",1
"surveyDoc.yaml::SurveyDocTemplateListResponse","surveyDoc.yaml::SurveyDocTemplateIncluded","internal_schema_ref",1
"surveyDoc.yaml::SurveyDocTemplateRequest","surveyDoc.yaml::SurveyDocTemplate","internal_schema_ref",1
"surveyDoc.yaml::SurveyDocTemplateSection","surveyDoc.yaml::SurveyDocSectionTypeId","internal_schema_ref",1
"surveyDoc.yaml::SurveyDocTemplateSection","surveyDoc.yaml::relToOneWithMeta","external_schema_ref",1
"surveyDoc.yaml::SurveyDocTemplateSectionListResponse","surveyDoc.yaml::SurveyDocTemplateSection","internal_schema_ref",1
"surveyDoc.yaml::SurveyDocTemplateSectionListResponse","surveyDoc.yaml::PaginationMeta","external_schema_ref",1
"surveyDoc.yaml::SurveyDocTemplateSectionListResponse","surveyDoc.yaml::pagination","external_schema_ref",1
"surveyDoc.yaml::SurveyDocTemplateSectionListResponse","surveyDoc.yaml::SurveyDocTemplateSectionIncluded","internal_schema_ref",1
"surveyDoc.yaml::SurveyDocTemplateSectionResponse","surveyDoc.yaml::SurveyDocTemplateSection","internal_schema_ref",1
"surveyDoc.yaml::SurveyDocTemplateSectionResponse","surveyDoc.yaml::SurveyDocTemplateSectionIncluded","internal_schema_ref",1
"surveyDoc.yaml::SurveyDocTemplateSectionRequest","surveyDoc.yaml::SurveyDocTemplateSection","internal_schema_ref",1
"surveyDoc.yaml::SurveyDocTemplateClusterListResponse","surveyDoc.yaml::SurveyDocTemplateCluster","internal_schema_ref",1
"surveyDoc.yaml::SurveyDocTemplateClusterListResponse","surveyDoc.yaml::PaginationMeta","external_schema_ref",1
"surveyDoc.yaml::SurveyDocTemplateClusterListResponse","surveyDoc.yaml::pagination","external_schema_ref",1
"surveyDoc.yaml::SurveyDocTemplateClusterListResponse","surveyDoc.yaml::SurveyDocTemplateClusterIncluded","internal_schema_ref",1
"surveyDoc.yaml::SurveyClusterEntityAnswerListResponse","surveyDoc.yaml::SurveyClusterEntityAnswer","internal_schema_ref",1
"surveyDoc.yaml::SurveyClusterEntityAnswerRequest","surveyDoc.yaml::SurveyClusterEntityAnswer","internal_schema_ref",1
"surveyDoc.yaml::GET /survey-docs/headers/{headerId}/sections","jsonapi.yaml::pageSize","operation_external_schema_ref",1
"surveyDoc.yaml::GET /survey-docs/headers/{headerId}/sections","jsonapi.yaml::pageNumber","operation_external_schema_ref",1
"surveyDoc.yaml::GET /survey-docs/headers/{headerId}/sections","jsonapi.yaml::sort","operation_external_schema_ref",1
"surveyDoc.yaml::GET /survey-docs/headers/{headerId}/sections","jsonapi.yaml::include","operation_external_schema_ref",1
"surveyDoc.yaml::GET /survey-docs/headers/{headerId}/sections","surveyDoc.yaml::SurveyDocSectionListResponse","operation_internal_schema_ref",1
"surveyDoc.yaml::GET /survey-docs/headers/{headerId}/sections","jsonapi.yaml::failure","operation_external_schema_ref",1
"surveyDoc.yaml::GET /survey-docs/headers/{id}","surveyDoc.yaml::SurveyDocHeaderResponse","operation_internal_schema_ref",1
"surveyDoc.yaml::PATCH /survey-docs/headers/{id}","surveyDoc.yaml::SurveyDocHeaderRequest","operation_internal_schema_ref",1
"surveyDoc.yaml::PATCH /survey-docs/headers/{id}","surveyDoc.yaml::SurveyDocHeaderResponse","operation_internal_schema_ref",1
"surveyDoc.yaml::PATCH /survey-docs/headers/{id}","jsonapi.yaml::failure","operation_external_schema_ref",1
"surveyDoc.yaml::DELETE /survey-docs/headers/{id}","jsonapi.yaml::failure","operation_external_schema_ref",1
"surveyDoc.yaml::GET /survey-docs/headers","jsonapi.yaml::pageSize","operation_external_schema_ref",1
"surveyDoc.yaml::GET /survey-docs/headers","jsonapi.yaml::pageNumber","operation_external_schema_ref",1
"surveyDoc.yaml::GET /survey-docs/headers","jsonapi.yaml::sort","operation_external_schema_ref",1
"surveyDoc.yaml::GET /survey-docs/headers","jsonapi.yaml::include","operation_external_schema_ref",1
"surveyDoc.yaml::GET /survey-docs/headers","core.yaml::filterOrganizationRequired","operation_external_schema_ref",1
"surveyDoc.yaml::GET /survey-docs/headers","surveyDoc.yaml::SurveyDocHeaderListResponse","operation_internal_schema_ref",1
"surveyDoc.yaml::GET /survey-docs/headers","jsonapi.yaml::failure","operation_external_schema_ref",1
"surveyDoc.yaml::POST /survey-docs/headers","surveyDoc.yaml::SurveyDocHeaderCreationRequest","operation_internal_schema_ref",1
"surveyDoc.yaml::POST /survey-docs/headers","surveyDoc.yaml::SurveyDocHeaderResponse","operation_internal_schema_ref",1
"surveyDoc.yaml::POST /survey-docs/headers","jsonapi.yaml::failure","operation_external_schema_ref",1
"surveyDoc.yaml::GET /survey-docs/headers/{headerId}/template-sections/{templateSectionId}/q-and-a","surveyDoc.yaml::SurveyDocSectionQuestionAndAnswersResponse","operation_internal_schema_ref",1
"surveyDoc.yaml::GET /survey-docs/headers/{headerId}/template-sections/{templateSectionId}/answers","jsonapi.yaml::sort","operation_external_schema_ref",1
"surveyDoc.yaml::GET /survey-docs/headers/{headerId}/template-sections/{templateSectionId}/answers","jsonapi.yaml::include","operation_external_schema_ref",1
"surveyDoc.yaml::GET /survey-docs/headers/{headerId}/template-sections/{templateSectionId}/answers","jsonapi.yaml::pageSize","operation_external_schema_ref",1
"surveyDoc.yaml::GET /survey-docs/headers/{headerId}/template-sections/{templateSectionId}/answers","jsonapi.yaml::pageNumber","operation_external_schema_ref",1
"surveyDoc.yaml::GET /survey-docs/headers/{headerId}/template-sections/{templateSectionId}/answers","surveyDoc.yaml::SurveyTemplateSectionEntityListResponse","operation_internal_schema_ref",1
"surveyDoc.yaml::GET /survey-docs/headers/{headerId}/template-sections/{templateSectionId}/answers","jsonapi.yaml::failure","operation_external_schema_ref",1
"surveyDoc.yaml::PATCH /survey-docs/headers/{headerId}/sections/{sectionId}/answers","surveyDoc.yaml::SurveyClusterEntityAnswerRequest","operation_internal_schema_ref",1
"surveyDoc.yaml::PATCH /survey-docs/headers/{headerId}/sections/{sectionId}/answers","surveyDoc.yaml::SurveyClusterEntityAnswerListResponse","operation_internal_schema_ref",1
"surveyDoc.yaml::PATCH /survey-docs/headers/{headerId}/sections/{sectionId}/answers","jsonapi.yaml::failure","operation_external_schema_ref",1
"surveyDoc.yaml::GET /survey-docs/headers/{id}/transfer-statuses","documents.yaml::DocTransferStatusListResponse","operation_external_schema_ref",1
"surveyDoc.yaml::GET /survey-docs/headers/{id}/transfer-statuses","jsonapi.yaml::failure","operation_external_schema_ref",1
"surveyDoc.yaml::PATCH /survey-docs/headers/{id}/transfer-statuses","documents.yaml::TransferStatusRequest","operation_external_schema_ref",1
"surveyDoc.yaml::PATCH /survey-docs/headers/{id}/transfer-statuses","surveyDoc.yaml::SurveyDocHeaderResponse","operation_internal_schema_ref",1
"surveyDoc.yaml::PATCH /survey-docs/headers/{id}/transfer-statuses","jsonapi.yaml::failure","operation_external_schema_ref",1
"surveyDoc.yaml::GET /survey-docs/headers/{id}/linked-docs","documents.yaml::DocHeaderLiteListResponse","operation_external_schema_ref",1
"surveyDoc.yaml::GET /survey-docs/headers/{id}/linked-docs","jsonapi.yaml::failure","operation_external_schema_ref",1
"surveyDoc.yaml::GET /survey-docs/templates","jsonapi.yaml::pageSize","operation_external_schema_ref",1
"surveyDoc.yaml::GET /survey-docs/templates","jsonapi.yaml::pageNumber","operation_external_schema_ref",1
"surveyDoc.yaml::GET /survey-docs/templates","jsonapi.yaml::sort","operation_external_schema_ref",1
"surveyDoc.yaml::GET /survey-docs/templates","jsonapi.yaml::include","operation_external_schema_ref",1
"surveyDoc.yaml::GET /survey-docs/templates","core.yaml::filterOrganizationRequired","operation_external_schema_ref",1
"surveyDoc.yaml::GET /survey-docs/templates","surveyDoc.yaml::SurveyDocTemplateListResponse","operation_internal_schema_ref",1
"surveyDoc.yaml::GET /survey-docs/templates","jsonapi.yaml::failure","operation_external_schema_ref",1
"surveyDoc.yaml::POST /survey-docs/templates","surveyDoc.yaml::SurveyDocTemplateRequest","operation_internal_schema_ref",1
"surveyDoc.yaml::POST /survey-docs/templates","surveyDoc.yaml::SurveyDocTemplateResponse","operation_internal_schema_ref",1
"surveyDoc.yaml::POST /survey-docs/templates","jsonapi.yaml::failure","operation_external_schema_ref",1
"surveyDoc.yaml::GET /survey-docs/templates/{id}","surveyDoc.yaml::SurveyDocTemplateResponse","operation_internal_schema_ref",1
"surveyDoc.yaml::PATCH /survey-docs/templates/{id}","surveyDoc.yaml::SurveyDocTemplateRequest","operation_internal_schema_ref",1
"surveyDoc.yaml::PATCH /survey-docs/templates/{id}","surveyDoc.yaml::SurveyDocTemplateResponse","operation_internal_schema_ref",1
"surveyDoc.yaml::PATCH /survey-docs/templates/{id}","jsonapi.yaml::failure","operation_external_schema_ref",1
"surveyDoc.yaml::DELETE /survey-docs/templates/{id}","jsonapi.yaml::failure","operation_external_schema_ref",1
"surveyDoc.yaml::POST /survey-docs/templates/{templateId}/edit","surveyDoc.yaml::SurveyDocTemplateResponse","operation_internal_schema_ref",1
"surveyDoc.yaml::POST /survey-docs/templates/{templateId}/edit","jsonapi.yaml::failure","operation_external_schema_ref",1
"surveyDoc.yaml::POST /survey-docs/templates/{templateId}/publish","surveyDoc.yaml::SurveyDocTemplateResponse","operation_internal_schema_ref",1
"surveyDoc.yaml::POST /survey-docs/templates/{templateId}/publish","jsonapi.yaml::failure","operation_external_schema_ref",1
"surveyDoc.yaml::GET /survey-docs/templates/{templateId}/template-sections","jsonapi.yaml::pageSize","operation_external_schema_ref",1
"surveyDoc.yaml::GET /survey-docs/templates/{templateId}/template-sections","jsonapi.yaml::pageNumber","operation_external_schema_ref",1
"surveyDoc.yaml::GET /survey-docs/templates/{templateId}/template-sections","jsonapi.yaml::sort","operation_external_schema_ref",1
"surveyDoc.yaml::GET /survey-docs/templates/{templateId}/template-sections","jsonapi.yaml::include","operation_external_schema_ref",1
"surveyDoc.yaml::GET /survey-docs/templates/{templateId}/template-sections","jsonapi.yaml::acceptLanguage","operation_external_schema_ref",1
"surveyDoc.yaml::GET /survey-docs/templates/{templateId}/template-sections","surveyDoc.yaml::SurveyDocTemplateSectionListResponse","operation_internal_schema_ref",1
"surveyDoc.yaml::GET /survey-docs/templates/{templateId}/template-sections","jsonapi.yaml::failure","operation_external_schema_ref",1
"surveyDoc.yaml::POST /survey-docs/templates/{templateId}/template-sections","surveyDoc.yaml::SurveyDocTemplateSectionRequest","operation_internal_schema_ref",1
"surveyDoc.yaml::POST /survey-docs/templates/{templateId}/template-sections","surveyDoc.yaml::SurveyDocTemplateSectionResponse","operation_internal_schema_ref",1
"surveyDoc.yaml::POST /survey-docs/templates/{templateId}/template-sections","jsonapi.yaml::failure","operation_external_schema_ref",1
"surveyDoc.yaml::PATCH /survey-docs/templates/{templateId}/template-sections/{templateSectionId}","surveyDoc.yaml::SurveyDocTemplateSectionRequest","operation_internal_schema_ref",1
"surveyDoc.yaml::PATCH /survey-docs/templates/{templateId}/template-sections/{templateSectionId}","surveyDoc.yaml::SurveyDocTemplateSectionResponse","operation_internal_schema_ref",1
"surveyDoc.yaml::PATCH /survey-docs/templates/{templateId}/template-sections/{templateSectionId}","jsonapi.yaml::failure","operation_external_schema_ref",1
"surveyDoc.yaml::DELETE /survey-docs/templates/{templateId}/template-sections/{templateSectionId}","jsonapi.yaml::failure","operation_external_schema_ref",1
"surveyDoc.yaml::GET /survey-docs/attachments","jsonapi.yaml::pageSize","operation_external_schema_ref",1
"surveyDoc.yaml::GET /survey-docs/attachments","jsonapi.yaml::pageNumber","operation_external_schema_ref",1
"surveyDoc.yaml::GET /survey-docs/attachments","jsonapi.yaml::sort","operation_external_schema_ref",1
"surveyDoc.yaml::GET /survey-docs/attachments","jsonapi.yaml::include","operation_external_schema_ref",1
"surveyDoc.yaml::GET /survey-docs/attachments","core.yaml::filterOrganizationRequired","operation_external_schema_ref",1
"surveyDoc.yaml::GET /survey-docs/attachments","jsonapi.yaml::acceptLanguage","operation_external_schema_ref",1
"surveyDoc.yaml::GET /survey-docs/attachments","surveyDoc.yaml::SurveyAttachmentListResponse","operation_internal_schema_ref",1
"surveyDoc.yaml::GET /survey-docs/attachments","jsonapi.yaml::failure","operation_external_schema_ref",1
"surveyDoc.yaml::POST /survey-docs/attachments","core.yaml::filterOrganizationRequired","operation_external_schema_ref",1
"surveyDoc.yaml::POST /survey-docs/attachments","core.yaml::utcOffset","operation_external_schema_ref",1
"surveyDoc.yaml::POST /survey-docs/attachments","jsonapi.yaml::sort","operation_external_schema_ref",1
"surveyDoc.yaml::POST /survey-docs/attachments","jsonapi.yaml::info","operation_external_schema_ref",1
"surveyDoc.yaml::POST /survey-docs/attachments","jsonapi.yaml::failure","operation_external_schema_ref",1
"surveyDoc.yaml::POST /survey-docs/attachments/export","core.yaml::filterOrganizationRequired","operation_external_schema_ref",1
"surveyDoc.yaml::POST /survey-docs/attachments/export","jsonapi.yaml::sort","operation_external_schema_ref",1
"surveyDoc.yaml::POST /survey-docs/attachments/export","jsonapi.yaml::info","operation_external_schema_ref",1
"surveyDoc.yaml::POST /survey-docs/attachments/export","jsonapi.yaml::failure","operation_external_schema_ref",1
"surveyDoc.yaml::GET /survey-docs/headers/{headerId}/lines/{lineId}/attachments/{attachmentId}","surveyDoc.yaml::SurveyAttachmentResponse","operation_internal_schema_ref",1
"surveyDoc.yaml::GET /survey-docs/headers/{headerId}/lines/{lineId}/attachments/{attachmentId}/download","jsonapi.yaml::failure","operation_external_schema_ref",1
"surveyDoc.yaml::GET /survey-docs/templates/{templateId}/clusters","jsonapi.yaml::pageSize","operation_external_schema_ref",1
"surveyDoc.yaml::GET /survey-docs/templates/{templateId}/clusters","jsonapi.yaml::pageNumber","operation_external_schema_ref",1
"surveyDoc.yaml::GET /survey-docs/templates/{templateId}/clusters","jsonapi.yaml::sort","operation_external_schema_ref",1
"surveyDoc.yaml::GET /survey-docs/templates/{templateId}/clusters","jsonapi.yaml::include","operation_external_schema_ref",1
"surveyDoc.yaml::GET /survey-docs/templates/{templateId}/clusters","jsonapi.yaml::acceptLanguage","operation_external_schema_ref",1
"surveyDoc.yaml::GET /survey-docs/templates/{templateId}/clusters","surveyDoc.yaml::SurveyDocTemplateClusterListResponse","operation_internal_schema_ref",1
"surveyDoc.yaml::GET /survey-docs/templates/{templateId}/clusters","jsonapi.yaml::failure","operation_external_schema_ref",1
"surveyDoc.yaml::POST /survey-docs/templates/{templateId}/clusters","clusters.yaml::ClusterListResponse","operation_external_schema_ref",1
"surveyDoc.yaml::POST /survey-docs/templates/{templateId}/clusters","jsonapi.yaml::failure","operation_external_schema_ref",1
"surveyDoc.yaml::DELETE /survey-docs/templates/{templateId}/clusters/{clusterId}","jsonapi.yaml::failure","operation_external_schema_ref",1
"surveyDoc.yaml::GET /survey-docs/headers/{headerId}/recipients","jsonapi.yaml::sort","operation_external_schema_ref",1
"surveyDoc.yaml::GET /survey-docs/headers/{headerId}/recipients","jsonapi.yaml::acceptLanguage","operation_external_schema_ref",1
"surveyDoc.yaml::GET /survey-docs/headers/{headerId}/recipients","documents.yaml::DocEmailRecipientListResponse","operation_external_schema_ref",1
"surveyDoc.yaml::GET /survey-docs/headers/{headerId}/recipients","jsonapi.yaml::failure","operation_external_schema_ref",1
"surveyDoc.yaml::GET /survey-docs/doc-types","core.yaml::filterOrganizationRequired","operation_external_schema_ref",1
"surveyDoc.yaml::GET /survey-docs/doc-types","jsonapi.yaml::pageSize","operation_external_schema_ref",1
"surveyDoc.yaml::GET /survey-docs/doc-types","jsonapi.yaml::pageNumber","operation_external_schema_ref",1
"surveyDoc.yaml::GET /survey-docs/doc-types","jsonapi.yaml::include","operation_external_schema_ref",1
"surveyDoc.yaml::GET /survey-docs/doc-types","jsonapi.yaml::acceptLanguage","operation_external_schema_ref",1
"surveyDoc.yaml::GET /survey-docs/doc-types","documents.yaml::DocTypeListResponse","operation_external_schema_ref",1
"surveyDoc.yaml::GET /survey-docs/doc-types","jsonapi.yaml::failure","operation_external_schema_ref",1
"surveyDoc.yaml::POST /survey-docs/headers/{id}/publish","surveyDoc.yaml::SurveyDocHeaderResponse","operation_internal_schema_ref",1
"surveyDoc.yaml::POST /survey-docs/headers/{id}/publish","jsonapi.yaml::failure","operation_external_schema_ref",1
"surveyDoc.yaml::POST /survey-docs/headers/{id}/edit","surveyDoc.yaml::SurveyDocHeaderResponse","operation_internal_schema_ref",1
"surveyDoc.yaml::POST /survey-docs/headers/{id}/edit","jsonapi.yaml::failure","operation_external_schema_ref",1
"digitalContents.yaml::DigitalContent","digitalContents.yaml::apiDate","external_schema_ref",1
"digitalContents.yaml::DigitalContentListResponse","digitalContents.yaml::DigitalContent","internal_schema_ref",1
"digitalContents.yaml::DigitalContentListResponse","digitalContents.yaml::pagination","external_schema_ref",1
"digitalContents.yaml::DigitalContentListResponse","digitalContents.yaml::DigitalContentIncluded","internal_schema_ref",1
"digitalContents.yaml::DigitalContentResponse","digitalContents.yaml::DigitalContent","internal_schema_ref",1
"digitalContents.yaml::DigitalContentResponse","digitalContents.yaml::DigitalContentIncluded","internal_schema_ref",1
"digitalContents.yaml::DigitalContentRequest","digitalContents.yaml::DigitalContent","internal_schema_ref",1
"digitalContents.yaml::DigitalContentRequestRequired","digitalContents.yaml::DigitalContent","internal_schema_ref",1
"digitalContents.yaml::DigitalContentTypeResponse","digitalContents.yaml::DigitalContentType","internal_schema_ref",1
"digitalContents.yaml::DigitalContentTypeListResponse","digitalContents.yaml::DigitalContentType","internal_schema_ref",1
"digitalContents.yaml::DigitalContentTypeListResponse","digitalContents.yaml::PaginationMeta","external_schema_ref",1
"digitalContents.yaml::DigitalContentTypeListResponse","digitalContents.yaml::pagination","external_schema_ref",1
"digitalContents.yaml::DigitalContentCategory","digitalContents.yaml::relToMany","external_schema_ref",1
"digitalContents.yaml::DigitalContentCategoryIncluded","digitalContents.yaml::DigitalContentType","internal_schema_ref",1
"digitalContents.yaml::DigitalContentCategoryListResponse","digitalContents.yaml::DigitalContentCategory","internal_schema_ref",1
"digitalContents.yaml::DigitalContentCategoryListResponse","digitalContents.yaml::PaginationMeta","external_schema_ref",1
"digitalContents.yaml::DigitalContentCategoryListResponse","digitalContents.yaml::pagination","external_schema_ref",1
"digitalContents.yaml::DigitalContentCategoryListResponse","digitalContents.yaml::DigitalContentCategoryIncluded","internal_schema_ref",1
"digitalContents.yaml::Rendition","digitalContents.yaml::StorageTypeId","internal_schema_ref",1
"digitalContents.yaml::Rendition","digitalContents.yaml::RenditionStatusId","internal_schema_ref",1
"digitalContents.yaml::Rendition","digitalContents.yaml::relToOne","external_schema_ref",1
"digitalContents.yaml::RenditionIncluded","digitalContents.yaml::DigitalContent","internal_schema_ref",1
"digitalContents.yaml::RenditionListResponse","digitalContents.yaml::Rendition","internal_schema_ref",1
"digitalContents.yaml::RenditionListResponse","digitalContents.yaml::PaginationMeta","external_schema_ref",1
"digitalContents.yaml::RenditionListResponse","digitalContents.yaml::pagination","external_schema_ref",1
"digitalContents.yaml::RenditionListResponse","digitalContents.yaml::RenditionIncluded","internal_schema_ref",1
"digitalContents.yaml::RenditionResponse","digitalContents.yaml::Rendition","internal_schema_ref",1
"digitalContents.yaml::RenditionResponse","digitalContents.yaml::RenditionIncluded","internal_schema_ref",1
"digitalContents.yaml::RenditionRequest","digitalContents.yaml::Rendition","internal_schema_ref",1
"digitalContents.yaml::DigitalContentSequenceRequest","digitalContents.yaml::DigitalContentSequence","internal_schema_ref",1
"digitalContents.yaml::GET /contents/entities/{entityId}/{entityObjectId}","jsonapi.yaml::include","operation_external_schema_ref",1
"digitalContents.yaml::GET /contents/entities/{entityId}/{entityObjectId}","core.yaml::filterOrganizationRequired","operation_external_schema_ref",1
"digitalContents.yaml::GET /contents/entities/{entityId}/{entityObjectId}","jsonapi.yaml::sort","operation_external_schema_ref",1
"digitalContents.yaml::GET /contents/entities/{entityId}/{entityObjectId}","digitalContents.yaml::DigitalContentListResponse","operation_internal_schema_ref",1
"digitalContents.yaml::GET /contents/entities/{entityId}/{entityObjectId}","jsonapi.yaml::failure","operation_external_schema_ref",1
"digitalContents.yaml::POST /contents/entities/{entityId}/{entityObjectId}","digitalContents.yaml::DigitalContentRequestRequired","operation_internal_schema_ref",1
"digitalContents.yaml::POST /contents/entities/{entityId}/{entityObjectId}","digitalContents.yaml::DigitalContentResponse","operation_internal_schema_ref",1
"digitalContents.yaml::POST /contents/entities/{entityId}/{entityObjectId}","jsonapi.yaml::failure","operation_external_schema_ref",1
"digitalContents.yaml::PATCH /contents/entities/{entityId}/{entityObjectId}/reorder","jsonapi.yaml::include","operation_external_schema_ref",1
"digitalContents.yaml::PATCH /contents/entities/{entityId}/{entityObjectId}/reorder","core.yaml::filterOrganizationRequired","operation_external_schema_ref",1
"digitalContents.yaml::PATCH /contents/entities/{entityId}/{entityObjectId}/reorder","jsonapi.yaml::sort","operation_external_schema_ref",1
"digitalContents.yaml::PATCH /contents/entities/{entityId}/{entityObjectId}/reorder","digitalContents.yaml::DigitalContentSequenceRequest","operation_internal_schema_ref",1
"digitalContents.yaml::PATCH /contents/entities/{entityId}/{entityObjectId}/reorder","digitalContents.yaml::DigitalContentListResponse","operation_internal_schema_ref",1
"digitalContents.yaml::PATCH /contents/entities/{entityId}/{entityObjectId}/reorder","jsonapi.yaml::failure","operation_external_schema_ref",1
"digitalContents.yaml::GET /contents/media/{contentId}","digitalContents.yaml::DigitalContentResponse","operation_internal_schema_ref",1
"digitalContents.yaml::DELETE /contents/media/{contentId}","jsonapi.yaml::failure","operation_external_schema_ref",1
"digitalContents.yaml::PATCH /contents/media/{contentId}","digitalContents.yaml::DigitalContentRequestRequired","operation_internal_schema_ref",1
"digitalContents.yaml::PATCH /contents/media/{contentId}","digitalContents.yaml::DigitalContentResponse","operation_internal_schema_ref",1
"digitalContents.yaml::PATCH /contents/media/{contentId}","jsonapi.yaml::failure","operation_external_schema_ref",1
"digitalContents.yaml::PUT /contents/media/{contentId}","digitalContents.yaml::DigitalContentRequest","operation_internal_schema_ref",1
"digitalContents.yaml::PUT /contents/media/{contentId}","digitalContents.yaml::DigitalContentResponse","operation_internal_schema_ref",1
"digitalContents.yaml::PUT /contents/media/{contentId}","jsonapi.yaml::failure","operation_external_schema_ref",1
"digitalContents.yaml::GET /contents/media/{contentId}/renditions","jsonapi.yaml::include","operation_external_schema_ref",1
"digitalContents.yaml::GET /contents/media/{contentId}/renditions","digitalContents.yaml::RenditionListResponse","operation_internal_schema_ref",1
"digitalContents.yaml::GET /contents/media/{contentId}/renditions","jsonapi.yaml::failure","operation_external_schema_ref",1
"digitalContents.yaml::POST /contents/media/{contentId}/renditions","digitalContents.yaml::RenditionRequest","operation_internal_schema_ref",1
"digitalContents.yaml::POST /contents/media/{contentId}/renditions","digitalContents.yaml::RenditionResponse","operation_internal_schema_ref",1
"digitalContents.yaml::POST /contents/media/{contentId}/renditions","jsonapi.yaml::failure","operation_external_schema_ref",1
"digitalContents.yaml::GET /contents/categories","jsonapi.yaml::pageSize","operation_external_schema_ref",1
"digitalContents.yaml::GET /contents/categories","jsonapi.yaml::pageNumber","operation_external_schema_ref",1
"digitalContents.yaml::GET /contents/categories","jsonapi.yaml::sort","operation_external_schema_ref",1
"digitalContents.yaml::GET /contents/categories","jsonapi.yaml::include","operation_external_schema_ref",1
"digitalContents.yaml::GET /contents/categories","jsonapi.yaml::acceptLanguage","operation_external_schema_ref",1
"digitalContents.yaml::GET /contents/categories","digitalContents.yaml::DigitalContentCategoryListResponse","operation_internal_schema_ref",1
"digitalContents.yaml::GET /contents/categories","jsonapi.yaml::failure","operation_external_schema_ref",1
"digitalContents.yaml::GET /contents/types","jsonapi.yaml::pageSize","operation_external_schema_ref",1
"digitalContents.yaml::GET /contents/types","jsonapi.yaml::pageNumber","operation_external_schema_ref",1
"digitalContents.yaml::GET /contents/types","jsonapi.yaml::sort","operation_external_schema_ref",1
"digitalContents.yaml::GET /contents/types","jsonapi.yaml::acceptLanguage","operation_external_schema_ref",1
"digitalContents.yaml::GET /contents/types","digitalContents.yaml::DigitalContentTypeListResponse","operation_internal_schema_ref",1
"digitalContents.yaml::GET /contents/types","jsonapi.yaml::failure","operation_external_schema_ref",1
"digitalContents.yaml::GET /contents/types/{typeId}","digitalContents.yaml::DigitalContentTypeResponse","operation_internal_schema_ref",1
"stats.yaml::StatConfig","stats.yaml::StatTypeGraphX","internal_schema_ref",1
"stats.yaml::StatConfig","stats.yaml::StatTypeMeasure","internal_schema_ref",1
"stats.yaml::StatConfig","stats.yaml::StatTargetLocation","internal_schema_ref",1
"stats.yaml::StatConfig","stats.yaml::StatLayout","internal_schema_ref",1
"stats.yaml::StatConfig","stats.yaml::XAxisColumn","internal_schema_ref",1
"stats.yaml::StatConfig","stats.yaml::relToOne","external_schema_ref",1
"stats.yaml::StatsConfigListResponse","stats.yaml::StatConfig","internal_schema_ref",1
"stats.yaml::StatsConfigListResponse","stats.yaml::PaginationMeta","external_schema_ref",1
"stats.yaml::StatsConfigListResponse","stats.yaml::pagination","external_schema_ref",1
"stats.yaml::StatsConfigListResponse","stats.yaml::StatsConfigIncluded","internal_schema_ref",1
"stats.yaml::SalesStatsDataset","stats.yaml::relToOne","external_schema_ref",1
"stats.yaml::SalesStatsDatasetListResponse","stats.yaml::SalesStatsDataset","internal_schema_ref",1
"stats.yaml::SalesStatsDatasetListResponse","stats.yaml::SalesStatsDatasetIncluded","internal_schema_ref",1
"stats.yaml::GET /stats","jsonapi.yaml::pageSize","operation_external_schema_ref",1
"stats.yaml::GET /stats","jsonapi.yaml::pageNumber","operation_external_schema_ref",1
"stats.yaml::GET /stats","jsonapi.yaml::include","operation_external_schema_ref",1
"stats.yaml::GET /stats","core.yaml::filterOrganizationRequired","operation_external_schema_ref",1
"stats.yaml::GET /stats","jsonapi.yaml::acceptLanguage","operation_external_schema_ref",1
"stats.yaml::GET /stats","stats.yaml::StatsConfigListResponse","operation_internal_schema_ref",1
"stats.yaml::GET /stats","jsonapi.yaml::failure","operation_external_schema_ref",1
"stats.yaml::GET /sales-stats/{statId}/dataset","jsonapi.yaml::acceptLanguage","operation_external_schema_ref",1
"stats.yaml::GET /sales-stats/{statId}/dataset","jsonapi.yaml::include","operation_external_schema_ref",1
"stats.yaml::GET /sales-stats/{statId}/dataset","stats.yaml::SalesStatsDatasetListResponse","operation_internal_schema_ref",1
"stats.yaml::GET /sales-stats/{statId}/dataset","jsonapi.yaml::failure","operation_external_schema_ref",1
"clusters.yaml::Cluster","clusters.yaml::ClusterEntityTypeId","internal_schema_ref",1
"clusters.yaml::Cluster","clusters.yaml::ClusterTypeId","internal_schema_ref",1
"clusters.yaml::Cluster","clusters.yaml::isDraft","external_schema_ref",1
"clusters.yaml::ClusterListResponse","clusters.yaml::Cluster","internal_schema_ref",1
"clusters.yaml::ClusterListResponse","clusters.yaml::PaginationMeta","external_schema_ref",1
"clusters.yaml::ClusterListResponse","clusters.yaml::pagination","external_schema_ref",1
"clusters.yaml::ClusterListResponse","clusters.yaml::ClusterIncluded","internal_schema_ref",1
"clusters.yaml::ClusterResponse","clusters.yaml::Cluster","internal_schema_ref",1
"clusters.yaml::ClusterResponse","clusters.yaml::ClusterIncluded","internal_schema_ref",1
"clusters.yaml::ClusterRequest","clusters.yaml::Cluster","internal_schema_ref",1
"clusters.yaml::ClusterWithValuesRequest","clusters.yaml::ClusterWithValues","internal_schema_ref",1
"clusters.yaml::ClusterWithValues","clusters.yaml::ClusterEntityTypeId","internal_schema_ref",1
"clusters.yaml::ClusterWithValues","clusters.yaml::ClusterTypeId","internal_schema_ref",1
"clusters.yaml::ClusterWithValues","clusters.yaml::SimpleEntity","external_schema_ref",1
"clusters.yaml::ClusterWithValues","clusters.yaml::relToOne","external_schema_ref",1
"clusters.yaml::ClusterValue","clusters.yaml::SimpleEntity","external_schema_ref",1
"clusters.yaml::ClusterValueIncluded","clusters.yaml::Cluster","internal_schema_ref",1
"clusters.yaml::ClusterValueResponse","clusters.yaml::ClusterValue","internal_schema_ref",1
"clusters.yaml::ClusterValueResponse","clusters.yaml::ClusterValueIncluded","internal_schema_ref",1
"clusters.yaml::ClusterValueListResponse","clusters.yaml::ClusterValue","internal_schema_ref",1
"clusters.yaml::ClusterValueListResponse","clusters.yaml::PaginationMeta","external_schema_ref",1
"clusters.yaml::ClusterValueListResponse","clusters.yaml::pagination","external_schema_ref",1
"clusters.yaml::ClusterValueListResponse","clusters.yaml::ClusterValueIncluded","internal_schema_ref",1
"clusters.yaml::ClusterValueRequest","clusters.yaml::ClusterValue","internal_schema_ref",1
"clusters.yaml::ClusterMultiValueRequest","clusters.yaml::ClusterValue","internal_schema_ref",1
"clusters.yaml::CustomerItemSelection","clusters.yaml::SimpleEntity","external_schema_ref",1
"clusters.yaml::CustomerItemSelectionResponse","clusters.yaml::CustomerItemSelection","internal_schema_ref",1
"clusters.yaml::CustomerItemSelectionResponse","clusters.yaml::CustomerItemSelectionIncluded","internal_schema_ref",1
"clusters.yaml::CustomerItemSelectionListResponse","clusters.yaml::CustomerItemSelection","internal_schema_ref",1
"clusters.yaml::CustomerItemSelectionListResponse","clusters.yaml::PaginationMeta","external_schema_ref",1
"clusters.yaml::CustomerItemSelectionListResponse","clusters.yaml::pagination","external_schema_ref",1
"clusters.yaml::CustomerItemSelectionListResponse","clusters.yaml::CustomerItemSelectionIncluded","internal_schema_ref",1
"clusters.yaml::CustomerItemSelectionRequest","clusters.yaml::CustomerItemSelection","internal_schema_ref",1
"clusters.yaml::EligibleCustomerAccountListResponse","clusters.yaml::LinkableCustomerAccount","external_schema_ref",1
"clusters.yaml::EligibleCustomerAccountListResponse","clusters.yaml::PaginationMeta","external_schema_ref",1
"clusters.yaml::EligibleCustomerAccountListResponse","clusters.yaml::pagination","external_schema_ref",1
"clusters.yaml::EligibleItemForClusterValue","clusters.yaml::relToMany","external_schema_ref",1
"clusters.yaml::EligibleCustomerAccountForClusterValue","clusters.yaml::relToOne","external_schema_ref",1
"clusters.yaml::EligibleCustomerAccountForClusterValueIncluded","clusters.yaml::Organization","external_schema_ref",1
"clusters.yaml::EligibleItemForClusterValueResponse","clusters.yaml::EligibleItemForClusterValue","internal_schema_ref",1
"clusters.yaml::EligibleItemForClusterValueResponse","clusters.yaml::EligibleItemForClusterValueIncluded","internal_schema_ref",1
"clusters.yaml::EligibleItemForClusterValueListResponse","clusters.yaml::EligibleItemForClusterValue","internal_schema_ref",1
"clusters.yaml::EligibleItemForClusterValueListResponse","clusters.yaml::PaginationMeta","external_schema_ref",1
"clusters.yaml::EligibleItemForClusterValueListResponse","clusters.yaml::pagination","external_schema_ref",1
"clusters.yaml::EligibleItemForClusterValueListResponse","clusters.yaml::EligibleItemForClusterValueIncluded","internal_schema_ref",1
"clusters.yaml::EligibleCustomerAccountForClusterValueListResponse","clusters.yaml::EligibleCustomerAccountForClusterValue","internal_schema_ref",1
"clusters.yaml::EligibleCustomerAccountForClusterValueListResponse","clusters.yaml::PaginationMeta","external_schema_ref",1
"clusters.yaml::EligibleCustomerAccountForClusterValueListResponse","clusters.yaml::pagination","external_schema_ref",1
"clusters.yaml::EligibleCustomerAccountForClusterValueListResponse","clusters.yaml::EligibleCustomerAccountForClusterValueIncluded","internal_schema_ref",1
"clusters.yaml::GET /clusters","core.yaml::filterOrganizationRequired","operation_external_schema_ref",1
"clusters.yaml::GET /clusters","jsonapi.yaml::pageSize","operation_external_schema_ref",1
"clusters.yaml::GET /clusters","jsonapi.yaml::pageNumber","operation_external_schema_ref",1
"clusters.yaml::GET /clusters","jsonapi.yaml::sort","operation_external_schema_ref",1
"clusters.yaml::GET /clusters","jsonapi.yaml::include","operation_external_schema_ref",1
"clusters.yaml::GET /clusters","clusters.yaml::ClusterListResponse","operation_internal_schema_ref",1
"clusters.yaml::GET /clusters","jsonapi.yaml::failure","operation_external_schema_ref",1
"clusters.yaml::POST /clusters","clusters.yaml::ClusterRequest","operation_internal_schema_ref",1
"clusters.yaml::POST /clusters","clusters.yaml::ClusterResponse","operation_internal_schema_ref",1
"clusters.yaml::POST /clusters","jsonapi.yaml::failure","operation_external_schema_ref",1
"clusters.yaml::GET /clusters/{id}","clusters.yaml::ClusterResponse","operation_internal_schema_ref",1
"clusters.yaml::PATCH /clusters/{id}","clusters.yaml::ClusterRequest","operation_internal_schema_ref",1
"clusters.yaml::PATCH /clusters/{id}","clusters.yaml::ClusterResponse","operation_internal_schema_ref",1
"clusters.yaml::PATCH /clusters/{id}","jsonapi.yaml::failure","operation_external_schema_ref",1
"clusters.yaml::DELETE /clusters/{id}","jsonapi.yaml::failure","operation_external_schema_ref",1
"clusters.yaml::POST /clusters/{id}/edit","clusters.yaml::ClusterResponse","operation_internal_schema_ref",1
"clusters.yaml::POST /clusters/{id}/edit","jsonapi.yaml::failure","operation_external_schema_ref",1
"clusters.yaml::POST /clusters/{id}/publish","clusters.yaml::ClusterResponse","operation_internal_schema_ref",1
"clusters.yaml::POST /clusters/{id}/publish","jsonapi.yaml::failure","operation_external_schema_ref",1
"clusters.yaml::POST /clusters/{id}/clone","clusters.yaml::ClusterResponse","operation_internal_schema_ref",1
"clusters.yaml::POST /clusters/{id}/clone","jsonapi.yaml::failure","operation_external_schema_ref",1
"clusters.yaml::POST /clusters/{id}/values","clusters.yaml::ClusterValueRequest","operation_internal_schema_ref",1
"clusters.yaml::POST /clusters/{id}/values","clusters.yaml::ClusterValueResponse","operation_internal_schema_ref",1
"clusters.yaml::POST /clusters/{id}/values","jsonapi.yaml::failure","operation_external_schema_ref",1
"clusters.yaml::GET /clusters/{id}/items","jsonapi.yaml::pageSize","operation_external_schema_ref",1
"clusters.yaml::GET /clusters/{id}/items","jsonapi.yaml::pageNumber","operation_external_schema_ref",1
"clusters.yaml::GET /clusters/{id}/items","jsonapi.yaml::sort","operation_external_schema_ref",1
"clusters.yaml::GET /clusters/{id}/items","jsonapi.yaml::include","operation_external_schema_ref",1
"clusters.yaml::GET /clusters/{id}/items","jsonapi.yaml::acceptLanguage","operation_external_schema_ref",1
"clusters.yaml::GET /clusters/{id}/items","clusters.yaml::EligibleItemForClusterValueListResponse","operation_internal_schema_ref",1
"clusters.yaml::GET /clusters/{id}/items","jsonapi.yaml::failure","operation_external_schema_ref",1
"clusters.yaml::POST /clusters/{id}/items/export","jsonapi.yaml::sort","operation_external_schema_ref",1
"clusters.yaml::POST /clusters/{id}/items/export","jsonapi.yaml::include","operation_external_schema_ref",1
"clusters.yaml::POST /clusters/{id}/items/export","jsonapi.yaml::acceptLanguage","operation_external_schema_ref",1
"clusters.yaml::POST /clusters/{id}/items/export","core.yaml::utcOffset","operation_external_schema_ref",1
"clusters.yaml::POST /clusters/{id}/items/export","core.yaml::templateIdParamRequired","operation_external_schema_ref",1
"clusters.yaml::POST /clusters/{id}/items/export","core.yaml::filterOrganizationRequired","operation_external_schema_ref",1
"clusters.yaml::POST /clusters/{id}/items/export","jsonapi.yaml::info","operation_external_schema_ref",1
"clusters.yaml::POST /clusters/{id}/items/export","jsonapi.yaml::failure","operation_external_schema_ref",1
"clusters.yaml::GET /clusters/{id}/customer-accounts","jsonapi.yaml::pageSize","operation_external_schema_ref",1
"clusters.yaml::GET /clusters/{id}/customer-accounts","jsonapi.yaml::pageNumber","operation_external_schema_ref",1
"clusters.yaml::GET /clusters/{id}/customer-accounts","jsonapi.yaml::sort","operation_external_schema_ref",1
"clusters.yaml::GET /clusters/{id}/customer-accounts","jsonapi.yaml::include","operation_external_schema_ref",1
"clusters.yaml::GET /clusters/{id}/customer-accounts","jsonapi.yaml::acceptLanguage","operation_external_schema_ref",1
"clusters.yaml::GET /clusters/{id}/customer-accounts","clusters.yaml::EligibleCustomerAccountForClusterValueListResponse","operation_internal_schema_ref",1
"clusters.yaml::GET /clusters/{id}/customer-accounts","jsonapi.yaml::failure","operation_external_schema_ref",1
"clusters.yaml::POST /clusters/{id}/customer-accounts/export","jsonapi.yaml::sort","operation_external_schema_ref",1
"clusters.yaml::POST /clusters/{id}/customer-accounts/export","jsonapi.yaml::include","operation_external_schema_ref",1
"clusters.yaml::POST /clusters/{id}/customer-accounts/export","jsonapi.yaml::acceptLanguage","operation_external_schema_ref",1
"clusters.yaml::POST /clusters/{id}/customer-accounts/export","core.yaml::utcOffset","operation_external_schema_ref",1
"clusters.yaml::POST /clusters/{id}/customer-accounts/export","core.yaml::templateIdParamRequired","operation_external_schema_ref",1
"clusters.yaml::POST /clusters/{id}/customer-accounts/export","core.yaml::filterOrganizationRequired","operation_external_schema_ref",1
"clusters.yaml::POST /clusters/{id}/customer-accounts/export","jsonapi.yaml::info","operation_external_schema_ref",1
"clusters.yaml::POST /clusters/{id}/customer-accounts/export","jsonapi.yaml::failure","operation_external_schema_ref",1
"clusters.yaml::GET /clusters/{clusterId}/values/{valueId}","clusters.yaml::ClusterValueResponse","operation_internal_schema_ref",1
"clusters.yaml::GET /clusters/{clusterId}/values/{valueId}","jsonapi.yaml::failure","operation_external_schema_ref",1
"clusters.yaml::PATCH /clusters/{clusterId}/values/{valueId}","clusters.yaml::ClusterValueRequest","operation_internal_schema_ref",1
"clusters.yaml::PATCH /clusters/{clusterId}/values/{valueId}","clusters.yaml::ClusterValueResponse","operation_internal_schema_ref",1
"clusters.yaml::PATCH /clusters/{clusterId}/values/{valueId}","jsonapi.yaml::failure","operation_external_schema_ref",1
"clusters.yaml::DELETE /clusters/{clusterId}/values/{valueId}","jsonapi.yaml::failure","operation_external_schema_ref",1
"clusters.yaml::GET /clusters/{id}/customer-item-selections","jsonapi.yaml::pageSize","operation_external_schema_ref",1
"clusters.yaml::GET /clusters/{id}/customer-item-selections","jsonapi.yaml::pageNumber","operation_external_schema_ref",1
"clusters.yaml::GET /clusters/{id}/customer-item-selections","jsonapi.yaml::sort","operation_external_schema_ref",1
"clusters.yaml::GET /clusters/{id}/customer-item-selections","jsonapi.yaml::include","operation_external_schema_ref",1
"clusters.yaml::GET /clusters/{id}/customer-item-selections","clusters.yaml::CustomerItemSelectionListResponse","operation_internal_schema_ref",1
"clusters.yaml::GET /clusters/{id}/customer-item-selections","jsonapi.yaml::failure","operation_external_schema_ref",1
"clusters.yaml::POST /clusters/{id}/customer-item-selections","clusters.yaml::CustomerItemSelectionRequest","operation_internal_schema_ref",1
"clusters.yaml::POST /clusters/{id}/customer-item-selections","clusters.yaml::CustomerItemSelectionResponse","operation_internal_schema_ref",1
"clusters.yaml::POST /clusters/{id}/customer-item-selections","jsonapi.yaml::failure","operation_external_schema_ref",1
"clusters.yaml::GET /clusters/{clusterId}/customer-item-selections/{id}","clusters.yaml::CustomerItemSelectionResponse","operation_internal_schema_ref",1
"clusters.yaml::GET /clusters/{clusterId}/customer-item-selections/{id}","jsonapi.yaml::failure","operation_external_schema_ref",1
"clusters.yaml::PATCH /clusters/{clusterId}/customer-item-selections/{id}","clusters.yaml::CustomerItemSelectionRequest","operation_internal_schema_ref",1
"clusters.yaml::PATCH /clusters/{clusterId}/customer-item-selections/{id}","clusters.yaml::CustomerItemSelectionResponse","operation_internal_schema_ref",1
"clusters.yaml::PATCH /clusters/{clusterId}/customer-item-selections/{id}","jsonapi.yaml::failure","operation_external_schema_ref",1
"clusters.yaml::DELETE /clusters/{clusterId}/customer-item-selections/{id}","jsonapi.yaml::failure","operation_external_schema_ref",1
"clusters.yaml::GET /clusters/{clusterId}/customer-item-selections/links","jsonapi.yaml::pageSize","operation_external_schema_ref",1
"clusters.yaml::GET /clusters/{clusterId}/customer-item-selections/links","jsonapi.yaml::pageNumber","operation_external_schema_ref",1
"clusters.yaml::GET /clusters/{clusterId}/customer-item-selections/links","jsonapi.yaml::sort","operation_external_schema_ref",1
"clusters.yaml::GET /clusters/{clusterId}/customer-item-selections/links","jsonapi.yaml::include","operation_external_schema_ref",1
"clusters.yaml::GET /clusters/{clusterId}/customer-item-selections/links","clusters.yaml::EligibleCustomerAccountListResponse","operation_internal_schema_ref",1
"clusters.yaml::GET /clusters/{clusterId}/customer-item-selections/links","jsonapi.yaml::failure","operation_external_schema_ref",1
"clusters.yaml::POST /clusters/entity-set","clusters.yaml::ClusterWithValuesRequest","operation_internal_schema_ref",1
"clusters.yaml::POST /clusters/entity-set","jsonapi.yaml::info","operation_external_schema_ref",1
"clusters.yaml::POST /clusters/entity-set","jsonapi.yaml::failure","operation_external_schema_ref",1
"clusters.yaml::POST /clusters/{id}/multi-values","clusters.yaml::ClusterMultiValueRequest","operation_internal_schema_ref",1
"clusters.yaml::POST /clusters/{id}/multi-values","jsonapi.yaml::failure","operation_external_schema_ref",1
"clusters.yaml::DELETE /clusters/{id}/multi-values","core.yaml::SimpleEntity","operation_external_schema_ref",1
"clusters.yaml::DELETE /clusters/{id}/multi-values","jsonapi.yaml::failure","operation_external_schema_ref",1
"tasks.yaml::Task","tasks.yaml::TaskAttributes","internal_schema_ref",1
"tasks.yaml::Task","tasks.yaml::TaskRelationships","internal_schema_ref",1
"tasks.yaml::TaskAttributes","tasks.yaml::TaskPriorityId","internal_schema_ref",1
"tasks.yaml::TaskAttributes","tasks.yaml::apiDate","external_schema_ref",1
"tasks.yaml::TaskAttributes","tasks.yaml::apiDateTime","external_schema_ref",1
"tasks.yaml::TaskAttributes","tasks.yaml::TaskAction","internal_schema_ref",1
"tasks.yaml::TaskRelationships","tasks.yaml::relToOneWithMeta","external_schema_ref",1
"tasks.yaml::TaskRelationships","tasks.yaml::relToMany","external_schema_ref",1
"tasks.yaml::TaskListResponse","tasks.yaml::Task","internal_schema_ref",1
"tasks.yaml::TaskListResponse","tasks.yaml::PaginationMeta","external_schema_ref",1
"tasks.yaml::TaskListResponse","tasks.yaml::pagination","external_schema_ref",1
"tasks.yaml::TaskListResponse","tasks.yaml::TaskIncluded","internal_schema_ref",1
"tasks.yaml::TaskResponse","tasks.yaml::Task","internal_schema_ref",1
"tasks.yaml::TaskResponse","tasks.yaml::TaskIncluded","internal_schema_ref",1
"tasks.yaml::TaskRequest","tasks.yaml::Task","internal_schema_ref",1
"tasks.yaml::TaskActionListResponse","tasks.yaml::TaskAction","internal_schema_ref",1
"tasks.yaml::TaskActionListResponse","tasks.yaml::PaginationMeta","external_schema_ref",1
"tasks.yaml::TaskActionListResponse","tasks.yaml::pagination","external_schema_ref",1
"tasks.yaml::TaskActionListResponse","tasks.yaml::TaskActionIncluded","internal_schema_ref",1
"tasks.yaml::TaskActionResponse","tasks.yaml::TaskAction","internal_schema_ref",1
"tasks.yaml::TaskActionResponse","tasks.yaml::TaskActionIncluded","internal_schema_ref",1
"tasks.yaml::TaskActionRequest","tasks.yaml::TaskAction","internal_schema_ref",1
"tasks.yaml::TaskOutcome","tasks.yaml::relToOne","external_schema_ref",1
"tasks.yaml::TaskOutcomeIncluded","tasks.yaml::TaskType","internal_schema_ref",1
"tasks.yaml::TaskOutcomeListResponse","tasks.yaml::TaskOutcome","internal_schema_ref",1
"tasks.yaml::TaskOutcomeListResponse","tasks.yaml::PaginationMeta","external_schema_ref",1
"tasks.yaml::TaskOutcomeListResponse","tasks.yaml::pagination","external_schema_ref",1
"tasks.yaml::TaskOutcomeListResponse","tasks.yaml::TaskOutcomeIncluded","internal_schema_ref",1
"tasks.yaml::TaskType","tasks.yaml::relToOne","external_schema_ref",1
"tasks.yaml::TaskTypeIncluded","tasks.yaml::Organization","external_schema_ref",1
"tasks.yaml::TaskTypeListResponse","tasks.yaml::TaskType","internal_schema_ref",1
"tasks.yaml::TaskTypeListResponse","tasks.yaml::PaginationMeta","external_schema_ref",1
"tasks.yaml::TaskTypeListResponse","tasks.yaml::pagination","external_schema_ref",1
"tasks.yaml::TaskTypeListResponse","tasks.yaml::TaskTypeIncluded","internal_schema_ref",1
"tasks.yaml::Calendar","tasks.yaml::relToOneWithMeta","external_schema_ref",1
"tasks.yaml::CalendarIncluded","tasks.yaml::UserProfile","external_schema_ref",1
"tasks.yaml::CalendarListResponse","tasks.yaml::Calendar","internal_schema_ref",1
"tasks.yaml::CalendarListResponse","tasks.yaml::PaginationMeta","external_schema_ref",1
"tasks.yaml::CalendarListResponse","tasks.yaml::pagination","external_schema_ref",1
"tasks.yaml::CalendarListResponse","tasks.yaml::CalendarIncluded","internal_schema_ref",1
"tasks.yaml::CalendarResponse","tasks.yaml::Calendar","internal_schema_ref",1
"tasks.yaml::CalendarResponse","tasks.yaml::CalendarIncluded","internal_schema_ref",1
"tasks.yaml::CalendarRequest","tasks.yaml::Calendar","internal_schema_ref",1
"tasks.yaml::CalendarEvent","tasks.yaml::RecurrenceType","external_schema_ref",1
"tasks.yaml::CalendarEvent","tasks.yaml::apiDate","external_schema_ref",1
"tasks.yaml::CalendarEvent","tasks.yaml::relToOneWithMeta","external_schema_ref",1
"tasks.yaml::CalendarEvent","tasks.yaml::relToManyParties","external_schema_ref",1
"tasks.yaml::CalendarEventListResponse","tasks.yaml::CalendarEvent","internal_schema_ref",1
"tasks.yaml::CalendarEventListResponse","tasks.yaml::PaginationMeta","external_schema_ref",1
"tasks.yaml::CalendarEventListResponse","tasks.yaml::pagination","external_schema_ref",1
"tasks.yaml::CalendarEventListResponse","tasks.yaml::CalendarEventIncluded","internal_schema_ref",1
"tasks.yaml::CalendarEventResponse","tasks.yaml::CalendarEvent","internal_schema_ref",1
"tasks.yaml::CalendarEventResponse","tasks.yaml::CalendarEventIncluded","internal_schema_ref",1
"tasks.yaml::CalendarEventRequest","tasks.yaml::CalendarEvent","internal_schema_ref",1
"tasks.yaml::CalendarEventAttendee","tasks.yaml::relToOneWithMeta","external_schema_ref",1
"tasks.yaml::CalendarEventAttendee","tasks.yaml::relToOneWithMetaReadOnly","external_schema_ref",1
"tasks.yaml::CalendarEventAttendeeListResponse","tasks.yaml::CalendarEventAttendee","internal_schema_ref",1
"tasks.yaml::CalendarEventAttendeeListResponse","tasks.yaml::CalendarEventIncluded","internal_schema_ref",1
"tasks.yaml::CalendarEventAttendeesRequest","tasks.yaml::CalendarEventAttendee","internal_schema_ref",1
"tasks.yaml::GET /tasks","core.yaml::filterOrganizationRequired","operation_external_schema_ref",1
"tasks.yaml::GET /tasks","jsonapi.yaml::pageSize","operation_external_schema_ref",1
"tasks.yaml::GET /tasks","jsonapi.yaml::pageNumber","operation_external_schema_ref",1
"tasks.yaml::GET /tasks","jsonapi.yaml::sort","operation_external_schema_ref",1
"tasks.yaml::GET /tasks","jsonapi.yaml::include","operation_external_schema_ref",1
"tasks.yaml::GET /tasks","jsonapi.yaml::acceptLanguage","operation_external_schema_ref",1
"tasks.yaml::GET /tasks","tasks.yaml::TaskListResponse","operation_internal_schema_ref",1
"tasks.yaml::GET /tasks","jsonapi.yaml::failure","operation_external_schema_ref",1
"tasks.yaml::POST /tasks","tasks.yaml::TaskRequest","operation_internal_schema_ref",1
"tasks.yaml::POST /tasks","tasks.yaml::TaskResponse","operation_internal_schema_ref",1
"tasks.yaml::POST /tasks","jsonapi.yaml::failure","operation_external_schema_ref",1
"tasks.yaml::GET /tasks/outcomes","jsonapi.yaml::pageSize","operation_external_schema_ref",1
"tasks.yaml::GET /tasks/outcomes","jsonapi.yaml::pageNumber","operation_external_schema_ref",1
"tasks.yaml::GET /tasks/outcomes","jsonapi.yaml::sort","operation_external_schema_ref",1
"tasks.yaml::GET /tasks/outcomes","jsonapi.yaml::include","operation_external_schema_ref",1
"tasks.yaml::GET /tasks/outcomes","jsonapi.yaml::acceptLanguage","operation_external_schema_ref",1
"tasks.yaml::GET /tasks/outcomes","tasks.yaml::TaskOutcomeListResponse","operation_internal_schema_ref",1
"tasks.yaml::GET /tasks/outcomes","jsonapi.yaml::failure","operation_external_schema_ref",1
"tasks.yaml::GET /tasks/types","jsonapi.yaml::pageSize","operation_external_schema_ref",1
"tasks.yaml::GET /tasks/types","jsonapi.yaml::pageNumber","operation_external_schema_ref",1
"tasks.yaml::GET /tasks/types","jsonapi.yaml::sort","operation_external_schema_ref",1
"tasks.yaml::GET /tasks/types","jsonapi.yaml::include","operation_external_schema_ref",1
"tasks.yaml::GET /tasks/types","jsonapi.yaml::acceptLanguage","operation_external_schema_ref",1
"tasks.yaml::GET /tasks/types","tasks.yaml::TaskTypeListResponse","operation_internal_schema_ref",1
"tasks.yaml::GET /tasks/types","jsonapi.yaml::failure","operation_external_schema_ref",1
"tasks.yaml::GET /tasks/{id}","tasks.yaml::TaskResponse","operation_internal_schema_ref",1
"tasks.yaml::PATCH /tasks/{id}","tasks.yaml::TaskRequest","operation_internal_schema_ref",1
"tasks.yaml::PATCH /tasks/{id}","tasks.yaml::TaskResponse","operation_internal_schema_ref",1
"tasks.yaml::PATCH /tasks/{id}","jsonapi.yaml::failure","operation_external_schema_ref",1
"tasks.yaml::DELETE /tasks/{id}","jsonapi.yaml::failure","operation_external_schema_ref",1
"tasks.yaml::GET /tasks/{id}/actions","jsonapi.yaml::pageSize","operation_external_schema_ref",1
"tasks.yaml::GET /tasks/{id}/actions","jsonapi.yaml::pageNumber","operation_external_schema_ref",1
"tasks.yaml::GET /tasks/{id}/actions","jsonapi.yaml::sort","operation_external_schema_ref",1
"tasks.yaml::GET /tasks/{id}/actions","jsonapi.yaml::include","operation_external_schema_ref",1
"tasks.yaml::GET /tasks/{id}/actions","jsonapi.yaml::acceptLanguage","operation_external_schema_ref",1
"tasks.yaml::GET /tasks/{id}/actions","tasks.yaml::TaskActionListResponse","operation_internal_schema_ref",1
"tasks.yaml::GET /tasks/{id}/actions","jsonapi.yaml::failure","operation_external_schema_ref",1
"tasks.yaml::POST /tasks/{id}/actions","tasks.yaml::TaskActionRequest","operation_internal_schema_ref",1
"tasks.yaml::POST /tasks/{id}/actions","tasks.yaml::TaskActionResponse","operation_internal_schema_ref",1
"tasks.yaml::POST /tasks/{id}/actions","jsonapi.yaml::failure","operation_external_schema_ref",1
"tasks.yaml::GET /tasks/{id}/actions/{actionId}","tasks.yaml::TaskActionResponse","operation_internal_schema_ref",1
"tasks.yaml::PATCH /tasks/{id}/actions/{actionId}","tasks.yaml::TaskActionRequest","operation_internal_schema_ref",1
"tasks.yaml::PATCH /tasks/{id}/actions/{actionId}","tasks.yaml::TaskActionResponse","operation_internal_schema_ref",1
"tasks.yaml::PATCH /tasks/{id}/actions/{actionId}","jsonapi.yaml::failure","operation_external_schema_ref",1
"tasks.yaml::DELETE /tasks/{id}/actions/{actionId}","jsonapi.yaml::failure","operation_external_schema_ref",1
"tasks.yaml::GET /tasks/kpis","core.yaml::KPIEntityListResponse","operation_external_schema_ref",1
"tasks.yaml::GET /tasks/kpis","jsonapi.yaml::failure","operation_external_schema_ref",1
"tasks.yaml::GET /tasks/kpis/{kpiId}","core.yaml::KPIEntityResponse","operation_external_schema_ref",1
"tasks.yaml::GET /calendars","jsonapi.yaml::pageSize","operation_external_schema_ref",1
"tasks.yaml::GET /calendars","jsonapi.yaml::pageNumber","operation_external_schema_ref",1
"tasks.yaml::GET /calendars","jsonapi.yaml::include","operation_external_schema_ref",1
"tasks.yaml::GET /calendars","jsonapi.yaml::acceptLanguage","operation_external_schema_ref",1
"tasks.yaml::GET /calendars","jsonapi.yaml::marketplace","operation_external_schema_ref",1
"tasks.yaml::GET /calendars","tasks.yaml::CalendarListResponse","operation_internal_schema_ref",1
"tasks.yaml::GET /calendars","jsonapi.yaml::failure","operation_external_schema_ref",1
"tasks.yaml::POST /calendars","tasks.yaml::CalendarRequest","operation_internal_schema_ref",1
"tasks.yaml::POST /calendars","tasks.yaml::CalendarResponse","operation_internal_schema_ref",1
"tasks.yaml::POST /calendars","jsonapi.yaml::failure","operation_external_schema_ref",1
"tasks.yaml::GET /calendars/{calendarId}","jsonapi.yaml::include","operation_external_schema_ref",1
"tasks.yaml::GET /calendars/{calendarId}","jsonapi.yaml::marketplace","operation_external_schema_ref",1
"tasks.yaml::GET /calendars/{calendarId}","tasks.yaml::CalendarResponse","operation_internal_schema_ref",1
"tasks.yaml::PATCH /calendars/{calendarId}","tasks.yaml::CalendarRequest","operation_internal_schema_ref",1
"tasks.yaml::PATCH /calendars/{calendarId}","tasks.yaml::CalendarResponse","operation_internal_schema_ref",1
"tasks.yaml::PATCH /calendars/{calendarId}","jsonapi.yaml::failure","operation_external_schema_ref",1
"tasks.yaml::DELETE /calendars/{calendarId}","jsonapi.yaml::failure","operation_external_schema_ref",1
"tasks.yaml::GET /calendars/{calendarId}/events","jsonapi.yaml::sort","operation_external_schema_ref",1
"tasks.yaml::GET /calendars/{calendarId}/events","jsonapi.yaml::include","operation_external_schema_ref",1
"tasks.yaml::GET /calendars/{calendarId}/events","jsonapi.yaml::marketplace","operation_external_schema_ref",1
"tasks.yaml::GET /calendars/{calendarId}/events","tasks.yaml::CalendarEventListResponse","operation_internal_schema_ref",1
"tasks.yaml::GET /calendars/{calendarId}/events","jsonapi.yaml::failure","operation_external_schema_ref",1
"tasks.yaml::POST /calendars/{calendarId}/events","tasks.yaml::CalendarEventRequest","operation_internal_schema_ref",1
"tasks.yaml::POST /calendars/{calendarId}/events","tasks.yaml::CalendarEventResponse","operation_internal_schema_ref",1
"tasks.yaml::POST /calendars/{calendarId}/events","jsonapi.yaml::failure","operation_external_schema_ref",1
"tasks.yaml::GET /calendars/{calendarId}/events/{eventId}","tasks.yaml::CalendarEventResponse","operation_internal_schema_ref",1
"tasks.yaml::PATCH /calendars/{calendarId}/events/{eventId}","tasks.yaml::CalendarEventRequest","operation_internal_schema_ref",1
"tasks.yaml::PATCH /calendars/{calendarId}/events/{eventId}","tasks.yaml::CalendarEventResponse","operation_internal_schema_ref",1
"tasks.yaml::PATCH /calendars/{calendarId}/events/{eventId}","jsonapi.yaml::failure","operation_external_schema_ref",1
"tasks.yaml::DELETE /calendars/{calendarId}/events/{eventId}","jsonapi.yaml::failure","operation_external_schema_ref",1
"tasks.yaml::GET /calendars/events/{eventId}/attendees","jsonapi.yaml::sort","operation_external_schema_ref",1
"tasks.yaml::GET /calendars/events/{eventId}/attendees","jsonapi.yaml::include","operation_external_schema_ref",1
"tasks.yaml::GET /calendars/events/{eventId}/attendees","jsonapi.yaml::acceptLanguage","operation_external_schema_ref",1
"tasks.yaml::GET /calendars/events/{eventId}/attendees","tasks.yaml::CalendarEventAttendeeListResponse","operation_internal_schema_ref",1
"tasks.yaml::GET /calendars/events/{eventId}/attendees","jsonapi.yaml::failure","operation_external_schema_ref",1
"tasks.yaml::POST /calendars/events/{eventId}/attendees","tasks.yaml::CalendarEventAttendeesRequest","operation_internal_schema_ref",1
"tasks.yaml::POST /calendars/events/{eventId}/attendees","tasks.yaml::CalendarEventAttendeeListResponse","operation_internal_schema_ref",1
"tasks.yaml::POST /calendars/events/{eventId}/attendees","jsonapi.yaml::failure","operation_external_schema_ref",1
"tasks.yaml::PATCH /calendars/events/{eventId}/attendees","tasks.yaml::Calendars","operation_internal_schema_ref",1
"tasks.yaml::PATCH /calendars/events/{eventId}/attendees","tasks.yaml::CalendarEventAttendeeListResponse","operation_internal_schema_ref",1
"tasks.yaml::PATCH /calendars/events/{eventId}/attendees","jsonapi.yaml::failure","operation_external_schema_ref",1
"tasks.yaml::DELETE /calendars/events/{eventId}/attendees/{attendeeCalendarId}","jsonapi.yaml::failure","operation_external_schema_ref",1
"salesReps.yaml::SalesRep","salesReps.yaml::relToOne","external_schema_ref",1
"salesReps.yaml::SalesRepListResponse","salesReps.yaml::SalesRep","internal_schema_ref",1
"salesReps.yaml::SalesRepListResponse","salesReps.yaml::PaginationMeta","external_schema_ref",1
"salesReps.yaml::SalesRepListResponse","salesReps.yaml::pagination","external_schema_ref",1
"salesReps.yaml::SalesRepListResponse","salesReps.yaml::SalesRepIncluded","internal_schema_ref",1
"salesReps.yaml::SalesRepResponse","salesReps.yaml::SalesRep","internal_schema_ref",1
"salesReps.yaml::SalesRepResponse","salesReps.yaml::SalesRepIncluded","internal_schema_ref",1
"salesReps.yaml::SalesRepRequest","salesReps.yaml::SalesRep","internal_schema_ref",1
"salesReps.yaml::SalesRepLiteListResponse","salesReps.yaml::SalesRepLite","internal_schema_ref",1
"salesReps.yaml::SalesRepLiteListResponse","salesReps.yaml::PaginationMeta","external_schema_ref",1
"salesReps.yaml::SalesRepLiteListResponse","salesReps.yaml::pagination","external_schema_ref",1
"salesReps.yaml::GET /sales-reps","jsonapi.yaml::pageSize","operation_external_schema_ref",1
"salesReps.yaml::GET /sales-reps","jsonapi.yaml::pageNumber","operation_external_schema_ref",1
"salesReps.yaml::GET /sales-reps","jsonapi.yaml::sort","operation_external_schema_ref",1
"salesReps.yaml::GET /sales-reps","jsonapi.yaml::include","operation_external_schema_ref",1
"salesReps.yaml::GET /sales-reps","jsonapi.yaml::acceptLanguage","operation_external_schema_ref",1
"salesReps.yaml::GET /sales-reps","core.yaml::LinkedUserProfileId","operation_external_schema_ref",1
"salesReps.yaml::GET /sales-reps","core.yaml::filterOrganizationRequired","operation_external_schema_ref",1
"salesReps.yaml::GET /sales-reps","salesReps.yaml::SalesRepListResponse","operation_internal_schema_ref",1
"salesReps.yaml::GET /sales-reps","jsonapi.yaml::failure","operation_external_schema_ref",1
"salesReps.yaml::POST /sales-reps","core.yaml::filterOrganizationRequired","operation_external_schema_ref",1
"salesReps.yaml::POST /sales-reps","salesReps.yaml::SalesRepRequest","operation_internal_schema_ref",1
"salesReps.yaml::POST /sales-reps","salesReps.yaml::SalesRepResponse","operation_internal_schema_ref",1
"salesReps.yaml::POST /sales-reps","jsonapi.yaml::failure","operation_external_schema_ref",1
"salesReps.yaml::GET /sales-reps/{id}","core.yaml::filterOrganizationRequired","operation_external_schema_ref",1
"salesReps.yaml::GET /sales-reps/{id}","salesReps.yaml::SalesRepResponse","operation_internal_schema_ref",1
"salesReps.yaml::PATCH /sales-reps/{id}","core.yaml::filterOrganizationRequired","operation_external_schema_ref",1
"salesReps.yaml::PATCH /sales-reps/{id}","salesReps.yaml::SalesRepRequest","operation_internal_schema_ref",1
"salesReps.yaml::PATCH /sales-reps/{id}","salesReps.yaml::SalesRepResponse","operation_internal_schema_ref",1
"salesReps.yaml::PATCH /sales-reps/{id}","jsonapi.yaml::failure","operation_external_schema_ref",1
"salesReps.yaml::DELETE /sales-reps/{id}","jsonapi.yaml::failure","operation_external_schema_ref",1
"salesReps.yaml::GET /sales-reps/{id}/commissions/last-calculation-date","dataTypes.yaml::apiDate","operation_external_schema_ref",1
"salesReps.yaml::GET /sales-reps/{id}/kpis","core.yaml::KPIEntityListResponse","operation_external_schema_ref",1
"salesReps.yaml::GET /sales-reps/{id}/kpis/{kpiId}","core.yaml::KPIEntityResponse","operation_external_schema_ref",1
"salesReps.yaml::GET /sales-reps/{id}/tasks","core.yaml::filterOrganizationRequired","operation_external_schema_ref",1
"salesReps.yaml::GET /sales-reps/{id}/tasks","jsonapi.yaml::pageSize","operation_external_schema_ref",1
"salesReps.yaml::GET /sales-reps/{id}/tasks","jsonapi.yaml::pageNumber","operation_external_schema_ref",1
"salesReps.yaml::GET /sales-reps/{id}/tasks","jsonapi.yaml::include","operation_external_schema_ref",1
"salesReps.yaml::GET /sales-reps/{id}/tasks","jsonapi.yaml::acceptLanguage","operation_external_schema_ref",1
"salesReps.yaml::GET /sales-reps/{id}/tasks","core.yaml::PartyTaskListResponse","operation_external_schema_ref",1
"salesReps.yaml::GET /sales-reps/{id}/tasks","jsonapi.yaml::failure","operation_external_schema_ref",1
"salesReps.yaml::GET /sales-reps/{id}/targets","target.yaml::TargetValueListResponse","operation_external_schema_ref",1
"salesReps.yaml::GET /sales-reps/{id}/targets","jsonapi.yaml::failure","operation_external_schema_ref",1
"salesReps.yaml::GET /sales-reps/{id}/calendar-events","jsonapi.yaml::pageSize","operation_external_schema_ref",1
"salesReps.yaml::GET /sales-reps/{id}/calendar-events","jsonapi.yaml::pageNumber","operation_external_schema_ref",1
"salesReps.yaml::GET /sales-reps/{id}/calendar-events","jsonapi.yaml::sort","operation_external_schema_ref",1
"salesReps.yaml::GET /sales-reps/{id}/calendar-events","jsonapi.yaml::include","operation_external_schema_ref",1
"salesReps.yaml::GET /sales-reps/{id}/calendar-events","core.yaml::filterOrganizationRequired","operation_external_schema_ref",1
"salesReps.yaml::GET /sales-reps/{id}/calendar-events","jsonapi.yaml::acceptLanguage","operation_external_schema_ref",1
"salesReps.yaml::GET /sales-reps/{id}/calendar-events","tasks.yaml::CalendarEventListResponse","operation_external_schema_ref",1
"salesReps.yaml::GET /sales-reps/{id}/calendar-events","jsonapi.yaml::failure","operation_external_schema_ref",1
"communications.yaml::CommunicationType","communications.yaml::BodyContentType","internal_schema_ref",1
"communications.yaml::CommunicationType","communications.yaml::AudienceType","internal_schema_ref",1
"communications.yaml::CommunicationTypeListResponse","communications.yaml::CommunicationType","internal_schema_ref",1
"communications.yaml::CommunicationAction","communications.yaml::CommunicationActionType","internal_schema_ref",1
"communications.yaml::CommunicationActionResponse","communications.yaml::CommunicationAction","internal_schema_ref",1
"communications.yaml::Communication","communications.yaml::ProcessingStatus","external_schema_ref",1
"communications.yaml::Communication","communications.yaml::relToManyReadOnly","external_schema_ref",1
"communications.yaml::CommunicationListResponse","communications.yaml::Communication","internal_schema_ref",1
"communications.yaml::CommunicationListResponse","communications.yaml::PaginationMeta","external_schema_ref",1
"communications.yaml::CommunicationListResponse","communications.yaml::pagination","external_schema_ref",1
"communications.yaml::CommunicationListResponse","communications.yaml::CommunicationIncluded","internal_schema_ref",1
"communications.yaml::CommunicationResponse","communications.yaml::Communication","internal_schema_ref",1
"communications.yaml::CommunicationResponse","communications.yaml::CommunicationIncluded","internal_schema_ref",1
"communications.yaml::CommunicationLiteRequest","communications.yaml::CommunicationLite","internal_schema_ref",1
"communications.yaml::CommunicationUpdate","communications.yaml::CommunicationActionType","internal_schema_ref",1
"communications.yaml::CommunicationUpdateRequest","communications.yaml::CommunicationUpdate","internal_schema_ref",1
"communications.yaml::GET /communications","jsonapi.yaml::pageSize","operation_external_schema_ref",1
"communications.yaml::GET /communications","jsonapi.yaml::pageNumber","operation_external_schema_ref",1
"communications.yaml::GET /communications","jsonapi.yaml::sort","operation_external_schema_ref",1
"communications.yaml::GET /communications","jsonapi.yaml::include","operation_external_schema_ref",1
"communications.yaml::GET /communications","jsonapi.yaml::marketplace","operation_external_schema_ref",1
"communications.yaml::GET /communications","core.yaml::filterOrganizationRequired","operation_external_schema_ref",1
"communications.yaml::GET /communications","communications.yaml::CommunicationListResponse","operation_internal_schema_ref",1
"communications.yaml::GET /communications","jsonapi.yaml::failure","operation_external_schema_ref",1
"communications.yaml::POST /communications","communications.yaml::CommunicationLiteRequest","operation_internal_schema_ref",1
"communications.yaml::POST /communications","communications.yaml::CommunicationResponse","operation_internal_schema_ref",1
"communications.yaml::POST /communications","jsonapi.yaml::failure","operation_external_schema_ref",1
"communications.yaml::GET /communications/{id}","communications.yaml::CommunicationResponse","operation_internal_schema_ref",1
"communications.yaml::PATCH /communications/{id}","communications.yaml::CommunicationUpdateRequest","operation_internal_schema_ref",1
"communications.yaml::PATCH /communications/{id}","communications.yaml::CommunicationResponse","operation_internal_schema_ref",1
"communications.yaml::PATCH /communications/{id}","jsonapi.yaml::failure","operation_external_schema_ref",1
"communications.yaml::DELETE /communications/{id}","jsonapi.yaml::failure","operation_external_schema_ref",1
"communications.yaml::POST /communications/{id}/edit","communications.yaml::CommunicationResponse","operation_internal_schema_ref",1
"communications.yaml::POST /communications/{id}/edit","jsonapi.yaml::failure","operation_external_schema_ref",1
"communications.yaml::POST /communications/{id}/publish","communications.yaml::CommunicationResponse","operation_internal_schema_ref",1
"communications.yaml::POST /communications/{id}/publish","jsonapi.yaml::failure","operation_external_schema_ref",1
"communications.yaml::GET /communications/types","communications.yaml::CommunicationTypeListResponse","operation_internal_schema_ref",1
"communications.yaml::GET /communications/types","jsonapi.yaml::failure","operation_external_schema_ref",1
"communications.yaml::GET /communications/actions","communications.yaml::CommunicationActionResponse","operation_internal_schema_ref",1
"communications.yaml::GET /communications/actions","jsonapi.yaml::failure","operation_external_schema_ref",1
"salesDoc.yaml::SalesDocHeaderAttributes","salesDoc.yaml::Email","external_schema_ref",1
"salesDoc.yaml::SalesDocHeaderAttributes","salesDoc.yaml::apiDate","external_schema_ref",1
"salesDoc.yaml::SalesDocHeaderAttributes","salesDoc.yaml::FulfillmentStatus","external_schema_ref",1
"salesDoc.yaml::SalesDocHeaderAttributesWithDocHeader","salesDoc.yaml::SalesDocHeaderAttributes","internal_schema_ref",1
"salesDoc.yaml::SalesDocHeaderAttributesWithDocHeader","salesDoc.yaml::DocHeaderAttributes","external_schema_ref",1
"salesDoc.yaml::SalesDocHeaderAttributesWithDocHeaderLite","salesDoc.yaml::SalesDocHeaderAttributesLite","internal_schema_ref",1
"salesDoc.yaml::SalesDocHeaderAttributesWithDocHeaderLite","salesDoc.yaml::DocHeaderAttributesLite","external_schema_ref",1
"salesDoc.yaml::SalesDocHeaderAttributesLite","salesDoc.yaml::apiDate","external_schema_ref",1
"salesDoc.yaml::SalesDocHeaderAttributesLite","salesDoc.yaml::FulfillmentStatus","external_schema_ref",1
"salesDoc.yaml::SalesDocHeaderRelationships","salesDoc.yaml::relToMany","external_schema_ref",1
"salesDoc.yaml::SalesDocHeaderRelationships","salesDoc.yaml::relToManyReadOnly","external_schema_ref",1
"salesDoc.yaml::SalesDocHeader","salesDoc.yaml::SalesDocHeaderAttributesWithDocHeader","internal_schema_ref",1
"salesDoc.yaml::SalesDocHeader","salesDoc.yaml::DocHeaderRelationships","external_schema_ref",1
"salesDoc.yaml::SalesDocHeader","salesDoc.yaml::SalesDocHeaderRelationships","internal_schema_ref",1
"salesDoc.yaml::SalesDocHeaderLite","salesDoc.yaml::SalesDocHeaderAttributesWithDocHeaderLite","internal_schema_ref",1
"salesDoc.yaml::SalesDocHeaderRequest","salesDoc.yaml::SalesDocHeader","internal_schema_ref",1
"salesDoc.yaml::SalesDocHeaderResponse","salesDoc.yaml::SalesDocHeader","internal_schema_ref",1
"salesDoc.yaml::SalesDocHeaderResponse","salesDoc.yaml::SalesDocHeaderIncluded","internal_schema_ref",1
"salesDoc.yaml::SalesDocHeaderListResponse","salesDoc.yaml::SalesDocHeader","internal_schema_ref",1
"salesDoc.yaml::SalesDocHeaderListResponse","salesDoc.yaml::PaginationMeta","external_schema_ref",1
"salesDoc.yaml::SalesDocHeaderListResponse","salesDoc.yaml::pagination","external_schema_ref",1
"salesDoc.yaml::SalesDocHeaderListResponse","salesDoc.yaml::SalesDocHeaderIncluded","internal_schema_ref",1
"salesDoc.yaml::SalesDocHeaderLiteRequest","salesDoc.yaml::SalesDocHeaderLite","internal_schema_ref",1
"salesDoc.yaml::SalesDocHeaderTax","salesDoc.yaml::SimpleEntity","external_schema_ref",1
"salesDoc.yaml::SalesDocHeaderTax","salesDoc.yaml::relToOne","external_schema_ref",1
"salesDoc.yaml::SalesDocHeaderTaxResponse","salesDoc.yaml::SalesDocHeaderTax","internal_schema_ref",1
"salesDoc.yaml::SalesDocLineAttributes","salesDoc.yaml::DocLineStatus","external_schema_ref",1
"salesDoc.yaml::SalesDocLineAttributes","salesDoc.yaml::apiDate","external_schema_ref",1
"salesDoc.yaml::SalesDocLineAttributes","salesDoc.yaml::FulfillmentStatus","external_schema_ref",1
"salesDoc.yaml::SalesDocLineAttributes","salesDoc.yaml::AvailabilityLevelId","external_schema_ref",1
"salesDoc.yaml::SalesDocLineAttributes","salesDoc.yaml::Warnings","internal_schema_ref",1
"salesDoc.yaml::SalesDocLineRelationships","salesDoc.yaml::relToMany","external_schema_ref",1
"salesDoc.yaml::SalesDocLineRelationships","salesDoc.yaml::relToOneWithMeta","external_schema_ref",1
"salesDoc.yaml::SalesDocLine","salesDoc.yaml::SalesDocLineAttributes","internal_schema_ref",1
"salesDoc.yaml::SalesDocLine","salesDoc.yaml::SalesDocLineRelationships","internal_schema_ref",1
"salesDoc.yaml::SalesDocLineLite","salesDoc.yaml::SalesDocLineAttributesLite","internal_schema_ref",1
"salesDoc.yaml::SalesDocLineLiteRequest","salesDoc.yaml::SalesDocLineLite","internal_schema_ref",1
"salesDoc.yaml::UpsertSalesDocLineRequest","salesDoc.yaml::UpsertSalesDocLine","internal_schema_ref",1
"salesDoc.yaml::SalesDocLineResponse","salesDoc.yaml::SalesDocLine","internal_schema_ref",1
"salesDoc.yaml::SalesDocLineResponse","salesDoc.yaml::SalesDocLineIncluded","internal_schema_ref",1
"salesDoc.yaml::SalesDocLineListResponse","salesDoc.yaml::SalesDocLine","internal_schema_ref",1
"salesDoc.yaml::SalesDocLineListResponse","salesDoc.yaml::PaginationMeta","external_schema_ref",1
"salesDoc.yaml::SalesDocLineListResponse","salesDoc.yaml::pagination","external_schema_ref",1
"salesDoc.yaml::SalesDocLineListResponse","salesDoc.yaml::SalesDocLineIncluded","internal_schema_ref",1
"salesDoc.yaml::SalesDocLineWithHeader","salesDoc.yaml::SalesDocHeaderAttributesWithDocHeader","internal_schema_ref",1
"salesDoc.yaml::SalesDocLineWithHeader","salesDoc.yaml::SalesDocLineAttributes","internal_schema_ref",1
"salesDoc.yaml::SalesDocLineWithHeader","salesDoc.yaml::DocHeaderRelationships","external_schema_ref",1
"salesDoc.yaml::SalesDocLineWithHeader","salesDoc.yaml::SalesDocHeaderRelationships","internal_schema_ref",1
"salesDoc.yaml::SalesDocLineWithHeader","salesDoc.yaml::SalesDocLineRelationships","internal_schema_ref",1
"salesDoc.yaml::SalesDocLineWithHeaderListResponse","salesDoc.yaml::SalesDocLineWithHeader","internal_schema_ref",1
"salesDoc.yaml::SalesDocLineWithHeaderListResponse","salesDoc.yaml::PaginationMeta","external_schema_ref",1
"salesDoc.yaml::SalesDocLineWithHeaderListResponse","salesDoc.yaml::pagination","external_schema_ref",1
"salesDoc.yaml::SalesDocLineWithHeaderListResponse","salesDoc.yaml::SalesDocLineWithHeaderIncluded","internal_schema_ref",1
"salesDoc.yaml::SalesDocLineDiscount","salesDoc.yaml::relToOneWithMeta","external_schema_ref",1
"salesDoc.yaml::SalesDocLineDiscountIncluded","salesDoc.yaml::SalesDocLine","internal_schema_ref",1
"salesDoc.yaml::SalesDocLineDiscountsResponse","salesDoc.yaml::SalesDocLineDiscount","internal_schema_ref",1
"salesDoc.yaml::SalesDocLineDiscountsResponse","salesDoc.yaml::SalesDocLineDiscountIncluded","internal_schema_ref",1
"salesDoc.yaml::SalesDocDiscountTotalsResponse","salesDoc.yaml::SalesDocDiscountTotal","internal_schema_ref",1
"salesDoc.yaml::SalesDocHeaderCreationData","salesDoc.yaml::apiDate","external_schema_ref",1
"salesDoc.yaml::SalesDocHeaderCreationRequest","salesDoc.yaml::SalesDocHeaderCreationData","internal_schema_ref",1
"salesDoc.yaml::SalesDocLineItemInfoResponse","salesDoc.yaml::SalesDocLineItemInfo","internal_schema_ref",1
"salesDoc.yaml::SalesDocLineItemInfoResponse","salesDoc.yaml::SalesDocLineItemInfoIncluded","internal_schema_ref",1
"salesDoc.yaml::SalesDocLineItemInfo","salesDoc.yaml::SimpleEntity","external_schema_ref",1
"salesDoc.yaml::SalesDocLineItemInfo","salesDoc.yaml::AvailabilityLevelId","external_schema_ref",1
"salesDoc.yaml::SalesDocLineItemInfo","salesDoc.yaml::apiDate","external_schema_ref",1
"salesDoc.yaml::SalesDocLineItemInfo","salesDoc.yaml::relToOneWithMeta","external_schema_ref",1
"salesDoc.yaml::SalesDocHeaderUpdateData","salesDoc.yaml::FulfillmentStatus","external_schema_ref",1
"salesDoc.yaml::SalesDocHeaderUpdateData","salesDoc.yaml::apiDate","external_schema_ref",1
"salesDoc.yaml::SalesDocHeaderUpdateData","salesDoc.yaml::EntityAttributeValue","external_schema_ref",1
"salesDoc.yaml::SalesDocHeaderUpdateRequest","salesDoc.yaml::SalesDocHeaderUpdateData","internal_schema_ref",1
"salesDoc.yaml::EligibleSellToCustomerAccountListResponse","salesDoc.yaml::EligibleSellToCustomerAccount","internal_schema_ref",1
"salesDoc.yaml::EligibleSellToCustomerAccountListResponse","salesDoc.yaml::PaginationMeta","external_schema_ref",1
"salesDoc.yaml::BillToCustomerAccountResponse","salesDoc.yaml::BillToCustomerAccount","internal_schema_ref",1
"salesDoc.yaml::EligiblePriceListListResponse","salesDoc.yaml::SimpleEntity","external_schema_ref",1
"salesDoc.yaml::EligiblePriceListListResponse","salesDoc.yaml::PaginationMeta","external_schema_ref",1
"salesDoc.yaml::SalesDocLineCreationData","salesDoc.yaml::relToOne","external_schema_ref",1
"salesDoc.yaml::SalesDocLineCreationRequest","salesDoc.yaml::SalesDocLineCreationData","internal_schema_ref",1
"salesDoc.yaml::SalesDocLineUpdateData","salesDoc.yaml::apiDate","external_schema_ref",1
"salesDoc.yaml::SalesDocLineUpdateRequest","salesDoc.yaml::SalesDocLineUpdateData","internal_schema_ref",1
"salesDoc.yaml::EligibleItem","salesDoc.yaml::relToManyWithMeta","external_schema_ref",1
"salesDoc.yaml::EligibleItemIncluded","salesDoc.yaml::Item","external_schema_ref",1
"salesDoc.yaml::EligibleItemsListResponse","salesDoc.yaml::EligibleItem","internal_schema_ref",1
"salesDoc.yaml::EligibleItemsListResponse","salesDoc.yaml::PaginationMeta","external_schema_ref",1
"salesDoc.yaml::EligibleItemsListResponse","salesDoc.yaml::pagination","external_schema_ref",1
"salesDoc.yaml::EligibleItemsListResponse","salesDoc.yaml::EligibleItemIncluded","internal_schema_ref",1
"salesDoc.yaml::SalesDocWidgetListResponse","salesDoc.yaml::TallyWidget","external_schema_ref",1
"salesDoc.yaml::ExceededBudgetLimitsResponse","salesDoc.yaml::ExceededBudgetLimit","internal_schema_ref",1
"salesDoc.yaml::ExceededBudgetLimitsResponse","salesDoc.yaml::PaginationMeta","external_schema_ref",1
"salesDoc.yaml::ExceededBudgetLimitsResponse","salesDoc.yaml::pagination","external_schema_ref",1
"salesDoc.yaml::ExceededBudgetLimitsResponse","salesDoc.yaml::ExceededBudgetLimitsIncluded","internal_schema_ref",1
"salesDoc.yaml::SalesDocLineWarningsListResponse","salesDoc.yaml::SalesDocLineWarning","internal_schema_ref",1
"salesDoc.yaml::SalesDocLineWarningsListResponse","salesDoc.yaml::SalesDocLineWarningIncluded","internal_schema_ref",1
"salesDoc.yaml::SalesDocConstraintWarning","salesDoc.yaml::ConstraintType","internal_schema_ref",1
"salesDoc.yaml::SalesDocConstraintWarningsResponse","salesDoc.yaml::SalesDocConstraintWarning","internal_schema_ref",1
"salesDoc.yaml::ShippingCost","salesDoc.yaml::relToOne","external_schema_ref",1
"salesDoc.yaml::ShippingCostListResponse","salesDoc.yaml::ShippingCost","internal_schema_ref",1
"salesDoc.yaml::ShippingCostListResponse","salesDoc.yaml::PaginationMeta","external_schema_ref",1
"salesDoc.yaml::ShippingCostListResponse","salesDoc.yaml::pagination","external_schema_ref",1
"salesDoc.yaml::ShippingCostListResponse","salesDoc.yaml::ShippingCostIncluded","internal_schema_ref",1
"salesDoc.yaml::GET /sales-docs/headers/{id}/transfer-statuses","documents.yaml::DocTransferStatusListResponse","operation_external_schema_ref",1
"salesDoc.yaml::GET /sales-docs/headers/{id}/transfer-statuses","jsonapi.yaml::failure","operation_external_schema_ref",1
"salesDoc.yaml::PATCH /sales-docs/headers/{id}/transfer-statuses","documents.yaml::TransferStatusRequest","operation_external_schema_ref",1
"salesDoc.yaml::PATCH /sales-docs/headers/{id}/transfer-statuses","salesDoc.yaml::SalesDocHeaderResponse","operation_internal_schema_ref",1
"salesDoc.yaml::PATCH /sales-docs/headers/{id}/transfer-statuses","jsonapi.yaml::failure","operation_external_schema_ref",1
"salesDoc.yaml::GET /sales-docs/headers/{headerId}/lines/{lineId}","salesDoc.yaml::SalesDocLineResponse","operation_internal_schema_ref",1
"salesDoc.yaml::PATCH /sales-docs/headers/{headerId}/lines/{lineId}","salesDoc.yaml::SalesDocLineUpdateRequest","operation_internal_schema_ref",1
"salesDoc.yaml::PATCH /sales-docs/headers/{headerId}/lines/{lineId}","salesDoc.yaml::SalesDocLineResponse","operation_internal_schema_ref",1
"salesDoc.yaml::PATCH /sales-docs/headers/{headerId}/lines/{lineId}","jsonapi.yaml::failure","operation_external_schema_ref",1
"salesDoc.yaml::DELETE /sales-docs/headers/{headerId}/lines/{lineId}","jsonapi.yaml::failure","operation_external_schema_ref",1
"salesDoc.yaml::GET /sales-docs/headers/{headerId}/lines/{lineId}/item-info","salesDoc.yaml::SalesDocLineItemInfoResponse","operation_internal_schema_ref",1
"salesDoc.yaml::GET /sales-docs/headers/{headerId}/lines/{lineId}/item-info","jsonapi.yaml::failure","operation_external_schema_ref",1
"salesDoc.yaml::GET /sales-docs/headers/{headerId}/lines/{lineId}/discounts","salesDoc.yaml::SalesDocLineDiscountsResponse","operation_internal_schema_ref",1
"salesDoc.yaml::GET /sales-docs/headers/{headerId}/lines/{lineId}/discounts","jsonapi.yaml::failure","operation_external_schema_ref",1
"salesDoc.yaml::GET /sales-docs/headers/{id}/lines","jsonapi.yaml::pageSize","operation_external_schema_ref",1
"salesDoc.yaml::GET /sales-docs/headers/{id}/lines","jsonapi.yaml::pageNumber","operation_external_schema_ref",1
"salesDoc.yaml::GET /sales-docs/headers/{id}/lines","jsonapi.yaml::sort","operation_external_schema_ref",1
"salesDoc.yaml::GET /sales-docs/headers/{id}/lines","jsonapi.yaml::include","operation_external_schema_ref",1
"salesDoc.yaml::GET /sales-docs/headers/{id}/lines","jsonapi.yaml::marketplace","operation_external_schema_ref",1
"salesDoc.yaml::GET /sales-docs/headers/{id}/lines","salesDoc.yaml::SalesDocLineListResponse","operation_internal_schema_ref",1
"salesDoc.yaml::GET /sales-docs/headers/{id}/lines","jsonapi.yaml::failure","operation_external_schema_ref",1
"salesDoc.yaml::POST /sales-docs/headers/{id}/lines","salesDoc.yaml::SalesDocLineCreationRequest","operation_internal_schema_ref",1
"salesDoc.yaml::POST /sales-docs/headers/{id}/lines","salesDoc.yaml::SalesDocLineResponse","operation_internal_schema_ref",1
"salesDoc.yaml::POST /sales-docs/headers/{id}/lines","jsonapi.yaml::failure","operation_external_schema_ref",1
"salesDoc.yaml::POST /sales-docs/headers/{headerId}/lines/by-item-code","salesDoc.yaml::SalesDocLineResponse","operation_internal_schema_ref",1
"salesDoc.yaml::POST /sales-docs/headers/{headerId}/lines/by-item-code","jsonapi.yaml::failure","operation_external_schema_ref",1
"salesDoc.yaml::GET /sales-docs/headers/{headerId}/linked-docs","documents.yaml::DocHeaderLiteListResponse","operation_external_schema_ref",1
"salesDoc.yaml::GET /sales-docs/headers/{headerId}/linked-docs","jsonapi.yaml::failure","operation_external_schema_ref",1
"salesDoc.yaml::POST /sales-docs/headers/{id}/release","jsonapi.yaml::failure","operation_external_schema_ref",1
"salesDoc.yaml::POST /sales-docs/headers/{id}/publish","salesDoc.yaml::SalesDocHeaderResponse","operation_internal_schema_ref",1
"salesDoc.yaml::POST /sales-docs/headers/{id}/publish","jsonapi.yaml::failure","operation_external_schema_ref",1
"salesDoc.yaml::GET /sales-docs/headers/{id}","jsonapi.yaml::marketplace","operation_external_schema_ref",1
"salesDoc.yaml::GET /sales-docs/headers/{id}","salesDoc.yaml::SalesDocHeaderResponse","operation_internal_schema_ref",1
"salesDoc.yaml::PATCH /sales-docs/headers/{id}","salesDoc.yaml::SalesDocHeaderUpdateRequest","operation_internal_schema_ref",1
"salesDoc.yaml::PATCH /sales-docs/headers/{id}","salesDoc.yaml::SalesDocHeaderResponse","operation_internal_schema_ref",1
"salesDoc.yaml::PATCH /sales-docs/headers/{id}","jsonapi.yaml::failure","operation_external_schema_ref",1
"salesDoc.yaml::DELETE /sales-docs/headers/{id}","jsonapi.yaml::failure","operation_external_schema_ref",1
"salesDoc.yaml::PATCH /sales-docs/headers/{id}/bulk-deletion","jsonapi.yaml::acceptLanguage","operation_external_schema_ref",1
"salesDoc.yaml::PATCH /sales-docs/headers/{id}/bulk-deletion","jsonapi.yaml::failure","operation_external_schema_ref",1
"salesDoc.yaml::GET /sales-docs/headers/{id}/exceeded-budget-limits","jsonapi.yaml::include","operation_external_schema_ref",1
"salesDoc.yaml::GET /sales-docs/headers/{id}/exceeded-budget-limits","jsonapi.yaml::acceptLanguage","operation_external_schema_ref",1
"salesDoc.yaml::GET /sales-docs/headers/{id}/exceeded-budget-limits","salesDoc.yaml::ExceededBudgetLimitsResponse","operation_internal_schema_ref",1
"salesDoc.yaml::GET /sales-docs/headers/{id}/exceeded-budget-limits","jsonapi.yaml::failure","operation_external_schema_ref",1
"salesDoc.yaml::GET /sales-docs/headers","jsonapi.yaml::pageSize","operation_external_schema_ref",1
"salesDoc.yaml::GET /sales-docs/headers","jsonapi.yaml::pageNumber","operation_external_schema_ref",1
"salesDoc.yaml::GET /sales-docs/headers","jsonapi.yaml::sort","operation_external_schema_ref",1
"salesDoc.yaml::GET /sales-docs/headers","jsonapi.yaml::include","operation_external_schema_ref",1
"salesDoc.yaml::GET /sales-docs/headers","core.yaml::filterOrganizationRequired","operation_external_schema_ref",1
"salesDoc.yaml::GET /sales-docs/headers","documents.yaml::filterDocCategoryRequired","operation_external_schema_ref",1
"salesDoc.yaml::GET /sales-docs/headers","jsonapi.yaml::marketplace","operation_external_schema_ref",1
"salesDoc.yaml::GET /sales-docs/headers","salesDoc.yaml::SalesDocHeaderListResponse","operation_internal_schema_ref",1
"salesDoc.yaml::GET /sales-docs/headers","jsonapi.yaml::failure","operation_external_schema_ref",1
"salesDoc.yaml::POST /sales-docs/headers","jsonapi.yaml::marketplace","operation_external_schema_ref",1
"salesDoc.yaml::POST /sales-docs/headers","salesDoc.yaml::SalesDocHeaderCreationRequest","operation_internal_schema_ref",1
"salesDoc.yaml::POST /sales-docs/headers","salesDoc.yaml::SalesDocHeaderResponse","operation_internal_schema_ref",1
"salesDoc.yaml::POST /sales-docs/headers","jsonapi.yaml::failure","operation_external_schema_ref",1
"salesDoc.yaml::POST /sales-docs/headers-export","jsonapi.yaml::sort","operation_external_schema_ref",1
"salesDoc.yaml::POST /sales-docs/headers-export","jsonapi.yaml::include","operation_external_schema_ref",1
"salesDoc.yaml::POST /sales-docs/headers-export","jsonapi.yaml::acceptLanguage","operation_external_schema_ref",1
"salesDoc.yaml::POST /sales-docs/headers-export","core.yaml::utcOffset","operation_external_schema_ref",1
"salesDoc.yaml::POST /sales-docs/headers-export","core.yaml::filterOrganizationRequired","operation_external_schema_ref",1
"salesDoc.yaml::POST /sales-docs/headers-export","documents.yaml::filterDocCategoryRequired","operation_external_schema_ref",1
"salesDoc.yaml::POST /sales-docs/headers-export","jsonapi.yaml::info","operation_external_schema_ref",1
"salesDoc.yaml::POST /sales-docs/headers-export","jsonapi.yaml::failure","operation_external_schema_ref",1
"salesDoc.yaml::POST /sales-docs/headers/{id}/edit","salesDoc.yaml::SalesDocHeaderResponse","operation_internal_schema_ref",1
"salesDoc.yaml::POST /sales-docs/headers/{id}/edit","jsonapi.yaml::failure","operation_external_schema_ref",1
"salesDoc.yaml::GET /sales-docs/lines","jsonapi.yaml::pageSize","operation_external_schema_ref",1
"salesDoc.yaml::GET /sales-docs/lines","jsonapi.yaml::pageNumber","operation_external_schema_ref",1
"salesDoc.yaml::GET /sales-docs/lines","jsonapi.yaml::sort","operation_external_schema_ref",1
"salesDoc.yaml::GET /sales-docs/lines","jsonapi.yaml::include","operation_external_schema_ref",1
"salesDoc.yaml::GET /sales-docs/lines","core.yaml::filterOrganizationRequired","operation_external_schema_ref",1
"salesDoc.yaml::GET /sales-docs/lines","documents.yaml::filterDocCategoryRequired","operation_external_schema_ref",1
"salesDoc.yaml::GET /sales-docs/lines","jsonapi.yaml::acceptLanguage","operation_external_schema_ref",1
"salesDoc.yaml::GET /sales-docs/lines","salesDoc.yaml::SalesDocLineWithHeaderListResponse","operation_internal_schema_ref",1
"salesDoc.yaml::GET /sales-docs/lines","jsonapi.yaml::failure","operation_external_schema_ref",1
"salesDoc.yaml::POST /sales-docs/lines","jsonapi.yaml::sort","operation_external_schema_ref",1
"salesDoc.yaml::POST /sales-docs/lines","jsonapi.yaml::include","operation_external_schema_ref",1
"salesDoc.yaml::POST /sales-docs/lines","jsonapi.yaml::acceptLanguage","operation_external_schema_ref",1
"salesDoc.yaml::POST /sales-docs/lines","core.yaml::utcOffset","operation_external_schema_ref",1
"salesDoc.yaml::POST /sales-docs/lines","core.yaml::filterOrganizationRequired","operation_external_schema_ref",1
"salesDoc.yaml::POST /sales-docs/lines","documents.yaml::filterDocCategoryRequired","operation_external_schema_ref",1
"salesDoc.yaml::POST /sales-docs/lines","jsonapi.yaml::info","operation_external_schema_ref",1
"salesDoc.yaml::POST /sales-docs/lines","jsonapi.yaml::failure","operation_external_schema_ref",1
"salesDoc.yaml::GET /sales-docs/headers/{id}/discounts-summary","jsonapi.yaml::sort","operation_external_schema_ref",1
"salesDoc.yaml::GET /sales-docs/headers/{id}/discounts-summary","jsonapi.yaml::include","operation_external_schema_ref",1
"salesDoc.yaml::GET /sales-docs/headers/{id}/discounts-summary","salesDoc.yaml::SalesDocDiscountTotalsResponse","operation_internal_schema_ref",1
"salesDoc.yaml::GET /sales-docs/headers/{id}/discounts-summary","jsonapi.yaml::failure","operation_external_schema_ref",1
"salesDoc.yaml::POST /sales-docs/headers/{id}/reports","core.yaml::ReportQueueEntryRequest","operation_external_schema_ref",1
"salesDoc.yaml::POST /sales-docs/headers/{id}/reports","core.yaml::ReportQueueEntryResponse","operation_external_schema_ref",1
"salesDoc.yaml::POST /sales-docs/headers/{id}/reports","jsonapi.yaml::failure","operation_external_schema_ref",1
"salesDoc.yaml::GET /sales-docs/headers/{id}/reports/templates","jsonapi.yaml::include","operation_external_schema_ref",1
"salesDoc.yaml::GET /sales-docs/headers/{id}/reports/templates","core.yaml::filterOrganizationRequired","operation_external_schema_ref",1
"salesDoc.yaml::GET /sales-docs/headers/{id}/reports/templates","core.yaml::ReportTemplateEntityListResponse","operation_external_schema_ref",1
"salesDoc.yaml::GET /sales-docs/headers/{id}/reports/templates","jsonapi.yaml::failure","operation_external_schema_ref",1
"salesDoc.yaml::GET /sales-docs/customer-accounts/sell-to","core.yaml::filterOrganizationRequired","operation_external_schema_ref",1
"salesDoc.yaml::GET /sales-docs/customer-accounts/sell-to","jsonapi.yaml::pageSize","operation_external_schema_ref",1
"salesDoc.yaml::GET /sales-docs/customer-accounts/sell-to","jsonapi.yaml::pageNumber","operation_external_schema_ref",1
"salesDoc.yaml::GET /sales-docs/customer-accounts/sell-to","jsonapi.yaml::acceptLanguage","operation_external_schema_ref",1
"salesDoc.yaml::GET /sales-docs/customer-accounts/sell-to","jsonapi.yaml::marketplace","operation_external_schema_ref",1
"salesDoc.yaml::GET /sales-docs/customer-accounts/sell-to","salesDoc.yaml::EligibleSellToCustomerAccountListResponse","operation_internal_schema_ref",1
"salesDoc.yaml::GET /sales-docs/customer-accounts/sell-to","jsonapi.yaml::failure","operation_external_schema_ref",1
"salesDoc.yaml::GET /sales-docs/customer-accounts/{customerAccountId}/bill-to","salesDoc.yaml::BillToCustomerAccountResponse","operation_internal_schema_ref",1
"salesDoc.yaml::POST /sales-docs/{id}/reorder","jsonapi.yaml::info","operation_external_schema_ref",1
"salesDoc.yaml::POST /sales-docs/{id}/reorder","jsonapi.yaml::failure","operation_external_schema_ref",1
"salesDoc.yaml::GET /sales-docs/doc-types","core.yaml::filterOrganizationRequired","operation_external_schema_ref",1
"salesDoc.yaml::GET /sales-docs/doc-types","jsonapi.yaml::pageSize","operation_external_schema_ref",1
"salesDoc.yaml::GET /sales-docs/doc-types","jsonapi.yaml::pageNumber","operation_external_schema_ref",1
"salesDoc.yaml::GET /sales-docs/doc-types","jsonapi.yaml::include","operation_external_schema_ref",1
"salesDoc.yaml::GET /sales-docs/doc-types","jsonapi.yaml::acceptLanguage","operation_external_schema_ref",1
"salesDoc.yaml::GET /sales-docs/doc-types","jsonapi.yaml::marketplace","operation_external_schema_ref",1
"salesDoc.yaml::GET /sales-docs/doc-types","documents.yaml::DocTypeListResponse","operation_external_schema_ref",1
"salesDoc.yaml::GET /sales-docs/doc-types","jsonapi.yaml::failure","operation_external_schema_ref",1
"salesDoc.yaml::GET /sales-docs/price-lists","core.yaml::filterOrganizationRequired","operation_external_schema_ref",1
"salesDoc.yaml::GET /sales-docs/price-lists","jsonapi.yaml::pageSize","operation_external_schema_ref",1
"salesDoc.yaml::GET /sales-docs/price-lists","jsonapi.yaml::pageNumber","operation_external_schema_ref",1
"salesDoc.yaml::GET /sales-docs/price-lists","jsonapi.yaml::acceptLanguage","operation_external_schema_ref",1
"salesDoc.yaml::GET /sales-docs/price-lists","jsonapi.yaml::marketplace","operation_external_schema_ref",1
"salesDoc.yaml::GET /sales-docs/price-lists","salesDoc.yaml::EligiblePriceListListResponse","operation_internal_schema_ref",1
"salesDoc.yaml::GET /sales-docs/price-lists","jsonapi.yaml::failure","operation_external_schema_ref",1
"salesDoc.yaml::GET /sales-docs/sheets","core.yaml::filterOrganizationRequired","operation_external_schema_ref",1
"salesDoc.yaml::GET /sales-docs/sheets","jsonapi.yaml::acceptLanguage","operation_external_schema_ref",1
"salesDoc.yaml::GET /sales-docs/sheets","jsonapi.yaml::marketplace","operation_external_schema_ref",1
"salesDoc.yaml::GET /sales-docs/sheets","entityAttributes.yaml::EntitySheetListResponse","operation_external_schema_ref",1
"salesDoc.yaml::GET /sales-docs/sheets","jsonapi.yaml::failure","operation_external_schema_ref",1
"salesDoc.yaml::GET /sales-docs/headers/{id}/items","jsonapi.yaml::pageSize","operation_external_schema_ref",1
"salesDoc.yaml::GET /sales-docs/headers/{id}/items","jsonapi.yaml::pageNumber","operation_external_schema_ref",1
"salesDoc.yaml::GET /sales-docs/headers/{id}/items","jsonapi.yaml::sort","operation_external_schema_ref",1
"salesDoc.yaml::GET /sales-docs/headers/{id}/items","jsonapi.yaml::include","operation_external_schema_ref",1
"salesDoc.yaml::GET /sales-docs/headers/{id}/items","jsonapi.yaml::acceptLanguage","operation_external_schema_ref",1
"salesDoc.yaml::GET /sales-docs/headers/{id}/items","salesDoc.yaml::EligibleItemsListResponse","operation_internal_schema_ref",1
"salesDoc.yaml::GET /sales-docs/headers/{id}/items","jsonapi.yaml::failure","operation_external_schema_ref",1
"salesDoc.yaml::GET /sales-docs/headers/{headerId}/recipients","jsonapi.yaml::sort","operation_external_schema_ref",1
"salesDoc.yaml::GET /sales-docs/headers/{headerId}/recipients","jsonapi.yaml::acceptLanguage","operation_external_schema_ref",1
"salesDoc.yaml::GET /sales-docs/headers/{headerId}/recipients","documents.yaml::DocEmailRecipientListResponse","operation_external_schema_ref",1
"salesDoc.yaml::GET /sales-docs/headers/{headerId}/recipients","jsonapi.yaml::failure","operation_external_schema_ref",1
"salesDoc.yaml::GET /sales-docs/widgets","jsonapi.yaml::marketplaceRequired","operation_external_schema_ref",1
"salesDoc.yaml::GET /sales-docs/widgets","jsonapi.yaml::acceptLanguage","operation_external_schema_ref",1
"salesDoc.yaml::GET /sales-docs/widgets","salesDoc.yaml::SalesDocWidgetListResponse","operation_internal_schema_ref",1
"salesDoc.yaml::GET /sales-docs/widgets","jsonapi.yaml::failure","operation_external_schema_ref",1
"salesDoc.yaml::GET /sales-docs/headers/{headerId}/lines/{lineId}/warnings","salesDoc.yaml::SalesDocLineWarningsListResponse","operation_internal_schema_ref",1
"salesDoc.yaml::GET /sales-docs/headers/{headerId}/lines/{lineId}/warnings","jsonapi.yaml::failure","operation_external_schema_ref",1
"salesDoc.yaml::GET /sales-docs/headers/{id}/constraints-check","salesDoc.yaml::SalesDocConstraintWarningsResponse","operation_internal_schema_ref",1
"salesDoc.yaml::GET /shipping-costs","jsonapi.yaml::pageSize","operation_external_schema_ref",1
"salesDoc.yaml::GET /shipping-costs","jsonapi.yaml::pageNumber","operation_external_schema_ref",1
"salesDoc.yaml::GET /shipping-costs","jsonapi.yaml::sort","operation_external_schema_ref",1
"salesDoc.yaml::GET /shipping-costs","jsonapi.yaml::include","operation_external_schema_ref",1
"salesDoc.yaml::GET /shipping-costs","core.yaml::filterOrganizationRequired","operation_external_schema_ref",1
"salesDoc.yaml::GET /shipping-costs","jsonapi.yaml::acceptLanguage","operation_external_schema_ref",1
"salesDoc.yaml::GET /shipping-costs","salesDoc.yaml::ShippingCostListResponse","operation_internal_schema_ref",1
"salesDoc.yaml::GET /shipping-costs","jsonapi.yaml::failure","operation_external_schema_ref",1
"salesDoc.yaml::GET /sales-docs/{id}/draft-ownership","jsonapi.yaml::failure","operation_external_schema_ref",1
"salesDoc.yaml::PATCH /sales-docs/{id}/draft-ownership","jsonapi.yaml::marketplace","operation_external_schema_ref",1
"salesDoc.yaml::PATCH /sales-docs/{id}/draft-ownership","core.yaml::ChangeDraftEntityOwnershipRequest","operation_external_schema_ref",1
"salesDoc.yaml::PATCH /sales-docs/{id}/draft-ownership","jsonapi.yaml::failure","operation_external_schema_ref",1
"salesDoc.yaml::POST /sales-docs/headers/{id}/lines/upsert","salesDoc.yaml::UpsertSalesDocLineRequest","operation_internal_schema_ref",1
"salesDoc.yaml::POST /sales-docs/headers/{id}/lines/upsert","salesDoc.yaml::UpsertSalesDocLineResponse","operation_internal_schema_ref",1
"salesDoc.yaml::POST /sales-docs/headers/{id}/lines/upsert","jsonapi.yaml::failure","operation_external_schema_ref",1
"recurrences.yaml::Recurrence","recurrences.yaml::SimpleEntity","external_schema_ref",1
"recurrences.yaml::Recurrence","recurrences.yaml::RecurrenceType","external_schema_ref",1
"recurrences.yaml::Recurrence","recurrences.yaml::relToOne","external_schema_ref",1
"recurrences.yaml::RecurrenceIncluded","recurrences.yaml::Organization","external_schema_ref",1
"recurrences.yaml::RecurrenceListResponse","recurrences.yaml::Recurrence","internal_schema_ref",1
"recurrences.yaml::RecurrenceListResponse","recurrences.yaml::PaginationMeta","external_schema_ref",1
"recurrences.yaml::RecurrenceListResponse","recurrences.yaml::pagination","external_schema_ref",1
"recurrences.yaml::RecurrenceListResponse","recurrences.yaml::RecurrenceIncluded","internal_schema_ref",1
"recurrences.yaml::RecurrenceResponse","recurrences.yaml::Recurrence","internal_schema_ref",1
"recurrences.yaml::RecurrenceResponse","recurrences.yaml::RecurrenceIncluded","internal_schema_ref",1
"recurrences.yaml::GET /recurrence-values","jsonapi.yaml::pageSize","operation_external_schema_ref",1
"recurrences.yaml::GET /recurrence-values","jsonapi.yaml::pageNumber","operation_external_schema_ref",1
"recurrences.yaml::GET /recurrence-values","jsonapi.yaml::sort","operation_external_schema_ref",1
"recurrences.yaml::GET /recurrence-values","jsonapi.yaml::include","operation_external_schema_ref",1
"recurrences.yaml::GET /recurrence-values","core.yaml::filterOrganizationRequired","operation_external_schema_ref",1
"recurrences.yaml::GET /recurrence-values","jsonapi.yaml::acceptLanguage","operation_external_schema_ref",1
"recurrences.yaml::GET /recurrence-values","recurrences.yaml::RecurrenceListResponse","operation_internal_schema_ref",1
"recurrences.yaml::GET /recurrence-values","jsonapi.yaml::failure","operation_external_schema_ref",1
"recurrences.yaml::GET /recurrence-values/{id}","recurrences.yaml::RecurrenceResponse","operation_internal_schema_ref",1
