node,outDegree,inDegree,total
"core.yaml",438,619,1057
"jsonapi.yaml",2,3005,3007
"items.yaml",426,63,489
"salesDoc.yaml",279,33,312
"surveyDoc.yaml",153,25,178
"purchaseDoc.yaml",197,28,225
"hierarchies.yaml",133,19,152
"customers.yaml",172,28,200
"tasks.yaml",116,22,138
"accessControl.yaml",116,22,138
"clusters.yaml",122,18,140
"commissions.yaml",116,12,128
"documents.yaml",132,160,292
"warehouseDoc.yaml",151,21,172
"entityAttributes.yaml",100,41,141
"openapi.yaml",576,0,576
"discountlists.yaml",78,10,88
"target.yaml",64,10,74
"pricelists.yaml",70,10,80
"inventoryDoc.yaml",69,7,76
"collectionDoc.yaml",63,8,71
"authWorkflows.yaml",59,7,66
"tickets.yaml",49,4,53
"workSessions.yaml",61,9,70
"digitalContents.yaml",44,8,52
"messages.yaml",47,8,55
"payments.yaml",52,8,60
"salesReps.yaml",62,9,71
"checkpoints.yaml",46,9,55
"suppliers.yaml",58,8,66
"cashDepositDoc.yaml",51,7,58
"priceCondition.yaml",47,8,55
"budgets.yaml",44,8,52
"devices.yaml",38,7,45
"communications.yaml",29,6,35
"customerContracts.yaml",38,5,43
"greyMarketSurvey.yaml",33,4,37
"plants.yaml",30,5,35
"certificates.yaml",28,4,32
"stats.yaml",19,4,23
"customers.yaml::CustomerAccountAttributes",20,3,23
"customers.yaml::SimpleEntity",0,16,16
"salesDoc.yaml::SalesDocHeaderAttributes",18,1,19
"salesDoc.yaml::SimpleEntity",0,32,32
"customerContacts.yaml",16,3,19
"ontag/sourcing.yaml",0,13,13
"items.yaml::ItemRelationships",18,4,22
"items.yaml::relToOne",0,37,37
"dataTypes.yaml",0,163,163
"entitySets.yaml",11,2,13
"vehicles.yaml",12,2,14
"salesDoc.yaml::SalesDocLineAttributes",16,2,18
"comments.yaml",12,2,14
"recurrences.yaml",16,2,18
"items.yaml::ItemAttributes",17,4,21
"items.yaml::SimpleEntity",0,18,18
"salesDoc.yaml::SalesDocHeaderUpdateData",13,1,14
"salesDoc.yaml::relToOne",0,34,34
"workSessions.yaml::WorkSession",17,3,20
"workSessions.yaml::relToOneReadOnly",0,10,10
"core.yaml::WarehouseJournalEntry",12,1,13
"core.yaml::relToOneWithMeta",0,21,21
"b2b/marketplaces.yaml",0,8,8
"customers.yaml::CustomerAccountRelationships",11,1,12
"customers.yaml::relToOne",0,18,18
"priceCondition.yaml::PriceSearch",10,1,11
"priceCondition.yaml::SearchKey",0,8,8
"priceCondition.yaml::PriceCondition",16,3,19
"priceCondition.yaml::SearchKeyValue",0,8,8
"purchaseDoc.yaml::GET /purchase-docs/reading/headers/{headerId}/aggregated-data",11,0,11
"documents.yaml::UNDEFINED_SCHEMA",0,25,25
"warehouseDoc.yaml::GET /warehouse-docs/reading/headers/{headerId}/aggregated-data",11,0,11
"businessHours.yaml::BusinessHours",8,1,9
"businessHours.yaml::DaySchedule",1,7,8
"commissions.yaml::SalesDocLineCommission",7,1,8
"commissions.yaml::relToOne",0,15,15
"items.yaml::WarehouseItemEntryRelationships",11,1,12
"items.yaml::relToOneWithMeta",0,24,24
"purchaseDoc.yaml::PurchaseDocReading",11,1,12
"purchaseDoc.yaml::relToOne",0,15,15
"salesDoc.yaml::SalesDocHeaderCreationData",8,1,9
"notifications.yaml",11,2,13
"commissions.yaml::CommissionSession",14,2,16
"core.yaml::GET /roles",8,0,8
"jsonapi.yaml::UNDEFINED_SCHEMA",0,993,993
"core.yaml::GET /languages",8,0,8
"core.yaml::GET /countries",8,0,8
"core.yaml::GET /warehouses",9,0,9
"core.yaml::GET /taxes/tax-regimes",8,0,8
"customers.yaml::GET /customer-accounts",10,0,10
"documents.yaml::GET /doc-types",8,0,8
"items.yaml::GET /nutrition-facts",8,0,8
"plants.yaml::PlantDetailRelationships",6,1,7
"plants.yaml::relToOneWithMeta",0,6,6
"salesDoc.yaml::SalesDocLineRelationships",8,2,10
"tickets.yaml::Ticket",10,2,12
"tickets.yaml::relToOne",0,9,9
"vehicles.yaml::GET /vehicles",8,0,8
"warehouseDoc.yaml::WarehouseDocReading",10,1,11
"warehouseDoc.yaml::relToOne",0,7,7
"identities.yaml",7,4,11
"b2b/catalog.yaml",0,5,5
"widgets.yaml",5,5,10
"accessControl.yaml::AccessJournalEntryRelationships",11,1,12
"accessControl.yaml::relToOneWithMetaReadOnly",0,5,5
"authWorkflows.yaml::GET /auth-workflows",8,0,8
"authWorkflows.yaml::GET /auth-workflows/auth-steps",7,0,7
"budgets.yaml::Budget",15,3,18
"budgets.yaml::relToOne",0,5,5
"budgets.yaml::GET /budgets",8,0,8
"cashDepositDoc.yaml::GET /cash-deposit-docs/headers",8,0,8
"certificates.yaml::GET /certificate-types",8,0,8
"certificates.yaml::GET /certificates",8,0,8
"checkpoints.yaml::GET /checkpoints",7,0,7
"clusters.yaml::CustomerItemSelection",6,3,9
"clusters.yaml::relToOne",0,14,14
"clusters.yaml::EligibleItemForClusterValue",8,2,10
"clusters.yaml::SimpleEntity",0,8,8
"clusters.yaml::GET /clusters/{id}/items",7,0,7
"clusters.yaml::GET /clusters/{id}/customer-accounts",7,0,7
"collectionDoc.yaml::CollectionDocLedgerEntry",7,1,8
"collectionDoc.yaml::relToOne",0,10,10
"collectionDoc.yaml::GET /collection-docs/headers",8,0,8
"commissions.yaml::GET /commission-sessions",8,0,8
"commissions.yaml::GET /commission-sessions/{id}/cut-off",7,0,7
"commissions.yaml::GET /commission-sessions/{id}/sales-doc-lines",7,0,7
"communications.yaml::GET /communications",8,0,8
"core.yaml::GET /user-profiles/{id}/permissions",7,0,7
"core.yaml::GET /user-registration-requests",7,0,7
"core.yaml::GET /apps",7,0,7
"core.yaml::GET /apps/{id}/custom-views",8,0,8
"core.yaml::GET /roles/{id}/permissions",7,0,7
"core.yaml::GET /currencies",7,0,7
"core.yaml::GET /units-of-measurement",7,0,7
"core.yaml::GET /tags",7,0,7
"core.yaml::GET /note-types",7,0,7
"core.yaml::GET /warehouse-journal-entries",8,0,8
"core.yaml::GET /permissions",7,0,7
"core.yaml::GET /entities/{entityName}/{entityObjectId}/app-events",7,0,7
"core.yaml::GET /sales-points",8,0,8
"core.yaml::GET /sales-points/{id}/warehouses",7,0,7
"core.yaml::GET /sales-departments",8,0,8
"customerContracts.yaml::GET /customer-contracts",8,0,8
"customerContracts.yaml::GET /customer-contracts/assets",8,0,8
"customers.yaml::CustomerAccountRelationshipsLite",5,1,6
"customers.yaml::GET /customers",7,0,7
"customers.yaml::GET /customers/{id}/calendar-events",8,0,8
"devices.yaml::GET /devices/{id}/apps",7,0,7
"devices.yaml::GET /devices",7,0,7
"digitalContents.yaml::GET /contents/categories",7,0,7
"discountlists.yaml::CustomerDiscountList",9,3,12
"discountlists.yaml::relToOne",0,11,11
"discountlists.yaml::GET /discount-lists",7,0,7
"discountlists.yaml::GET /discount-lists/{discountListId}/details",7,0,7
"documents.yaml::DocHeaderAttributes",13,1,14
"documents.yaml::SimpleEntityReadOnly",0,7,7
"documents.yaml::GET /doc-categories",7,0,7
"documents.yaml::GET /reasons/{reasonId}/blocks",7,0,7
"documents.yaml::GET /reasons",8,0,8
"entityAttributes.yaml::GET /sheets",7,0,7
"entitySets.yaml::GET /entity-sets",7,0,7
"hierarchies.yaml::GET /hierarchies",7,0,7
"hierarchies.yaml::GET /hierarchies/{hierarchyId}/hierarchy-nodes/{nodeId}/children",7,0,7
"hierarchies.yaml::GET /hierarchies/{hierarchyId}/hierarchy-nodes/{nodeId}/hierarchy-node-user-profiles",7,0,7
"hierarchies.yaml::GET /hierarchies/{hierarchyId}/hierarchy-nodes/{nodeId}/customer-accounts",7,0,7
"hierarchies.yaml::GET /hierarchies/nodes",8,0,8
"items.yaml::FullItem",9,1,10
"items.yaml::relToMany",0,8,8
"items.yaml::GET /items",10,0,10
"items.yaml::GET /item-statuses",7,0,7
"items.yaml::GET /item-instances/{id}/line-instances",7,0,7
"items.yaml::GET /item-instances/availability",8,0,8
"items.yaml::GET /items/{itemId}/nutrition-facts",6,0,6
"items.yaml::GET /items/{originalItemId}/relations/{relationTypeId}",9,0,9
"messages.yaml::GET /messages/incoming",7,0,7
"messages.yaml::GET /messages/recipients",7,0,7
"messages.yaml::GET /messages/sent",7,0,7
"payments.yaml::GET /payment-conditions",7,0,7
"payments.yaml::GET /payment-conditions/{paymentConditionId}/instalments",7,0,7
"payments.yaml::GET /payment-methods",8,0,8
"plants.yaml::GET /plants",8,0,8
"plants.yaml::GET /plants/{id}/details",7,0,7
"priceCondition.yaml::GET /price-conditions",7,0,7
"pricelists.yaml::PriceListParty",7,3,10
"pricelists.yaml::relToOne",0,12,12
"pricelists.yaml::GET /price-lists",8,0,8
"purchaseDoc.yaml::GET /purchase-docs/lines",9,0,9
"recurrences.yaml::GET /recurrence-values",8,0,8
"salesDoc.yaml::ExceededBudgetLimit",5,1,6
"salesDoc.yaml::relToOneWithMeta",0,14,14
"salesDoc.yaml::GET /sales-docs/headers/{id}/lines",7,0,7
"salesDoc.yaml::GET /sales-docs/headers",9,0,9
"salesDoc.yaml::GET /sales-docs/lines",9,0,9
"salesDoc.yaml::GET /sales-docs/doc-types",8,0,8
"salesDoc.yaml::GET /sales-docs/headers/{id}/items",7,0,7
"salesDoc.yaml::GET /shipping-costs",8,0,8
"salesReps.yaml::SalesRep",10,3,13
"salesReps.yaml::relToOneWithMeta",0,5,5
"salesReps.yaml::GET /sales-reps",9,0,9
"salesReps.yaml::GET /sales-reps/{id}/calendar-events",8,0,8
"suppliers.yaml::GET /suppliers",9,0,9
"suppliers.yaml::POST /suppliers/export",9,0,9
"core.yaml::UNDEFINED_SCHEMA",0,179,179
"surveyDoc.yaml::GET /survey-docs/templates/{templateId}/template-sections",7,0,7
"surveyDoc.yaml::GET /survey-docs/attachments",8,0,8
"surveyDoc.yaml::GET /survey-docs/templates/{templateId}/clusters",7,0,7
"target.yaml::Target",12,3,15
"target.yaml::relToOneWithMeta",0,10,10
"target.yaml::TargetValue",8,3,11
"tasks.yaml::GET /tasks",8,0,8
"tasks.yaml::GET /tasks/outcomes",7,0,7
"tasks.yaml::GET /tasks/types",7,0,7
"tasks.yaml::GET /tasks/{id}/actions",7,0,7
"tasks.yaml::GET /calendars",7,0,7
"tickets.yaml::GET /tickets",8,0,8
"tickets.yaml::GET /tickets/types",8,0,8
"tickets.yaml::GET /tickets/reasons",8,0,8
"workSessions.yaml::GET /work-sessions",8,0,8
"accessControl.yaml::relToOne",0,11,11
"accessControl.yaml::GET /zones",7,0,7
"accessControl.yaml::GET /zones/{id}/sub-zones",6,0,6
"accessControl.yaml::GET /access/gates",7,0,7
"accessControl.yaml::GET /badge-holders/last-accesses",7,0,7
"authWorkflows.yaml::GET /auth-workflows/actions",7,0,7
"budgets.yaml::GET /budgets/{id}/targets",7,0,7
"cashDepositDoc.yaml::GET /cash-deposit-docs/headers/{id}/payments",6,0,6
"cashDepositDoc.yaml::GET /cash-deposit-docs/headers/{id}/collections",6,0,6
"certificates.yaml::Certificate",5,2,7
"certificates.yaml::apiDate",0,4,4
"checkpoints.yaml::Checkpoint",5,2,7
"checkpoints.yaml::relToOne",0,10,10
"checkpoints.yaml::UpsertCheckpoint",5,1,6
"checkpoints.yaml::GET /checkpoints/{id}/tag-associations",6,0,6
"clusters.yaml::GET /clusters",7,0,7
"clusters.yaml::GET /clusters/{id}/customer-item-selections",6,0,6
"clusters.yaml::GET /clusters/{clusterId}/customer-item-selections/links",6,0,6
"collectionDoc.yaml::GET /collection-docs/headers/{id}/ledger-entries",5,0,5
"collectionDoc.yaml::GET /collection-docs/headers/{id}/payments",5,0,5
"commissions.yaml::GET /commission-sessions/cut-off",6,0,6
"commissions.yaml::GET /commissions",7,0,7
"core.yaml::AppEvent",5,2,7
"core.yaml::ReportQueueEntry",9,2,11
"core.yaml::apiDateTimeReadOnly",0,4,4
"core.yaml::GET /user-profiles/{id}/contacts",6,0,6
"core.yaml::GET /user-profiles",6,0,6
"core.yaml::GET /organizations",6,0,6
"core.yaml::GET /dict/{entityName}",6,0,6
"core.yaml::GET /entities/{entityName}/{entityObjectId}/notes",6,0,6
"core.yaml::GET /taxes/tax-rate-groups",7,0,7
"core.yaml::GET /taxes/tax-rates",6,0,6
"core.yaml::GET /accounting-periods",6,0,6
"customers.yaml::GET /customer-accounts/{id}/tasks",7,0,7
"devices.yaml::GET /devices/{id}/installable-apps",6,0,6
"digitalContents.yaml::GET /contents/types",6,0,6
"discountlists.yaml::DiscountList",11,3,14
"discountlists.yaml::GET /discount-lists/{discountListId}/customer-accounts",6,0,6
"discountlists.yaml::GET /discount-lists/{discountListId}/customer-accounts/links",6,0,6
"documents.yaml::DocHeaderRelationships",13,1,14
"documents.yaml::relToOne",0,15,15
"documents.yaml::relToOneWithMeta",0,6,6
"entityAttributes.yaml::GET /entities/{entityName}/attributes",6,0,6
"entityAttributes.yaml::GET /entities/{entityName}/attributes-definitions",6,0,6
"entityAttributes.yaml::GET /sheets/{sheetId}/survey-sections",6,0,6
"greyMarketSurvey.yaml::GreyMarketSurveyHeaderRelationships",4,1,5
"greyMarketSurvey.yaml::relToOne",0,5,5
"greyMarketSurvey.yaml::GET /grey-market-surveys/headers",7,0,7
"greyMarketSurvey.yaml::GET /grey-market-surveys/headers/{headerId}/lines",6,0,6
"hierarchies.yaml::GET /hierarchies/{hierarchyId}/hierarchy-nodes",6,0,6
"hierarchies.yaml::GET /hierarchies/{hierarchyId}/hierarchy-nodes/{nodeId}/items",6,0,6
"hierarchies.yaml::GET /hierarchies/{hierarchyId}/hierarchy-nodes/{nodeId}/items/links",6,0,6
"inventoryDoc.yaml::GET /inventory-docs/headers",7,0,7
"inventoryDoc.yaml::GET /inventory-docs/headers/{headerId}/lines",6,0,6
"inventoryDoc.yaml::GET /inventory-docs/lines",7,0,7
"inventoryDoc.yaml::POST /inventory-docs/headers-export",8,0,8
"inventoryDoc.yaml::POST /inventory-docs/lines-export",8,0,8
"items.yaml::ItemInstanceRelationships",7,2,9
"items.yaml::Asset",12,3,15
"items.yaml::DocLineInstanceRelationships",6,1,7
"items.yaml::GET /items/{itemId}/units-of-measurement",6,0,6
"items.yaml::POST /items/export",10,0,10
"items.yaml::GET /items/barcodes",7,0,7
"items.yaml::GET /items/units-of-measurement",6,0,6
"items.yaml::GET /item-instances",8,0,8
"items.yaml::GET /item-instances/assets",8,0,8
"items.yaml::POST /item-instances/assets/export",8,0,8
"items.yaml::GET /items/{itemId}/allergens",6,0,6
"items.yaml::GET /item-categories",7,0,7
"items.yaml::GET /items/{itemId}/packaging-parts",6,0,6
"items.yaml::GET /items/{itemId}/suppliers",7,0,7
"messages.yaml::GET /messages/message/{id}/return-receipts",6,0,6
"messages.yaml::GET /messages/senders",6,0,6
"payments.yaml::GET /customer-ledger-entries",7,0,7
"pricelists.yaml::PriceList",10,3,13
"pricelists.yaml::GET /price-lists/{priceListId}/customer-accounts",7,0,7
"pricelists.yaml::GET /price-lists/{priceListId}/details",6,0,6
"pricelists.yaml::GET /price-lists/{priceListId}/suppliers",7,0,7
"purchaseDoc.yaml::PurchaseDocHeaderRelationships",7,2,9
"purchaseDoc.yaml::relToOneWithMeta",0,7,7
"purchaseDoc.yaml::GET /purchase-docs/headers/{headerId}/lines",6,0,6
"salesDoc.yaml::SalesDocLineUpdateData",5,1,6
"salesDoc.yaml::GET /sales-docs/customer-accounts/sell-to",7,0,7
"salesDoc.yaml::GET /sales-docs/price-lists",7,0,7
"salesReps.yaml::apiDate",0,4,4
"salesReps.yaml::GET /sales-reps/{id}/tasks",7,0,7
"stats.yaml::SalesStatsDataset",5,1,6
"stats.yaml::relToOneWithMeta",0,6,6
"stats.yaml::GET /stats",7,0,7
"suppliers.yaml::GET /suppliers/{supplierId}/items",7,0,7
"surveyDoc.yaml::SurveyDocHeaderCreation",5,1,6
"surveyDoc.yaml::relToOne",0,17,17
"surveyDoc.yaml::GET /survey-docs/headers/{headerId}/sections",6,0,6
"surveyDoc.yaml::GET /survey-docs/headers",7,0,7
"surveyDoc.yaml::GET /survey-docs/headers/{headerId}/template-sections/{templateSectionId}/answers",6,0,6
"surveyDoc.yaml::GET /survey-docs/templates",7,0,7
"surveyDoc.yaml::GET /survey-docs/doc-types",7,0,7
"target.yaml::GET /targets",7,0,7
"tickets.yaml::relToOneWithMeta",0,5,5
"warehouseDoc.yaml::WarehouseDocLineAttributes",7,2,9
"warehouseDoc.yaml::SimpleEntity",0,8,8
"warehouseDoc.yaml::GET /warehouse-docs/headers",9,0,9
"warehouseDoc.yaml::POST /warehouse-docs/headers-export",8,0,8
"warehouseDoc.yaml::GET /warehouse-docs/headers/{headerId}/lines",6,0,6
"warehouseDoc.yaml::GET /warehouse-docs/lines",7,0,7
"warehouseDoc.yaml::POST /warehouse-docs/lines",8,0,8
"authWorkflows.yaml::EntityAuthorizationWorkflowStep",10,2,12
"authWorkflows.yaml::SimpleEntity",0,4,4
"authWorkflows.yaml::apiDateTime",0,3,3
"budgets.yaml::relToOneWithMeta",0,3,3
"cashDepositDoc.yaml::POST /cash-deposit-docs/payments",7,0,7
"clusters.yaml::Cluster",10,4,14
"clusters.yaml::POST /clusters/{id}/items/export",8,0,8
"clusters.yaml::POST /clusters/{id}/customer-accounts/export",8,0,8
"collectionDoc.yaml::CollectionDocPaymentMethod",5,1,6
"collectionDoc.yaml::POST /collection-docs/ledger-entries",7,0,7
"collectionDoc.yaml::POST /collection-docs/payments",7,0,7
"commissions.yaml::apiDate",0,7,7
"commissions.yaml::POST /commission-sessions/{id}/cut-off",7,0,7
"commissions.yaml::POST /commission-sessions/{id}/sales-doc-lines",7,0,7
"core.yaml::UserProfileSignUp",8,3,11
"core.yaml::relToOne",0,28,28
"core.yaml::UserProfile",12,3,15
"core.yaml::relToManyWithMeta",0,3,3
"core.yaml::LinkedProfiles",3,1,4
"core.yaml::LinkedProfile",0,3,3
"core.yaml::Organization",10,3,13
"core.yaml::relToManyLink",0,3,3
"core.yaml::GET /dict/entities",5,0,5
"customerContracts.yaml::CustomerContract",7,2,9
"customerContracts.yaml::apiDate",0,5,5
"customerContracts.yaml::POST /customer-contracts/export",8,0,8
"customers.yaml::relToMany",0,3,3
"customers.yaml::POST /customer-accounts/export",8,0,8
"devices.yaml::DeviceAppRelationships",3,1,4
"devices.yaml::relToOne",0,4,4
"digitalContents.yaml::DigitalContent",4,5,9
"digitalContents.yaml::relToOne",0,4,4
"documents.yaml::DocType",9,3,12
"documents.yaml::ReasonBlock",4,5,9
"entityAttributes.yaml::GET /entities/{entityName}/data-types",5,0,5
"hierarchies.yaml::HierarchyNode",8,3,11
"hierarchies.yaml::relToMany",0,4,4
"hierarchies.yaml::Hierarchy",9,3,12
"hierarchies.yaml::relToOne",0,8,8
"hierarchies.yaml::GET /hierarchies/{hierarchyId}/hierarchy-nodes/{nodeId}/descendant-user-profiles",5,0,5
"hierarchies.yaml::GET /hierarchies/{hierarchyId}/hierarchy-nodes/{nodeId}/customer-accounts/links",5,0,5
"hierarchies.yaml::GET /hierarchies/{hierarchyId}/eligible-attributes",6,0,6
"inventoryDoc.yaml::InventoryDocLineInstanceRelationships",3,1,4
"inventoryDoc.yaml::relToOne",0,3,3
"items.yaml::ItemInstanceAttributes",8,3,11
"items.yaml::apiDateTime",0,5,5
"items.yaml::apiDate",0,4,4
"items.yaml::AvailableStock",8,3,11
"items.yaml::POST /item-instances/availability",7,0,7
"items.yaml::GET /allergens",5,0,5
"items.yaml::GET /items/{id}/minimum-stock-levels",5,0,5
"messages.yaml::UserMessage",9,3,12
"messages.yaml::apiDateTimeReadOnly",0,4,4
"payments.yaml::CustomerLedgerEntry",9,3,12
"payments.yaml::apiDate",0,3,3
"payments.yaml::relToOne",0,6,6
"priceCondition.yaml::GET /price-search-keys/attributes/{attributeId}/values",6,0,6
"pricelists.yaml::PriceListDetail",8,3,11
"purchaseDoc.yaml::PurchaseDocLineAttributes",6,2,8
"purchaseDoc.yaml::SimpleEntity",0,10,10
"purchaseDoc.yaml::PurchaseDocLineRelationships",8,2,10
"purchaseDoc.yaml::relToOneNullable",0,3,3
"purchaseDoc.yaml::PurchaseDocLineInstance",6,3,9
"purchaseDoc.yaml::GET /purchase-docs/headers",7,0,7
"purchaseDoc.yaml::POST /purchase-docs/headers-export",7,0,7
"salesDoc.yaml::SalesDocHeaderAttributesLite",5,1,6
"salesDoc.yaml::IdCodePair",0,3,3
"salesDoc.yaml::SalesDocLineDiscount",4,1,5
"salesDoc.yaml::SalesDocLineWarning",3,1,4
"salesDoc.yaml::ShippingCost",4,1,5
"salesDoc.yaml::POST /sales-docs/headers-export",8,0,8
"salesDoc.yaml::POST /sales-docs/lines",8,0,8
"suppliers.yaml::GET /suppliers/{supplierId}/linked-user-profiles",5,0,5
"suppliers.yaml::GET /suppliers/{supplierId}/linked-sales-reps",5,0,5
"surveyDoc.yaml::SurveyDocSectionRelationships",3,1,4
"surveyDoc.yaml::SurveyAttachment",7,2,9
"target.yaml::GET /targets/{targetId}/values",5,0,5
"tasks.yaml::TaskRelationships",7,1,8
"tasks.yaml::relToOneParty",0,5,5
"tasks.yaml::TaskAction",5,4,9
"tasks.yaml::relToOne",0,9,9
"tasks.yaml::GET /calendars/{calendarId}/events",5,0,5
"tasks.yaml::GET /calendars/events/{eventId}/attendees",5,0,5
"tickets.yaml::POST /tickets/export",8,0,8
"workSessions.yaml::apiDateTimeReadOnly",0,3,3
"workSessions.yaml::POST /work-sessions",7,0,7
"businessHours.yaml",2,1,3
"identifiers.yaml",3,1,4
"jobs.yaml",2,3,5
"accessControl.yaml::ZoneRelationships",5,1,6
"accessControl.yaml::relToMany",0,4,4
"accessControl.yaml::ZoneEmergencyAttributes",3,1,4
"accessControl.yaml::apiDateTime",0,4,4
"accessControl.yaml::AccessGateRelationships",5,1,6
"accessControl.yaml::relToOneWithMeta",0,5,5
"accessControl.yaml::BadgeRelationships",2,1,3
"accessControl.yaml::BadgeHolderAttributes",2,1,3
"accessControl.yaml::apiDate",0,3,3
"accessControl.yaml::AccessGroupRelationships",3,1,4
"accessControl.yaml::relToManyReadOnly",0,2,2
"authWorkflows.yaml::AuthorizationWorkflow",4,1,5
"authWorkflows.yaml::apiDate",0,2,2
"authWorkflows.yaml::relToOne",0,5,5
"authWorkflows.yaml::AuthorizationWorkflowStep",4,1,5
"authWorkflows.yaml::GET /auth-workflows/steps",5,0,5
"budgets.yaml::apiDate",0,2,2
"cashDepositDoc.yaml::CashDepositDocHeaderRelationships",2,1,3
"cashDepositDoc.yaml::relToOne",0,5,5
"cashDepositDoc.yaml::CashDepositCollectionDoc",3,1,4
"checkpoints.yaml::IdentificationUHFReadingRelationships",2,1,3
"clusters.yaml::apiDate",0,6,6
"clusters.yaml::lastChangeTs",0,2,2
"clusters.yaml::ClusterWithValues",6,1,7
"clusters.yaml::ClusterValue",5,4,9
"collectionDoc.yaml::CollectionDocHeaderAttributes",3,1,4
"collectionDoc.yaml::SimpleEntity",0,2,2
"collectionDoc.yaml::CollectionDocHeaderRelationships",2,1,3
"collectionDoc.yaml::apiDate",0,3,3
"comments.yaml::Comment",4,3,7
"comments.yaml::apiDateTime",0,2,2
"comments.yaml::GET /comments",4,0,4
"commissions.yaml::Commission",7,4,11
"commissions.yaml::relToOneWithMeta",0,2,2
"commissions.yaml::apiDateTime",0,2,2
"commissions.yaml::CommissionSessionRequest",2,1,3
"commissions.yaml::POST /commissions/export",6,0,6
"communications.yaml::Communication",6,2,8
"communications.yaml::relToOne",0,4,4
"communications.yaml::relToOneParty",0,2,2
"communications.yaml::CommunicationLite",2,1,3
"core.yaml::PermissionRole",2,2,4
"core.yaml::UserProfileHierarchyNode",3,1,4
"core.yaml::apiDate",0,4,4
"core.yaml::TaxRateGroup",3,3,6
"core.yaml::relToMany",0,3,3
"core.yaml::KPIEntity",3,2,5
"core.yaml::CustomViewRelationships",3,2,5
"core.yaml::AccountingPeriod",2,1,3
"core.yaml::ReportTemplateRelationships",2,2,4
"core.yaml::relToOneReadOnly",0,3,3
"core.yaml::SalesPoint",9,2,11
"core.yaml::SalesDepartment",2,1,3
"core.yaml::GET /user-profiles/{id}/linked-profiles",4,0,4
"core.yaml::GET /user-profiles-widgets",5,0,5
"core.yaml::GET /reports/templates",6,0,6
"customerContacts.yaml::GET /customers/{id}/contacts",4,0,4
"customerContracts.yaml::relToOne",0,4,4
"customerContracts.yaml::relToOneWithMeta",0,2,2
"customerContracts.yaml::CustomerContractAssetRelationships",2,1,3
"customerContracts.yaml::CustomerContractAsset",3,1,4
"customers.yaml::CustomerRelationships",3,2,5
"customers.yaml::CustomerRelationshipsLite",2,1,3
"customers.yaml::PATCH /customer-accounts/tags",7,0,7
"core.yaml::Tags",0,10,10
"customers.yaml::POST /customer-accounts/tasks",6,0,6
"customers.yaml::PATCH /customer-accounts/{customerAccountId}/tags",3,0,3
"digitalContents.yaml::GET /contents/entities/{entityId}/{entityObjectId}",5,0,5
"digitalContents.yaml::PATCH /contents/entities/{entityId}/{entityObjectId}/reorder",6,0,6
"discountlists.yaml::apiDate",0,2,2
"discountlists.yaml::DiscountListDetail",9,4,13
"discountlists.yaml::apiDateTime",0,2,2
"documents.yaml::SimpleEntity",0,12,12
"documents.yaml::relToMany",0,2,2
"documents.yaml::DocHeaderLite",4,1,5
"documents.yaml::LinkedDocument",2,2,4
"documents.yaml::ReasonDocType",2,3,5
"documents.yaml::ReasonBlockAttributes",3,3,6
"documents.yaml::apiDate",0,7,7
"documents.yaml::ReasonBlockInfo",3,1,4
"documents.yaml::EntityObjectId",0,2,2
"documents.yaml::DocHeaderTotals",2,0,2
"documents.yaml::GroupByPackageGroup",3,1,4
"documents.yaml::GroupByLinePackageGroup",4,1,5
"documents.yaml::SerialsOnlyGroup",4,1,5
"entityAttributes.yaml::Sheet",8,2,10
"entityAttributes.yaml::relToOneReadOnly",0,2,2
"entityAttributes.yaml::GET /sheets/{sheetId}/attributes",4,0,4
"entitySets.yaml::EntitySet",2,2,4
"entitySets.yaml::relToOne",0,3,3
"greyMarketSurvey.yaml::GreyMarketSurveyHeaderAttributes",4,1,5
"greyMarketSurvey.yaml::apiDateTime",0,3,3
"hierarchies.yaml::SimpleEntity",0,4,4
"hierarchies.yaml::apiDate",0,4,4
"hierarchies.yaml::HierarchyNodeUserProfile",6,3,9
"hierarchies.yaml::HierarchyEligibleItem",8,1,9
"hierarchies.yaml::relToOneWithMeta",0,2,2
"hierarchies.yaml::PATCH /hierarchies/{hierarchyId}/hierarchy-nodes/{nodeId}/tags",3,0,3
"hierarchies.yaml::GET /hierarchies/{hierarchyId}/hierarchy-nodes/{nodeId}/entity-attributes",4,0,4
"hierarchies.yaml::PATCH /hierarchies/{hierarchyId}/hierarchy-nodes/{nodeId}/entity-attributes",3,0,3
"hierarchies.yaml::HierarchyTreeEntityAttribute",3,3,6
"inventoryDoc.yaml::CommonInventoryDocLineRelationships",2,2,4
"inventoryDoc.yaml::relToOneWithMeta",0,4,4
"inventoryDoc.yaml::InventoryDocLineAttributes",2,2,4
"inventoryDoc.yaml::SimpleEntity",0,3,3
"inventoryDoc.yaml::InventoryDocLineRelationships",3,2,5
"items.yaml::apiDateReadOnly",0,2,2
"items.yaml::PeriodicRecurrence",1,2,3
"items.yaml::DocItemUnitOfMeasurementRelationships",2,1,3
"items.yaml::ItemSupplierRelationships",2,1,3
"items.yaml::ItemRelatedRelationships",2,0,2
"items.yaml::ItemBarcodeRelationships",2,1,3
"items.yaml::DocLineInstanceAttributes",3,1,4
"items.yaml::WarehouseItemEntryAttributes",3,1,4
"items.yaml::PATCH /items/tags",8,0,8
"items.yaml::PATCH /items/{itemId}/tags",3,0,3
"items.yaml::PATCH /items/marketplaces",8,0,8
"items.yaml::Marketplaces",0,2,2
"items.yaml::GET /items/sheets",6,0,6
"items.yaml::GET /item-categories/{id}/units-of-measurement",4,0,4
"jobs.yaml::Job",3,1,4
"jobs.yaml::relToOne",0,2,2
"jsonapi.yaml::data",3,1,4
"jsonapi.yaml::resource",6,4,10
"jsonapi.yaml::relationshipLinks",2,15,17
"jsonapi.yaml::linkUri",0,3,3
"messages.yaml::relToOneReadOnly",0,2,2
"notifications.yaml::EmailNotification",8,2,10
"notifications.yaml::apiDateTimeReadOnly",0,2,2
"plants.yaml::PlantDetailAttributes",2,1,3
"plants.yaml::apiDate",0,2,2
"priceCondition.yaml::SimpleEntity",0,4,4
"priceCondition.yaml::apiDate",0,2,2
"priceCondition.yaml::relToOneWithMeta",0,3,3
"pricelists.yaml::apiDate",0,2,2
"pricelists.yaml::apiDateTime",0,2,2
"purchaseDoc.yaml::PurchaseDocHeaderAttributes",5,1,6
"purchaseDoc.yaml::LoadingUnitGenData",2,1,3
"recurrences.yaml::Recurrence",5,2,7
"recurrences.yaml::apiDate",0,2,2
"salesDoc.yaml::SalesDocHeaderRelationships",4,2,6
"salesDoc.yaml::SalesDocLineItemInfo",6,1,7
"salesDoc.yaml::GET /sales-docs/headers/{id}/exceeded-budget-limits",4,0,4
"salesDoc.yaml::GET /sales-docs/headers/{id}/discounts-summary",4,0,4
"salesDoc.yaml::GET /sales-docs/sheets",5,0,5
"salesDoc.yaml::GET /sales-docs/headers/{headerId}/recipients",4,0,4
"salesDoc.yaml::GET /sales-docs/widgets",4,0,4
"stats.yaml::StatConfig",8,1,9
"stats.yaml::GET /sales-stats/{statId}/dataset",4,0,4
"surveyDoc.yaml::SurveyDocSectionAttributes",3,1,4
"surveyDoc.yaml::SimpleEntity",0,3,3
"surveyDoc.yaml::SurveyDocTemplate",8,3,11
"surveyDoc.yaml::apiDate",0,5,5
"surveyDoc.yaml::SurveyDocTemplateSection",4,3,7
"surveyDoc.yaml::SurveyDocTemplateCluster",2,1,3
"surveyDoc.yaml::POST /survey-docs/attachments",5,0,5
"surveyDoc.yaml::GET /survey-docs/headers/{headerId}/recipients",4,0,4
"target.yaml::apiDate",0,2,2
"target.yaml::GET /targets/measurement-methods",4,0,4
"target.yaml::GET /targets/{targetId}/parties",4,0,4
"target.yaml::GET /targets/{targetId}/customer-accounts",4,0,4
"tasks.yaml::relToOneWithMeta",0,6,6
"tasks.yaml::CalendarEvent",10,3,13
"tasks.yaml::apiDateTime",0,3,3
"tasks.yaml::GET /calendars/{calendarId}",3,0,3
"tickets.yaml::TicketType",2,1,3
"warehouseDoc.yaml::WarehouseDocHeaderAttributes",6,1,7
"warehouseDoc.yaml::WarehouseDocLineRelationships",4,2,6
"warehouseDoc.yaml::relToOneNullable",0,2,2
"widgets.yaml::Widget",5,2,7
"widgets.yaml::WidgetPlaceholder",0,2,2
"widgets.yaml::relToOne",0,2,2
"widgets.yaml::GET /widgets",4,0,4
"workSessions.yaml::relToOne",0,2,2
"accessControl.yaml::ZoneAttributes",1,1,2
"accessControl.yaml::ZoneTypeTotal",0,1,1
"accessControl.yaml::relToOneReadOnly",0,1,1
"accessControl.yaml::Zone",2,3,5
"accessControl.yaml::ZoneRequest",1,2,3
"accessControl.yaml::ZoneResponse",2,3,5
"accessControl.yaml::ZoneIncluded",0,2,2
"accessControl.yaml::ZoneListResponse",4,4,8
"accessControl.yaml::PaginationMeta",0,4,4
"accessControl.yaml::pagination",0,4,4
"accessControl.yaml::ZoneEmergencyStatus",0,1,1
"accessControl.yaml::ZoneEmergencyRelationships",1,1,2
"accessControl.yaml::ZoneEmergency",2,2,4
"accessControl.yaml::ZoneEmergencyResponse",2,2,4
"accessControl.yaml::ZoneEmergencyIncluded",0,2,2
"accessControl.yaml::ZoneEmergencyListResponse",4,1,5
"accessControl.yaml::AccessGateAttributes",1,1,2
"accessControl.yaml::AccessGateDirection",0,3,3
"accessControl.yaml::relToManyWithMeta",0,2,2
"accessControl.yaml::AccessGate",2,3,5
"accessControl.yaml::AccessGateRequest",1,2,3
"accessControl.yaml::AccessGateResponse",2,3,5
"accessControl.yaml::AccessGateIncluded",0,2,2
"accessControl.yaml::AccessGateListResponse",4,1,5
"accessControl.yaml::AccessJournalEntryAttributes",3,1,4
"accessControl.yaml::AccessOutcome",0,1,1
"accessControl.yaml::AccessJournalEntry",2,3,5
"accessControl.yaml::AccessJournalEntryListResponse",4,2,6
"accessControl.yaml::AccessJournalEntryIncluded",0,2,2
"accessControl.yaml::AccessJournalEntryRequest",1,1,2
"accessControl.yaml::AccessJournalEntryResponse",2,2,4
"accessControl.yaml::BadgeAttributes",1,1,2
"accessControl.yaml::Badge",2,1,3
"accessControl.yaml::BadgeResponse",2,1,3
"accessControl.yaml::BadgeIncluded",0,1,1
"accessControl.yaml::BadgeHolderRelationships",3,1,4
"accessControl.yaml::BadgeHolder",2,1,3
"accessControl.yaml::BadgeHolderResponse",2,2,4
"accessControl.yaml::BadgeHolderIncluded",0,1,1
"accessControl.yaml::ManualAccessData",2,1,3
"accessControl.yaml::ManualAccessRequest",1,1,2
"accessControl.yaml::AccessGroup",2,1,3
"accessControl.yaml::AccessGroupAttributes",0,1,1
"accessControl.yaml::AccessGroupListResponse",2,1,3
"accessControl.yaml::AccessGroupIncluded",0,1,1
"accessControl.yaml::CheckoutPersonnelRequest",1,1,2
"accessControl.yaml::CheckoutPersonnel",0,1,1
"jsonapi.yaml::failure",4,631,635
"accessControl.yaml::POST /zones",3,0,3
"accessControl.yaml::GET /zones/hierarchies",4,0,4
"accessControl.yaml::GET /zones/{id}",1,0,1
"accessControl.yaml::PATCH /zones/{id}",3,0,3
"accessControl.yaml::DELETE /zones/{id}",1,0,1
"accessControl.yaml::POST /zones/{id}/head-count",2,0,2
"accessControl.yaml::GET /zones/{id}/hierarchy",1,0,1
"accessControl.yaml::POST /zones/check-out-personnel",2,0,2
"accessControl.yaml::POST /access/gates",3,0,3
"accessControl.yaml::GET /access/gates/{id}",1,0,1
"accessControl.yaml::PATCH /access/gates/{id}",4,0,4
"accessControl.yaml::DELETE /access/gates/{id}",2,0,2
"accessControl.yaml::GET /badge-holders/{id}",1,0,1
"accessControl.yaml::GET /badge-holders/by-code/{code}",1,0,1
"accessControl.yaml::POST /badge-holders/{code}/access/entries",4,0,4
"accessControl.yaml::GET /badges/{id}",1,0,1
"accessControl.yaml::POST /access/entries",3,0,3
"accessControl.yaml::GET /zones/kpis",2,0,2
"core.yaml::KPIEntityListResponse",4,14,18
"accessControl.yaml::POST /zones/{id}/emergencies",2,0,2
"accessControl.yaml::GET /emergencies",2,0,2
"accessControl.yaml::PATCH /emergencies/{id}",2,0,2
"accessControl.yaml::GET /access/groups",4,0,4
"accessControl.yaml::POST /access/groups/{groupId}/gates/{gateId}",1,0,1
"accessControl.yaml::DELETE /access/groups/{groupId}/gates/{gateId}",1,0,1
"accessControl.yaml::POST /access/groups/gates/{gateId}",3,0,3
"authWorkflows.yaml::AuthorizationBodyResponse",1,1,2
"authWorkflows.yaml::AuthorizationBody",0,2,2
"authWorkflows.yaml::AuthorizationBodyListResponse",1,1,2
"authWorkflows.yaml::AuthorizationActionListResponse",3,1,4
"authWorkflows.yaml::AuthorizationAction",0,1,1
"authWorkflows.yaml::PaginationMeta",0,4,4
"authWorkflows.yaml::pagination",0,4,4
"authWorkflows.yaml::apiTime",0,2,2
"authWorkflows.yaml::relToManyWithMeta",0,1,1
"authWorkflows.yaml::relToOneWithMeta",0,1,1
"authWorkflows.yaml::EntityAuthorizationWorkflowStepResponse",2,1,3
"authWorkflows.yaml::EntityAuthorizationWorkflowStepIncluded",0,2,2
"authWorkflows.yaml::EntityAuthorizationWorkflowStepListResponse",4,2,6
"authWorkflows.yaml::AuthorizationWorkflowListResponse",4,1,5
"authWorkflows.yaml::AuthorizationWorkflowIncluded",0,1,1
"authWorkflows.yaml::AuthorizationWorkflowStepListResponse",4,1,5
"authWorkflows.yaml::AuthorizationWorkflowStepIncluded",0,1,1
"authWorkflows.yaml::GET /auth-workflows/auth-bodies",3,0,3
"authWorkflows.yaml::GET /auth-workflows/auth-bodies/{bodyId}",1,0,1
"authWorkflows.yaml::POST /auth-workflows/steps",3,0,3
"authWorkflows.yaml::GET /auth-workflows/steps/{stepId}",1,0,1
"budgets.yaml::BudgetTypeId",0,1,1
"budgets.yaml::BudgetTargetAmountTypeId",0,1,1
"budgets.yaml::BudgetTargetStatusId",0,1,1
"budgets.yaml::BudgetTargetEditModeId",0,1,1
"budgets.yaml::relToMany",0,1,1
"budgets.yaml::BudgetListResponse",4,2,6
"budgets.yaml::PaginationMeta",0,1,1
"budgets.yaml::pagination",0,1,1
"budgets.yaml::BudgetIncluded",0,2,2
"budgets.yaml::BudgetResponse",2,3,5
"budgets.yaml::BudgetTrendResponse",1,1,2
"budgets.yaml::BudgetTrend",0,1,1
"budgets.yaml::BudgetRequest",1,2,3
"budgets.yaml::POST /budgets",3,0,3
"budgets.yaml::GET /budgets/{id}",1,0,1
"budgets.yaml::PATCH /budgets/{id}",3,0,3
"budgets.yaml::DELETE /budgets/{id}",1,0,1
"budgets.yaml::GET /budgets/{id}/trend",1,0,1
"budgets.yaml::GET /budgets/{id}/kpis",1,0,1
"budgets.yaml::GET /budgets/{id}/kpis/{kpiId}",1,0,1
"core.yaml::KPIEntityResponse",2,12,14
"budgets.yaml::GET /budgets/kpis",2,0,2
"budgets.yaml::GET /budgets/kpis/{kpiId}",1,0,1
"businessHours.yaml::TimeSlot",0,1,1
"businessHours.yaml::WeeklyTimeSlot",0,1,1
"businessHours.yaml::BusinessHoursResponse",1,1,2
"businessHours.yaml::GET /parties/{id}/business-hours",2,0,2
"cashDepositDoc.yaml::CashDepositDocHeaderAttributes",3,1,4
"cashDepositDoc.yaml::apiDateTime",0,1,1
"cashDepositDoc.yaml::CashDepositStatusId",0,1,1
"cashDepositDoc.yaml::SimpleEntity",0,3,3
"cashDepositDoc.yaml::CashDepositDocHeaderAttributesWithDocHeader",2,1,3
"cashDepositDoc.yaml::DocHeaderAttributes",0,1,1
"cashDepositDoc.yaml::CashDepositDocHeader",3,2,5
"cashDepositDoc.yaml::DocHeaderRelationships",0,1,1
"cashDepositDoc.yaml::CashDepositDocHeaderResponse",2,1,3
"cashDepositDoc.yaml::CashDepositDocHeaderIncluded",0,2,2
"cashDepositDoc.yaml::CashDepositDocHeaderListResponse",4,1,5
"cashDepositDoc.yaml::PaginationMeta",0,1,1
"cashDepositDoc.yaml::pagination",0,3,3
"cashDepositDoc.yaml::CashDepositDocPaymentMethod",4,1,5
"cashDepositDoc.yaml::apiDate",0,1,1
"cashDepositDoc.yaml::relToOneWithMeta",0,1,1
"cashDepositDoc.yaml::CashDepositDocPaymentMethodListResponse",3,1,4
"cashDepositDoc.yaml::CashDepositDocPaymentMethodIncluded",0,1,1
"cashDepositDoc.yaml::CollectedPaymentsByPaymentMethodAttributes",1,2,3
"cashDepositDoc.yaml::CollectedPaymentsByPaymentMethod",1,1,2
"cashDepositDoc.yaml::CashDepositDocCollectionListResponse",4,1,5
"cashDepositDoc.yaml::CashDepositCollectionDocIncluded",0,1,1
"jsonapi.yaml::info",3,34,37
"cashDepositDoc.yaml::GET /cash-deposit-docs/headers/{id}",1,0,1
"cashDepositDoc.yaml::GET /cash-deposit-docs/kpis",2,0,2
"cashDepositDoc.yaml::GET /cash-deposit-docs/kpis/{kpiId}",2,0,2
"certificates.yaml::CertificateType",2,3,5
"certificates.yaml::RecurrenceType",0,1,1
"certificates.yaml::relToOne",0,2,2
"certificates.yaml::CertificateTypeIncluded",1,2,3
"certificates.yaml::Organization",0,1,1
"certificates.yaml::CertificateTypeListResponse",4,1,5
"certificates.yaml::PaginationMeta",0,2,2
"certificates.yaml::pagination",0,2,2
"certificates.yaml::CertificateTypeResponse",2,1,3
"certificates.yaml::CertificateIncluded",1,2,3
"certificates.yaml::CertificateListResponse",4,1,5
"certificates.yaml::CertificateResponse",2,1,3
"certificates.yaml::GET /certificate-types/{id}",1,0,1
"certificates.yaml::GET /certificates/{id}",1,0,1
"checkpoints.yaml::CheckpointAttributes",2,1,3
"checkpoints.yaml::CheckpointType",0,2,2
"checkpoints.yaml::apiDateTime",0,2,2
"checkpoints.yaml::IdentificationUHFReading",2,2,4
"checkpoints.yaml::IdentificationUHFReadingAttributes",2,1,3
"checkpoints.yaml::ProcessingStatus",0,1,1
"checkpoints.yaml::InIdRequest",1,1,2
"checkpoints.yaml::InIdRequestAttributes",0,1,1
"checkpoints.yaml::IdentificationUHFReadingListResponse",2,2,4
"checkpoints.yaml::IdentificationUHFReadingIncluded",0,1,1
"checkpoints.yaml::CheckpointListResponse",2,1,3
"checkpoints.yaml::CheckpointIncluded",0,2,2
"checkpoints.yaml::PowerResponse",1,2,3
"checkpoints.yaml::Power",0,1,1
"checkpoints.yaml::CheckpointIdentificationResponse",1,2,3
"checkpoints.yaml::IdentificationUHFReadingListRequest",1,1,2
"checkpoints.yaml::CheckpointRequest",1,2,3
"checkpoints.yaml::CheckpointResponse",2,3,5
"checkpoints.yaml::POST /checkpoints",3,0,3
"checkpoints.yaml::GET /checkpoints/{id}",1,0,1
"checkpoints.yaml::PATCH /checkpoints/{id}",3,0,3
"checkpoints.yaml::DELETE /checkpoints/{id}",1,0,1
"items.yaml::ListItemInstanceResponse",4,2,6
"checkpoints.yaml::GET /checkpoints/{id}/power",2,0,2
"checkpoints.yaml::POST /checkpoints/{id}/power",2,0,2
"checkpoints.yaml::POST /checkpoints/{id}/readings",2,0,2
"checkpoints.yaml::PATCH /checkpoints/{id}/readings",3,0,3
"checkpoints.yaml::DELETE /checkpoints/{id}/readings",1,0,1
"checkpoints.yaml::POST /checkpoint-identifications",2,0,2
"checkpoints.yaml::GET /checkpoint-identifications/{id}",1,0,1
"checkpoints.yaml::POST /checkpoints/{id}/doc-headers/{headerId}/inbound",2,0,2
"warehouseDoc.yaml::WarehouseDocHeaderInboundResponse",1,2,3
"clusters.yaml::ClusterEntityTypeId",0,2,2
"clusters.yaml::ClusterTypeId",0,2,2
"clusters.yaml::isDraft",0,1,1
"clusters.yaml::ClusterListResponse",4,3,7
"clusters.yaml::PaginationMeta",0,6,6
"clusters.yaml::pagination",0,6,6
"clusters.yaml::ClusterIncluded",0,2,2
"clusters.yaml::ClusterResponse",2,6,8
"clusters.yaml::ClusterRequest",1,2,3
"clusters.yaml::ClusterWithValuesRequest",1,1,2
"clusters.yaml::ClusterValueIncluded",1,2,3
"clusters.yaml::ClusterValueResponse",2,3,5
"clusters.yaml::ClusterValueListResponse",4,0,4
"clusters.yaml::ClusterValueRequest",1,2,3
"clusters.yaml::ClusterMultiValueRequest",1,1,2
"clusters.yaml::CustomerItemSelectionResponse",2,3,5
"clusters.yaml::CustomerItemSelectionIncluded",0,2,2
"clusters.yaml::CustomerItemSelectionListResponse",4,1,5
"clusters.yaml::CustomerItemSelectionRequest",1,2,3
"clusters.yaml::EligibleCustomerAccountListResponse",3,1,4
"clusters.yaml::LinkableCustomerAccount",0,1,1
"clusters.yaml::relToMany",0,1,1
"clusters.yaml::EligibleCustomerAccountForClusterValue",1,1,2
"clusters.yaml::EligibleCustomerAccountForClusterValueIncluded",1,1,2
"clusters.yaml::Organization",0,1,1
"clusters.yaml::EligibleItemForClusterValueResponse",2,0,2
"clusters.yaml::EligibleItemForClusterValueIncluded",0,2,2
"clusters.yaml::EligibleItemForClusterValueListResponse",4,1,5
"clusters.yaml::EligibleCustomerAccountForClusterValueListResponse",4,1,5
"clusters.yaml::POST /clusters",3,0,3
"clusters.yaml::GET /clusters/{id}",1,0,1
"clusters.yaml::PATCH /clusters/{id}",3,0,3
"clusters.yaml::DELETE /clusters/{id}",1,0,1
"clusters.yaml::POST /clusters/{id}/edit",2,0,2
"clusters.yaml::POST /clusters/{id}/publish",2,0,2
"clusters.yaml::POST /clusters/{id}/clone",2,0,2
"clusters.yaml::POST /clusters/{id}/values",3,0,3
"clusters.yaml::GET /clusters/{clusterId}/values/{valueId}",2,0,2
"clusters.yaml::PATCH /clusters/{clusterId}/values/{valueId}",3,0,3
"clusters.yaml::DELETE /clusters/{clusterId}/values/{valueId}",1,0,1
"clusters.yaml::POST /clusters/{id}/customer-item-selections",3,0,3
"clusters.yaml::GET /clusters/{clusterId}/customer-item-selections/{id}",2,0,2
"clusters.yaml::PATCH /clusters/{clusterId}/customer-item-selections/{id}",3,0,3
"clusters.yaml::DELETE /clusters/{clusterId}/customer-item-selections/{id}",1,0,1
"clusters.yaml::POST /clusters/entity-set",3,0,3
"clusters.yaml::POST /clusters/{id}/multi-values",2,0,2
"clusters.yaml::DELETE /clusters/{id}/multi-values",2,0,2
"core.yaml::SimpleEntity",0,4,4
"collectionDoc.yaml::CollectionDepositStatus",0,1,1
"collectionDoc.yaml::CollectionDocHeaderAttributesWithDocHeader",2,1,3
"collectionDoc.yaml::DocHeaderAttributes",0,1,1
"collectionDoc.yaml::CollectionDocHeader",3,2,5
"collectionDoc.yaml::DocHeaderRelationships",0,1,1
"collectionDoc.yaml::CollectionDocHeaderResponse",2,1,3
"collectionDoc.yaml::CollectionDocHeaderIncluded",0,2,2
"collectionDoc.yaml::CollectionDocHeaderListResponse",4,1,5
"collectionDoc.yaml::PaginationMeta",0,3,3
"collectionDoc.yaml::pagination",0,3,3
"collectionDoc.yaml::CollectionDocLedgerEntryListResponse",4,1,5
"collectionDoc.yaml::CollectionDocLedgerEntryIncluded",0,1,1
"collectionDoc.yaml::relToMany",0,1,1
"collectionDoc.yaml::CollectionDocPaymentMethodListResponse",4,1,5
"collectionDoc.yaml::CollectionDocPaymentMethodIncluded",0,1,1
"collectionDoc.yaml::GET /collection-docs/headers/{id}",1,0,1
"collectionDoc.yaml::GET /collection-docs/kpis/{kpiId}",2,0,2
"collectionDoc.yaml::GET /collection-docs/kpis",2,0,2
"comments.yaml::relToOne",0,1,1
"comments.yaml::relToOneWithMetaReadOnly",0,1,1
"comments.yaml::CommentRequest",1,2,3
"comments.yaml::CommentResponse",2,3,5
"comments.yaml::CommentIncluded",0,2,2
"comments.yaml::CommentListResponse",2,1,3
"comments.yaml::POST /comments",3,0,3
"comments.yaml::GET /comments/{id}",2,0,2
"comments.yaml::PATCH /comments/{id}",3,0,3
"comments.yaml::DELETE /comments/{id}",1,0,1
"commissions.yaml::CommissionRangeType",0,1,1
"commissions.yaml::CommissionAlgorithmType",0,1,1
"commissions.yaml::CommissionDetail",1,2,3
"commissions.yaml::CommissionDetailIncluded",1,1,2
"commissions.yaml::CommissionResponse",2,3,5
"commissions.yaml::CommissionIncluded",0,2,2
"commissions.yaml::CommissionDetailListResponse",2,1,3
"commissions.yaml::UpsertCommission",2,1,3
"commissions.yaml::UpsertCommissionRequest",1,2,3
"commissions.yaml::CommissionListResponse",4,1,5
"commissions.yaml::PaginationMeta",0,5,5
"commissions.yaml::pagination",0,5,5
"commissions.yaml::ProcessingStatus",0,2,2
"commissions.yaml::SimpleEntityReadOnly",0,2,2
"commissions.yaml::relToManyReadOnly",0,1,1
"commissions.yaml::CommissionSessionListResponse",4,1,5
"commissions.yaml::CommissionSessionIncluded",0,2,2
"commissions.yaml::CommissionSessionResponse",2,3,5
"commissions.yaml::SalesDocLineCommissionListResponse",4,1,5
"commissions.yaml::SalesDocLineCommissionIncluded",0,1,1
"commissions.yaml::CommissionSessionCutOff",2,1,3
"commissions.yaml::SimpleEntity",0,1,1
"commissions.yaml::CommissionSessionCutOffListResponse",3,1,4
"commissions.yaml::CommissionSessionStatusRequest",1,1,2
"commissions.yaml::CommissionCutOffListResponse",3,1,4
"commissions.yaml::CommissionCutOff",0,1,1
"commissions.yaml::POST /commission-sessions",4,0,4
"commissions.yaml::GET /commission-sessions/{id}",1,0,1
"commissions.yaml::PATCH /commission-sessions/{id}",3,0,3
"commissions.yaml::SalesDocLinesCommissionRequest",0,1,1
"commissions.yaml::GET /commission-sessions/{id}/kpis",1,0,1
"commissions.yaml::GET /commission-sessions/{id}/kpis/{kpiId}",1,0,1
"commissions.yaml::PATCH /commission-sessions/{id}/status",3,0,3
"commissions.yaml::POST /commissions",3,0,3
"commissions.yaml::GET /commissions/{id}",2,0,2
"commissions.yaml::DELETE /commissions/{id}",2,0,2
"commissions.yaml::PATCH /commissions/{id}",4,0,4
"commissions.yaml::GET /commissions/{id}/details",3,0,3
"communications.yaml::CommunicationType",2,1,3
"communications.yaml::BodyContentType",0,1,1
"communications.yaml::AudienceType",0,1,1
"communications.yaml::CommunicationTypeListResponse",1,1,2
"communications.yaml::CommunicationAction",1,1,2
"communications.yaml::CommunicationActionType",0,2,2
"communications.yaml::CommunicationActionResponse",1,1,2
"communications.yaml::ProcessingStatus",0,1,1
"communications.yaml::relToManyReadOnly",0,1,1
"communications.yaml::CommunicationListResponse",4,1,5
"communications.yaml::PaginationMeta",0,1,1
"communications.yaml::pagination",0,1,1
"communications.yaml::CommunicationIncluded",0,2,2
"communications.yaml::CommunicationResponse",2,5,7
"communications.yaml::CommunicationLiteRequest",1,1,2
"communications.yaml::CommunicationUpdate",1,1,2
"communications.yaml::CommunicationUpdateRequest",1,1,2
"communications.yaml::POST /communications",3,0,3
"communications.yaml::GET /communications/{id}",1,0,1
"communications.yaml::PATCH /communications/{id}",3,0,3
"communications.yaml::DELETE /communications/{id}",1,0,1
"communications.yaml::POST /communications/{id}/edit",2,0,2
"communications.yaml::POST /communications/{id}/publish",2,0,2
"communications.yaml::GET /communications/types",2,0,2
"communications.yaml::GET /communications/actions",2,0,2
"core.yaml::SimpleEntityListResponse",2,3,5
"core.yaml::PaginationMeta",0,31,31
"core.yaml::UserRegistrationMode",0,1,1
"core.yaml::UserRegistrationStatus",0,1,1
"core.yaml::PrivacyPurposeStatus",0,4,4
"core.yaml::relToOnePartyReadOnly",0,1,1
"core.yaml::UserProfileSignUpRequest",1,1,2
"core.yaml::UserProfileSignUpResponse",2,3,5
"core.yaml::UserProfileSignUpIncluded",0,2,2
"core.yaml::UserProfileSignUpListResponse",4,1,5
"core.yaml::pagination",0,30,30
"core.yaml::Operation",1,1,2
"core.yaml::Action",0,1,1
"core.yaml::Operations",1,2,3
"core.yaml::Email",1,4,5
"core.yaml::apiDateTime",0,4,4
"core.yaml::NoteTypeResponse",1,3,4
"core.yaml::NoteType",0,4,4
"core.yaml::NoteTypeListResponse",3,1,4
"core.yaml::NoteTypeRequest",1,2,3
"core.yaml::Note",1,3,4
"core.yaml::NoteIncluded",1,2,3
"core.yaml::NoteResponse",2,3,5
"core.yaml::NoteListResponse",4,1,5
"core.yaml::NoteRequest",1,2,3
"core.yaml::Permission",1,3,4
"core.yaml::PermissionIncluded",1,2,3
"core.yaml::App",0,4,4
"core.yaml::PermissionResponse",2,1,3
"core.yaml::PermissionListResponse",4,3,7
"core.yaml::PermissionRoleResponse",2,0,2
"core.yaml::PermissionRoleIncluded",0,2,2
"core.yaml::PermissionRoleListResponse",4,0,4
"core.yaml::CountryResponse",1,1,2
"core.yaml::Country",0,2,2
"core.yaml::CountryListResponse",3,1,4
"core.yaml::Currency",2,3,5
"core.yaml::isDraft",0,2,2
"core.yaml::lastChangeTs",0,4,4
"core.yaml::CurrencyResponse",1,1,2
"core.yaml::CurrencyListResponse",3,1,4
"core.yaml::Phone",0,4,4
"core.yaml::relToManyReadOnly",0,1,1
"core.yaml::UserProfileResponse",2,4,6
"core.yaml::UserProfileIncluded",0,2,2
"core.yaml::UserProfileListResponse",4,2,6
"core.yaml::UserProfileRequest",1,2,3
"core.yaml::UserProfileLiteListResponse",3,1,4
"core.yaml::UserProfileLite",0,1,1
"core.yaml::UserProfileBelongingHierarchy",2,1,3
"core.yaml::SimpleEntityReadOnly",0,2,2
"core.yaml::UserProfileBelongingHierarchyListResponse",1,1,2
"core.yaml::UserProfileWidget",1,4,5
"core.yaml::WidgetPlaceholder",0,1,1
"core.yaml::UserProfileWidgetResponse",1,2,3
"core.yaml::UserProfileWidgetListResponse",3,1,4
"core.yaml::TallyWidget",0,1,1
"core.yaml::RatioTrackerWidget",0,1,1
"core.yaml::UserProfileWidgetRequest",1,0,1
"core.yaml::UserProfileWidgetLiteRequest",1,1,2
"core.yaml::UserProfileWidgetLite",0,1,1
"core.yaml::UserProfileStatsConfig",1,2,3
"core.yaml::StatTargetLocation",0,1,1
"core.yaml::UserProfileStatsConfigResponse",1,2,3
"core.yaml::UserProfileStatsConfigRequest",1,1,2
"core.yaml::UserProfileRelatedContact",2,1,3
"core.yaml::UserProfileRelatedContactListResponse",3,1,4
"core.yaml::LinkedProfilesResponse",1,2,3
"core.yaml::AppResponse",1,1,2
"core.yaml::AppListResponse",3,2,5
"core.yaml::AppRequest",1,0,1
"core.yaml::Role",1,3,4
"core.yaml::RoleIncluded",1,2,3
"core.yaml::RoleResponse",2,1,3
"core.yaml::RoleListResponse",4,1,5
"core.yaml::RoleRequest",1,0,1
"core.yaml::Address",0,2,2
"core.yaml::OrganizationIncluded",1,2,3
"core.yaml::OrganizationResponse",2,3,5
"core.yaml::OrganizationListResponse",4,1,5
"core.yaml::OrganizationRequest",1,2,3
"core.yaml::DictEntityResponse",1,1,2
"core.yaml::DictEntity",0,2,2
"core.yaml::DictEntityListResponse",3,1,4
"core.yaml::DictionaryResponse",1,1,2
"core.yaml::Dictionary",0,2,2
"core.yaml::DictionaryListResponse",3,2,5
"core.yaml::LanguageResponse",1,1,2
"core.yaml::Language",0,2,2
"core.yaml::LanguageListResponse",3,1,4
"core.yaml::UnitOfMeasurement",2,2,4
"core.yaml::UnitOfMeasurementResponse",1,1,2
"core.yaml::UnitOfMeasurementListResponse",3,1,4
"core.yaml::Tag",2,3,5
"core.yaml::TagTypeId",0,2,2
"core.yaml::TagResponse",2,3,5
"core.yaml::TagIncluded",0,2,2
"core.yaml::TagListResponse",4,2,6
"core.yaml::TagUpdateData",2,1,3
"core.yaml::TagRequest",1,1,2
"core.yaml::TagUpdateRequest",1,1,2
"core.yaml::Warehouse",1,2,3
"core.yaml::WarehouseResponse",2,1,3
"core.yaml::WarehouseIncluded",0,2,2
"core.yaml::WarehouseListResponse",4,2,6
"core.yaml::WarehouseJournalEntryListResponse",4,1,5
"core.yaml::WarehouseJournalEntryIncluded",0,1,1
"core.yaml::Tax",1,1,2
"core.yaml::TaxRelationships",1,1,2
"core.yaml::TaxResponse",2,1,3
"core.yaml::TaxIncluded",0,1,1
"core.yaml::TaxRegime",1,2,3
"core.yaml::TaxRegimeResponse",2,1,3
"core.yaml::TaxRegimeIncluded",0,2,2
"core.yaml::TaxRegimeListResponse",4,1,5
"core.yaml::TaxRateGroupResponse",2,1,3
"core.yaml::TaxRateGroupIncluded",0,2,2
"core.yaml::TaxRateGroupListResponse",4,1,5
"core.yaml::TaxRate",1,2,3
"core.yaml::TaxRateIncluded",1,2,3
"core.yaml::TaxRateResponse",2,1,3
"core.yaml::TaxRateListResponse",4,1,5
"core.yaml::KPIEntityIncluded",0,2,2
"core.yaml::AppEventResponse",2,1,3
"core.yaml::AppEventIncluded",0,2,2
"core.yaml::AppEventListResponse",4,1,5
"core.yaml::CustomView",2,1,3
"core.yaml::CustomViewAttributes",0,2,2
"core.yaml::CustomViewDetailed",2,2,4
"core.yaml::CustomViewDetailedResponse",2,3,5
"core.yaml::CustomViewIncluded",0,2,2
"core.yaml::CustomViewListResponse",4,1,5
"core.yaml::CustomViewRequest",1,2,3
"core.yaml::AccountingPeriodListResponse",3,1,4
"core.yaml::ReportTemplateAttributes",2,2,4
"core.yaml::ReportTemplateType",0,1,1
"core.yaml::ReportDataAdapterType",0,1,1
"core.yaml::ReportStringTemplate",2,1,3
"core.yaml::ReportStringTemplateResponse",1,1,2
"core.yaml::ReportEngineTemplate",3,1,4
"core.yaml::ReportFormatType",0,1,1
"core.yaml::ReportEngineTemplateResponse",1,1,2
"core.yaml::ReportTemplateEntity",1,1,2
"core.yaml::ReportTemplateEntityListResponse",2,2,4
"core.yaml::ReportTemplateEntityIncluded",0,1,1
"core.yaml::JobStatus",0,1,1
"core.yaml::ReportQueueEntryResponse",2,2,4
"core.yaml::ReportQueueEntryIncluded",0,1,1
"core.yaml::ReportQueueEntryRequest",1,1,2
"core.yaml::ReportTemplateLiteListResponse",1,1,2
"core.yaml::ReportTemplateLite",0,1,1
"core.yaml::OwnerTypeId",0,1,1
"core.yaml::SalesPointStatusId",0,1,1
"core.yaml::SalesPointResponse",2,1,3
"core.yaml::SalesPointIncluded",0,2,2
"core.yaml::SalesPointListResponse",4,1,5
"core.yaml::SalesDepartmentListResponse",4,1,5
"core.yaml::SalesDepartmentIncluded",0,1,1
"core.yaml::BulkUpdateDataRequest",1,1,2
"core.yaml::BulkUpdateData",0,1,1
"core.yaml::BulkUpdateDataImportInfo",1,1,2
"core.yaml::BulkUpdateDataImportInfoResponse",1,1,2
"core.yaml::PrivacyAgreement",1,1,2
"core.yaml::PrivacyAgreementListResponse",1,2,3
"core.yaml::PrivacyAgreementUpdateData",1,1,2
"core.yaml::PrivacyAgreementsStatusRequest",1,1,2
"core.yaml::PartyTask",2,1,3
"core.yaml::TaskAttributes",0,1,1
"core.yaml::TaskRelationships",0,1,1
"core.yaml::PartyTaskListResponse",4,2,6
"core.yaml::TaskIncluded",0,1,1
"core.yaml::DictEntityDataResponse",1,1,2
"core.yaml::DictEntityData",0,2,2
"core.yaml::DictEntityDataRequest",1,1,2
"core.yaml::GET /user-profiles/{id}",1,0,1
"core.yaml::PATCH /user-profiles/{id}",3,0,3
"core.yaml::DELETE /user-profiles/{id}",1,0,1
"core.yaml::GET /user-profiles/who-am-i",2,0,2
"core.yaml::POST /user-profiles",3,0,3
"core.yaml::POST /user-profiles/sign-up",3,0,3
"core.yaml::GET /user-registration-requests/{id}",1,0,1
"core.yaml::PATCH /user-registration-requests/{id}",3,0,3
"core.yaml::GET /user-profiles/remote-access",2,0,2
"core.yaml::ExternalService",0,1,1
"core.yaml::GET /user-profiles/{id}/devices",1,0,1
"devices.yaml::DeviceAppListResponse",4,2,6
"core.yaml::GET /user-profiles/{id}/hierarchies",1,0,1
"core.yaml::PATCH /user-profiles/{id}/linked-profiles",4,0,4
"core.yaml::UpdateLinkedProfilesRequest",0,1,1
"core.yaml::GET /user-profiles/{id}/kpis",1,0,1
"core.yaml::GET /user-profiles/{id}/kpis/{kpiId}",1,0,1
"core.yaml::POST /user-profiles-widgets",3,0,3
"core.yaml::PATCH /user-profiles-widgets/{id}",3,0,3
"core.yaml::DELETE /user-profiles-widgets/{id}",1,0,1
"core.yaml::GET /user-profile-stats",1,0,1
"core.yaml::PATCH /user-profile-stats",3,0,3
"core.yaml::PATCH /user-profile-stats/{statId}",3,0,3
"stats.yaml::StatTargetLocation",0,2,2
"core.yaml::GET /apps/{id}",1,0,1
"core.yaml::GET /apps/{id}/devices",1,0,1
"devices.yaml::DeviceListResponse",3,2,5
"core.yaml::POST /apps/{id}/custom-views",3,0,3
"core.yaml::GET /apps/{appId}/custom-views/{viewId}",1,0,1
"core.yaml::PATCH /apps/{appId}/custom-views/{viewId}",4,0,4
"core.yaml::DELETE /apps/{appId}/custom-views/{viewId}",2,0,2
"core.yaml::GET /roles/{id}",1,0,1
"core.yaml::GET /organizations/{id}",1,0,1
"core.yaml::PATCH /organizations/{id}",3,0,3
"core.yaml::POST /organizations",3,0,3
"core.yaml::POST /dict/entities",3,0,3
"core.yaml::GET /dict/entities/{id}",1,0,1
"core.yaml::GET /dict/{entityName}/{id}",1,0,1
"core.yaml::POST /dict/cache/reload",1,0,1
"core.yaml::GET /languages/{id}",1,0,1
"core.yaml::GET /currencies/{id}",1,0,1
"core.yaml::GET /units-of-measurement/{id}",1,0,1
"core.yaml::GET /tags/{id}",1,0,1
"core.yaml::PATCH /tags/{id}",3,0,3
"core.yaml::DELETE /tags/{id}",1,0,1
"core.yaml::POST /tags",3,0,3
"core.yaml::GET /entities/{entityId}/{entityObjectId}/tags",1,0,1
"core.yaml::GET /note-types/{id}",1,0,1
"core.yaml::PATCH /note-types/{id}",3,0,3
"core.yaml::DELETE /note-types/{id}",1,0,1
"core.yaml::POST /note-types",3,0,3
"core.yaml::GET /entities/{entityName}/{entityObjectId}/notes/{noteId}",2,0,2
"core.yaml::PATCH /entities/{entityName}/{entityObjectId}/notes/{noteId}",3,0,3
"core.yaml::DELETE /entities/{entityName}/{entityObjectId}/notes/{noteId}",1,0,1
"core.yaml::POST /entities/{entityName}/{entityObjectId}/notes",3,0,3
"core.yaml::GET /countries/{id}",1,0,1
"core.yaml::GET /warehouses/{id}",1,0,1
"core.yaml::GET /taxes/{id}",1,0,1
"jsonapi.yaml::apiError",1,4,5
"core.yaml::GET /taxes/tax-regimes/{id}",1,0,1
"core.yaml::GET /taxes/tax-rate-groups/{groupId}",1,0,1
"core.yaml::GET /taxes/tax-rates/{id}",1,0,1
"core.yaml::GET /permissions/{id}",1,0,1
"core.yaml::GET /app-events/{id}",2,0,2
"core.yaml::DELETE /app-events/{id}",2,0,2
"core.yaml::GET /report-queue/{queueEntryId}",1,0,1
"core.yaml::GET /reports/engine-templates/{id}",1,0,1
"core.yaml::GET /reports/string-templates/{id}",1,0,1
"core.yaml::GET /sales-points/{id}",1,0,1
"core.yaml::GET /privacy-purposes",2,0,2
"core.yaml::PATCH /parties/{id}/privacy-agreements",3,0,3
"core.yaml::POST /email-verification/start",1,0,1
"core.yaml::POST /email-verification",1,0,1
"customerContacts.yaml::Contact",5,3,8
"customerContacts.yaml::Email",0,1,1
"customerContacts.yaml::Phone",0,1,1
"customerContacts.yaml::relToOne",0,1,1
"customerContacts.yaml::relToManyReadOnly",0,1,1
"customerContacts.yaml::relToManyParties",0,1,1
"customerContacts.yaml::ContactIncluded",1,2,3
"customerContacts.yaml::PrivacyAgreement",0,1,1
"customerContacts.yaml::ContactResponse",2,4,6
"customerContacts.yaml::ContactListResponse",2,1,3
"customerContacts.yaml::ContactRequest",1,2,3
"customerContacts.yaml::POST /customers/{id}/contacts",3,0,3
"customerContacts.yaml::GET /customers/{customerId}/contacts/{contactId}",1,0,1
"customerContacts.yaml::PATCH /customers/{customerId}/contacts/{contactId}",3,0,3
"customerContacts.yaml::DELETE /customers/{customerId}/contacts/{contactId}",1,0,1
"customerContacts.yaml::PATCH /customers/{customerId}/contacts/{contactId}/swap",2,0,2
"customerContracts.yaml::CustomerContractAssetsResponse",4,1,5
"customerContracts.yaml::PaginationMeta",0,2,2
"customerContracts.yaml::pagination",0,2,2
"customerContracts.yaml::CustomerContractAssetIncluded",0,1,1
"customerContracts.yaml::CustomerContractResponse",2,1,3
"customerContracts.yaml::CustomerContractIncluded",0,2,2
"customerContracts.yaml::CustomerContractListResponse",4,1,5
"customerContracts.yaml::GET /customer-contracts/{id}",1,0,1
"customers.yaml::CustomerOperations",1,2,3
"customers.yaml::Operations",0,1,1
"customers.yaml::CustomerAttributes",7,4,11
"customers.yaml::Address",0,3,3
"customers.yaml::Email",0,2,2
"customers.yaml::Phone",0,2,2
"customers.yaml::apiDate",0,1,1
"customers.yaml::isDraft",0,2,2
"customers.yaml::lastChangeTs",0,2,2
"customers.yaml::CustomerAttributesLite",3,1,4
"customers.yaml::relToOneNullable",0,1,1
"customers.yaml::Customer",2,3,5
"customers.yaml::CustomerResponse",2,2,4
"customers.yaml::CustomerIncluded",0,2,2
"customers.yaml::CustomerListResponse",4,1,5
"customers.yaml::PaginationMeta",0,3,3
"customers.yaml::pagination",0,4,4
"customers.yaml::CustomerRequest",1,0,1
"customers.yaml::CustomerInfo",1,1,2
"customers.yaml::CustomerInfoListResponse",3,1,4
"customers.yaml::CreditStatus",0,3,3
"customers.yaml::ProcessingStatus",0,1,1
"customers.yaml::EntityAttributeValue",0,2,2
"customers.yaml::CustomerAccountAttributesLite",2,1,3
"customers.yaml::CustomerAccountAttributesWithCustomer",3,1,4
"customers.yaml::CustomerAccountAttributesWithCustomerLite",2,1,3
"customers.yaml::CustomerAccount",2,2,4
"customers.yaml::CustomerAccountFullRelationships",2,2,4
"customers.yaml::CustomerAccountLite",2,1,3
"customers.yaml::CustomerAccountFullRelationshipsLite",2,1,3
"customers.yaml::CustomerAccountResponse",2,5,7
"customers.yaml::CustomerAccountIncluded",0,2,2
"customers.yaml::CustomerAccountListResponse",4,1,5
"customers.yaml::CustomerAccountListMeta",0,1,1
"customers.yaml::CustomerAccountCreate",1,1,2
"customers.yaml::CustomerAccountRequest",1,1,2
"customers.yaml::CustomerAccountRequestLite",1,1,2
"customers.yaml::CustomerAccountFullResponse",2,0,2
"customers.yaml::CustomerAccountFull",2,2,4
"customers.yaml::CustomerAccountFullIncluded",0,2,2
"customers.yaml::CustomerAccountFullListResponse",4,1,5
"customers.yaml::CustomerAccountFullAttributes",3,1,4
"customers.yaml::LinkableCustomerAccount",1,0,1
"customers.yaml::LinkableCustomerAccountAttributesWithCustomer",3,1,4
"customers.yaml::LinkingInfo",0,1,1
"customers.yaml::CustomerTask",3,1,4
"customers.yaml::TaskAttributes",0,1,1
"customers.yaml::AssigneeType",0,1,1
"customers.yaml::TaskRelationships",0,1,1
"customers.yaml::CustomerTaskRequest",1,1,2
"customers.yaml::SalesOrderEligibility",3,1,4
"customers.yaml::DeliveryDateType",0,1,1
"customers.yaml::PriceVisibilityMode",0,1,1
"customers.yaml::SalesOrderEligibilityResponse",1,1,2
"customers.yaml::GET /customers/{id}",1,0,1
"customers.yaml::DELETE /customers/{id}",1,0,1
"customers.yaml::PATCH /customers/{id}/status",3,0,3
"customers.yaml::CustomerStatusRequest",0,1,1
"customers.yaml::GET /customer-accounts/{id}",1,0,1
"customers.yaml::PATCH /customer-accounts/{id}",3,0,3
"customers.yaml::DELETE /customer-accounts/{id}",1,0,1
"customers.yaml::POST /customer-accounts",3,0,3
"customers.yaml::GET /customer-accounts/{customerAccountId}/kpis/{kpiId}",1,0,1
"customers.yaml::GET /customer-accounts/{id}/kpis",1,0,1
"customers.yaml::GET /customer-accounts/{id}/clusters",1,0,1
"customers.yaml::GET /customer-accounts/sheets",5,0,5
"entityAttributes.yaml::UNDEFINED_SCHEMA",0,6,6
"entityAttributes.yaml::EntitySheetListResponse",3,6,9
"customers.yaml::POST /customer-accounts/{id}/edit",2,0,2
"customers.yaml::POST /customer-accounts/{id}/publish",2,0,2
"core.yaml::TagsOperation",0,2,2
"customers.yaml::POST /customer-accounts/{customerAccountId}/tags/{tagId}",1,0,1
"customers.yaml::DELETE /customer-accounts/{customerAccountId}/tags/{tagId}",1,0,1
"customers.yaml::POST /customer-accounts/bulk-update/data-upload",2,0,2
"customers.yaml::POST /customer-accounts/bulk-update",3,0,3
"customers.yaml::GET /customers/types",2,0,2
"customers.yaml::EligibleCustomerTypeListResponse",0,1,1
"customers.yaml::GET /customers/types/{customerTypeId}",2,0,2
"customers.yaml::GET /customer-accounts/{id}/history",1,0,1
"customers.yaml::CustomerAccountHistoryListResponse",0,1,1
"customers.yaml::GET /customer-accounts/{customerAccountId}/sales-order-eligibility",1,0,1
"tasks.yaml::CalendarEventListResponse",4,3,7
"devices.yaml::DeviceAttributes",4,2,6
"devices.yaml::DeviceTypeId",0,1,1
"devices.yaml::OSTypeId",0,1,1
"devices.yaml::lastChangeTs",0,1,1
"devices.yaml::apiDateTime",0,2,2
"devices.yaml::Device",1,3,4
"devices.yaml::DeviceResponse",1,4,5
"devices.yaml::PaginationMeta",0,2,2
"devices.yaml::pagination",0,2,2
"devices.yaml::DeviceRequest",1,2,3
"devices.yaml::DeviceAppAttributes",1,2,3
"devices.yaml::DeviceApp",2,3,5
"devices.yaml::DeviceAppResponse",2,3,5
"devices.yaml::DeviceAppIncluded",0,2,2
"devices.yaml::DeviceAppRequest",1,2,3
"devices.yaml::DeviceWithLinks",3,2,5
"devices.yaml::DeviceWithLinksRequest",1,1,2
"devices.yaml::DeviceWithLinksIncluded",1,0,1
"devices.yaml::App",0,1,1
"devices.yaml::GET /devices/{id}",1,0,1
"devices.yaml::PATCH /devices/{id}",3,0,3
"devices.yaml::DELETE /devices/{id}",1,0,1
"devices.yaml::POST /devices/{id}",2,0,2
"devices.yaml::GET /devices/{deviceId}/apps/{appId}",1,0,1
"devices.yaml::PATCH /devices/{deviceId}/apps/{appId}",3,0,3
"devices.yaml::DELETE /devices/{deviceId}/apps/{appId}",1,0,1
"devices.yaml::POST /devices/{id}/apps",3,0,3
"devices.yaml::POST /devices",3,0,3
"devices.yaml::PUT /devices",3,0,3
"digitalContents.yaml::apiDate",0,1,1
"digitalContents.yaml::DigitalContentListResponse",3,2,5
"digitalContents.yaml::pagination",0,4,4
"digitalContents.yaml::DigitalContentIncluded",0,2,2
"digitalContents.yaml::DigitalContentResponse",2,4,6
"digitalContents.yaml::DigitalContentRequest",1,1,2
"digitalContents.yaml::DigitalContentRequestRequired",1,2,3
"digitalContents.yaml::DigitalContentTypeResponse",1,1,2
"digitalContents.yaml::DigitalContentType",0,3,3
"digitalContents.yaml::DigitalContentTypeListResponse",3,1,4
"digitalContents.yaml::PaginationMeta",0,3,3
"digitalContents.yaml::DigitalContentCategory",1,1,2
"digitalContents.yaml::relToMany",0,1,1
"digitalContents.yaml::DigitalContentCategoryIncluded",1,1,2
"digitalContents.yaml::DigitalContentCategoryListResponse",4,1,5
"digitalContents.yaml::Rendition",3,3,6
"digitalContents.yaml::StorageTypeId",0,1,1
"digitalContents.yaml::RenditionStatusId",0,1,1
"digitalContents.yaml::RenditionIncluded",1,2,3
"digitalContents.yaml::RenditionListResponse",4,1,5
"digitalContents.yaml::RenditionResponse",2,1,3
"digitalContents.yaml::RenditionRequest",1,1,2
"digitalContents.yaml::DigitalContentSequenceRequest",1,1,2
"digitalContents.yaml::DigitalContentSequence",0,1,1
"digitalContents.yaml::POST /contents/entities/{entityId}/{entityObjectId}",3,0,3
"digitalContents.yaml::GET /contents/media/{contentId}",1,0,1
"digitalContents.yaml::DELETE /contents/media/{contentId}",1,0,1
"digitalContents.yaml::PATCH /contents/media/{contentId}",3,0,3
"digitalContents.yaml::PUT /contents/media/{contentId}",3,0,3
"digitalContents.yaml::GET /contents/media/{contentId}/renditions",3,0,3
"digitalContents.yaml::POST /contents/media/{contentId}/renditions",3,0,3
"digitalContents.yaml::GET /contents/types/{typeId}",1,0,1
"discountlists.yaml::DiscountListType",0,1,1
"discountlists.yaml::DiscountMode",0,2,2
"discountlists.yaml::lastChangeTs",0,4,4
"discountlists.yaml::isDraft",0,4,4
"discountlists.yaml::Operations",0,2,2
"discountlists.yaml::DiscountListResponse",2,5,7
"discountlists.yaml::DiscountListIncluded",0,2,2
"discountlists.yaml::DiscountListCollectionResponse",4,1,5
"discountlists.yaml::PaginationMeta",0,4,4
"discountlists.yaml::pagination",0,4,4
"discountlists.yaml::DiscountListRequest",1,2,3
"discountlists.yaml::SimpleEntity",0,2,2
"discountlists.yaml::CustomerDiscountListResponse",2,3,5
"discountlists.yaml::CustomerDiscountListIncluded",0,2,2
"discountlists.yaml::CustomerDiscountListCollectionResponse",4,1,5
"discountlists.yaml::CustomerDiscountListRequest",1,2,3
"discountlists.yaml::DiscountListDetailDiscount",3,1,4
"discountlists.yaml::DiscountListDetailResponse",2,2,4
"discountlists.yaml::DiscountListDetailIncluded",0,2,2
"discountlists.yaml::DiscountListDetailListResponse",4,2,6
"discountlists.yaml::DiscountListDetailRequest",1,1,2
"discountlists.yaml::DiscountListDetailListRequest",1,1,2
"discountlists.yaml::DiscountType",0,1,1
"discountlists.yaml::EligibleCustomerAccountListResponse",3,1,4
"discountlists.yaml::LinkableCustomerAccount",0,1,1
"discountlists.yaml::GET /discount-lists/{id}",1,0,1
"discountlists.yaml::PATCH /discount-lists/{id}",4,0,4
"discountlists.yaml::DELETE /discount-lists/{id}",2,0,2
"discountlists.yaml::POST /discount-lists/{id}/edit",2,0,2
"discountlists.yaml::POST /discount-lists/{id}/publish",2,0,2
"discountlists.yaml::POST /discount-lists",3,0,3
"discountlists.yaml::POST /discount-lists/{discountListId}/customer-accounts",4,0,4
"discountlists.yaml::GET /discount-lists/{discountListId}/customer-accounts/{id}",1,0,1
"discountlists.yaml::PATCH /discount-lists/{discountListId}/customer-accounts/{id}",4,0,4
"discountlists.yaml::DELETE /discount-lists/{discountListId}/customer-accounts/{id}",2,0,2
"discountlists.yaml::POST /discount-lists/{discountListId}/details",4,0,4
"discountlists.yaml::GET /discount-lists/{discountListId}/details/{detailId}",1,0,1
"discountlists.yaml::PATCH /discount-lists/{discountListId}/details/{detailId}",3,0,3
"discountlists.yaml::DELETE /discount-lists/{discountListId}/details/{detailId}",1,0,1
"documents.yaml::DeliveryDateType",0,1,1
"documents.yaml::PriceListMode",0,1,1
"documents.yaml::MinOrderAmountCheck",0,1,1
"documents.yaml::isDraft",0,3,3
"documents.yaml::lastChangeTs",0,3,3
"documents.yaml::BusinessConditionType",0,1,1
"documents.yaml::DocTypeResponse",2,1,3
"documents.yaml::DocTypeIncluded",0,2,2
"documents.yaml::DocTypeListResponse",4,3,7
"documents.yaml::PaginationMeta",0,9,9
"documents.yaml::pagination",0,9,9
"documents.yaml::DocTypeRequest",1,0,1
"documents.yaml::DocCategoryResponse",1,1,2
"documents.yaml::DocCategory",0,3,3
"documents.yaml::DocCategoryListResponse",3,1,4
"documents.yaml::DocCategoryRequest",1,0,1
"documents.yaml::DocNumberRange",3,3,6
"documents.yaml::DocNumberRangeResponse",2,0,2
"documents.yaml::DocNumberRangeIncluded",0,2,2
"documents.yaml::DocNumberRangeListResponse",4,0,4
"documents.yaml::DocNumberRangeRequest",1,0,1
"documents.yaml::TransferStatus",0,3,3
"documents.yaml::apiDateTimeReadOnly",0,1,1
"documents.yaml::PriceVisibilityMode",0,1,1
"documents.yaml::DocHeaderAttributesLite",1,0,1
"documents.yaml::relToOneReadOnly",0,1,1
"documents.yaml::relToOneWithMetaReadOnly",0,2,2
"documents.yaml::relToManyReadOnly",0,1,1
"documents.yaml::DocHeader",2,1,3
"documents.yaml::DocHeaderListResponse",4,1,5
"documents.yaml::DocHeaderIncluded",0,1,1
"documents.yaml::DocHeaderLiteListResponse",1,5,6
"documents.yaml::DocTransferStatusListResponse",3,3,6
"documents.yaml::ReasonDocTypeResponse",2,3,5
"documents.yaml::ReasonDocTypeIncluded",0,2,2
"documents.yaml::ReasonDocTypeListResponse",4,1,5
"documents.yaml::ReasonDocTypeRequest",1,2,3
"documents.yaml::Reason",1,3,4
"documents.yaml::ReasonIncluded",1,2,3
"documents.yaml::Organization",0,1,1
"documents.yaml::ReasonResponse",2,3,5
"documents.yaml::ReasonListResponse",4,1,5
"documents.yaml::ReasonRequest",1,2,3
"documents.yaml::ReasonBlockResponse",2,2,4
"documents.yaml::ReasonBlockIncluded",0,3,3
"documents.yaml::ReasonBlockListResponse",4,2,6
"documents.yaml::ReasonBlockRequest",1,1,2
"documents.yaml::ReasonBlockListRequest",1,1,2
"documents.yaml::ReasonBlockValidate",2,1,3
"documents.yaml::ReasonBlockValidateRequest",1,1,2
"documents.yaml::ReasonBlockValidateListResponse",4,1,5
"documents.yaml::TransferStatusRequest",1,3,4
"documents.yaml::DocWithItemsHeaderFilters",2,0,2
"documents.yaml::DocHeaderFilters",0,1,1
"documents.yaml::DocWithItemsFilters",0,1,1
"documents.yaml::CommonDocLineRelationships",2,0,2
"documents.yaml::DocEmailRecipient",1,1,2
"documents.yaml::Email",0,1,1
"documents.yaml::DocEmailRecipientListResponse",1,2,3
"documents.yaml::InboundLineAttributes",2,1,3
"documents.yaml::InboundItem",0,1,1
"documents.yaml::apiDateTime",0,2,2
"documents.yaml::InboundLineRelationships",2,1,3
"documents.yaml::InboundLine",2,0,2
"documents.yaml::CompileReadingDocRequestData",1,1,2
"documents.yaml::ReadingQueue",0,1,1
"documents.yaml::CompileReadingDocRequest",1,2,3
"documents.yaml::ReleaseReadingDocRequest",1,2,3
"documents.yaml::UnexpectedReleaseStrategy",0,1,1
"documents.yaml::ReadingDocFulfilledDocHeader",1,1,2
"documents.yaml::CommonReadingDocGroupingAttributes",3,4,7
"documents.yaml::GroupByLineGroup",2,1,3
"documents.yaml::GroupItem",0,3,3
"documents.yaml::GroupByLineStrategy",1,1,2
"documents.yaml::GroupByPackageStrategy",1,1,2
"documents.yaml::GroupByLinePackageStrategy",1,1,2
"documents.yaml::SerialsOnlyStrategy",1,1,2
"documents.yaml::ReadingDocAggregatedData",6,1,7
"documents.yaml::ReadingDocCounters",0,1,1
"documents.yaml::ReadingDocPackageCounters",0,1,1
"documents.yaml::ReadingDocGetAggregatedResponse",1,2,3
"documents.yaml::UpdateReadingDocInstancesRequest",1,4,5
"documents.yaml::UpdateReadingDocInstancesRequestData",0,1,1
"documents.yaml::UpdatableItemInstanceProperty",1,1,2
"documents.yaml::UpdatableItemInstancePropertyName",0,1,1
"documents.yaml::UpdateReadingDocInstancesPropertiesRequestData",1,1,2
"documents.yaml::UpdateReadingDocInstancesPropertiesRequest",1,2,3
"documents.yaml::ResetReadingDocRequest",1,2,3
"documents.yaml::ResetReadingDocRequestData",0,1,1
"documents.yaml::GET /doc-types/{id}",1,0,1
"documents.yaml::GET /doc-categories/{id}",1,0,1
"documents.yaml::GET /reasons/{reasonId}/doc-types",1,0,1
"documents.yaml::POST /reasons/{reasonId}/doc-types",3,0,3
"documents.yaml::GET /reasons/{reasonId}/doc-types/{docTypeId}",1,0,1
"documents.yaml::DELETE /reasons/{reasonId}/doc-types/{docTypeId}",1,0,1
"documents.yaml::PATCH /reasons/{reasonId}/doc-types/{docTypeId}",3,0,3
"documents.yaml::GET /reasons/{reasonId}/blocks/{blockId}",1,0,1
"documents.yaml::DELETE /reasons/{reasonId}/blocks/{blockId}",1,0,1
"documents.yaml::PATCH /reasons/{reasonId}/blocks/{blockId}",3,0,3
"documents.yaml::POST /reasons/{reasonId}/blocks",3,0,3
"documents.yaml::POST /reasons/{reasonId}/blocks/validate",3,0,3
"documents.yaml::GET /reasons/{id}",1,0,1
"documents.yaml::DELETE /reasons/{id}",1,0,1
"documents.yaml::PATCH /reasons/{id}",3,0,3
"documents.yaml::POST /reasons",4,0,4
"entityAttributes.yaml::EntityAttributeAttributes",3,2,5
"entityAttributes.yaml::EntityAttributeDataType",0,4,4
"entityAttributes.yaml::ConstraintDefinition",0,1,1
"entityAttributes.yaml::ItemSubscriptionService",0,1,1
"entityAttributes.yaml::EntityAttribute",1,2,3
"entityAttributes.yaml::EntityAttributeListResponse",3,1,4
"entityAttributes.yaml::PaginationMeta",0,8,8
"entityAttributes.yaml::pagination",0,8,8
"entityAttributes.yaml::SheetEntityAttributeValueIncluded",1,1,2
"entityAttributes.yaml::SheetEntityAttribute",2,4,6
"entityAttributes.yaml::SheetEntityAttributeValueRequest",1,1,2
"entityAttributes.yaml::SheetEntityAttributeValue",1,2,3
"entityAttributes.yaml::SheetEntityAttributeValueResponse",2,2,4
"entityAttributes.yaml::SheetEntityAttributeDefinition",2,2,4
"entityAttributes.yaml::SheetEntityAttributeAttributes",0,1,1
"entityAttributes.yaml::relToOne",0,4,4
"entityAttributes.yaml::SheetExEntityAttributeValue",2,1,3
"entityAttributes.yaml::EntityAttributeValueTranslations",0,2,2
"entityAttributes.yaml::SheetEx",4,2,6
"entityAttributes.yaml::isDraft",0,2,2
"entityAttributes.yaml::lastChangeTs",0,3,3
"entityAttributes.yaml::relToMany",0,1,1
"entityAttributes.yaml::SheetExResponse",2,1,3
"entityAttributes.yaml::SheetExIncluded",0,2,2
"entityAttributes.yaml::SheetExListResponse",4,1,5
"entityAttributes.yaml::EntitySheet",3,2,5
"entityAttributes.yaml::EntitySheetResponse",1,1,2
"entityAttributes.yaml::EntityAttributeValue",2,0,2
"entityAttributes.yaml::EntityAttributeOptions",1,1,2
"entityAttributes.yaml::EntityAttributeOptionsListResponse",3,1,4
"entityAttributes.yaml::EligibleEntityAttributeDefinition",1,1,2
"entityAttributes.yaml::ListEligibleEntityAttributeDefinitionResponse",3,1,4
"entityAttributes.yaml::ListSheetEntityAttributeResponse",3,2,5
"entityAttributes.yaml::SheetEntityAttributeResponse",1,1,2
"entityAttributes.yaml::EntityAttributeCreationData",1,1,2
"entityAttributes.yaml::CreateEntityAttributeRequest",1,1,2
"entityAttributes.yaml::EntityAttributeResponse",1,1,2
"entityAttributes.yaml::UpdateEntityAttributeForSheetRequest",1,1,2
"entityAttributes.yaml::UpdateEntityAttributeForSheetData",0,1,1
"entityAttributes.yaml::CreateSheetRequest",1,1,2
"entityAttributes.yaml::CreateSheetData",0,1,1
"entityAttributes.yaml::UpdateSheetRequest",1,1,2
"entityAttributes.yaml::UpdateSheetData",0,1,1
"entityAttributes.yaml::ProcessingStatus",0,1,1
"entityAttributes.yaml::relToManyWithMeta",0,1,1
"entityAttributes.yaml::relationshipLinks",0,1,1
"entityAttributes.yaml::relationshipToManyMeta",0,1,1
"entityAttributes.yaml::relToManyMeta",0,1,1
"entityAttributes.yaml::SheetResponse",2,5,7
"entityAttributes.yaml::SheetIncluded",0,2,2
"entityAttributes.yaml::SheetListResponse",4,1,5
"entityAttributes.yaml::MinimalSurveyDocSection",1,1,2
"entityAttributes.yaml::ListMinimalSurveyDocSectionResponse",4,1,5
"entityAttributes.yaml::SurveyDocTemplate",0,1,1
"entityAttributes.yaml::GET /entities/{entityName}/{entityObjectId}/sheets",2,0,2
"entityAttributes.yaml::GET /entities/{entityName}/sheets",4,0,4
"entityAttributes.yaml::GET /entities/{entityName}/sheets/{id}",4,0,4
"entityAttributes.yaml::GET /entities/{entityName}/{entityObjectId}/sheets/{id}",1,0,1
"entityAttributes.yaml::GET /entities/{entityName}/{entityObjectId}/sheet-attributes/{id}",1,0,1
"entityAttributes.yaml::POST /entities/{entityName}/{entityObjectId}/sheet-attributes/{id}",3,0,3
"entityAttributes.yaml::DELETE /entities/{entityName}/{entityObjectId}/sheet-attributes/{id}",1,0,1
"entityAttributes.yaml::POST /entities/{entityName}/attributes",3,0,3
"entityAttributes.yaml::GET /entities/{entityName}/attributes-options",5,0,5
"entityAttributes.yaml::POST /sheets/{sheetId}/attributes",4,0,4
"entityAttributes.yaml::AddEntityAttributesToSheetRequest",0,1,1
"entityAttributes.yaml::PATCH /sheets/{sheetId}/attributes/{attributeId}",4,0,4
"entityAttributes.yaml::DELETE /sheets/{sheetId}/attributes/{attributeId}",1,0,1
"entityAttributes.yaml::POST /sheets/{sheetId}/edit",3,0,3
"entityAttributes.yaml::POST /sheets/{sheetId}/publish",3,0,3
"entityAttributes.yaml::GET /sheets/{id}",1,0,1
"entityAttributes.yaml::PATCH /sheets/{id}",4,0,4
"entityAttributes.yaml::DELETE /sheets/{id}",2,0,2
"entityAttributes.yaml::POST /sheets",3,0,3
"entitySets.yaml::EntitySetCondition",4,1,5
"entitySets.yaml::LogicOperatorId",0,1,1
"entitySets.yaml::ConditionOperatorId",0,1,1
"entitySets.yaml::EntitySetResponse",2,1,3
"entitySets.yaml::EntitySetIncluded",0,2,2
"entitySets.yaml::EntitySetListResponse",4,1,5
"entitySets.yaml::PaginationMeta",0,1,1
"entitySets.yaml::pagination",0,1,1
"entitySets.yaml::GET /entity-sets/{id}",1,0,1
"greyMarketSurvey.yaml::ReadingMethod",0,2,2
"greyMarketSurvey.yaml::ProcessingStatus",0,1,1
"greyMarketSurvey.yaml::GreyMarketSurveyHeader",2,3,5
"greyMarketSurvey.yaml::GreyMarketSurveyHeaderListResponse",4,1,5
"greyMarketSurvey.yaml::PaginationMeta",0,2,2
"greyMarketSurvey.yaml::pagination",0,2,2
"greyMarketSurvey.yaml::GreyMarketSurveyHeaderIncluded",0,2,2
"greyMarketSurvey.yaml::GreyMarketSurveyHeaderResponse",2,3,5
"greyMarketSurvey.yaml::GreyMarketSurveyHeaderRequest",1,2,3
"greyMarketSurvey.yaml::GreyMarketSurveyLineAttributes",3,1,4
"greyMarketSurvey.yaml::SimpleEntityReadOnly",0,1,1
"greyMarketSurvey.yaml::GreyMarketSurveyLineRelationships",2,1,3
"greyMarketSurvey.yaml::relToOneReadOnly",0,1,1
"greyMarketSurvey.yaml::GreyMarketSurveyLine",2,3,5
"greyMarketSurvey.yaml::GreyMarketSurveyLineListResponse",4,2,6
"greyMarketSurvey.yaml::GreyMarketSurveyLineIncluded",0,2,2
"greyMarketSurvey.yaml::GreyMarketSurveyLineListRequest",1,1,2
"greyMarketSurvey.yaml::GreyMarketSurveyLineResponse",2,1,3
"greyMarketSurvey.yaml::POST /grey-market-surveys/headers",3,0,3
"greyMarketSurvey.yaml::GET /grey-market-surveys/headers/{headerId}",1,0,1
"greyMarketSurvey.yaml::PATCH /grey-market-surveys/headers/{headerId}",3,0,3
"greyMarketSurvey.yaml::POST /grey-market-surveys/headers/{headerId}/lines",3,0,3
"greyMarketSurvey.yaml::GET /grey-market-surveys/lines/{lineId}",1,0,1
"hierarchies.yaml::UserProfileSimple",0,1,1
"hierarchies.yaml::HierarchyNodeResponse",2,4,6
"hierarchies.yaml::HierarchyNodeIncluded",0,2,2
"hierarchies.yaml::HierarchyNodeListResponse",4,3,7
"hierarchies.yaml::PaginationMeta",0,6,6
"hierarchies.yaml::pagination",0,4,4
"hierarchies.yaml::HierarchyNodeRequest",1,2,3
"hierarchies.yaml::ProcessingStatus",0,2,2
"hierarchies.yaml::lastChangeTs",0,3,3
"hierarchies.yaml::isDraft",0,2,2
"hierarchies.yaml::Operations",0,1,1
"hierarchies.yaml::HierarchyResponse",2,5,7
"hierarchies.yaml::HierarchyIncluded",0,2,2
"hierarchies.yaml::HierarchyListResponse",4,1,5
"hierarchies.yaml::HierarchyRequest",1,2,3
"hierarchies.yaml::HierarchyNodeUserProfileListResponse",4,2,6
"hierarchies.yaml::HierarchyNodeUserProfileIncluded",0,2,2
"hierarchies.yaml::HierarchyNodeUserProfileRequest",1,2,3
"hierarchies.yaml::HierarchyNodeUserProfileResponse",2,2,4
"hierarchies.yaml::HierarchyEligibleCustomerAccountListResponse",2,1,3
"hierarchies.yaml::HierarchyEligibleCustomerAccount",0,1,1
"hierarchies.yaml::HierarchyEligibleItemListResponse",3,1,4
"hierarchies.yaml::HierarchyEligibleItemIncluded",0,1,1
"hierarchies.yaml::HierarchyNodeEntityRequest",1,3,4
"hierarchies.yaml::HierarchyNodeEntity",0,1,1
"hierarchies.yaml::EntityAttributeDataType",0,1,1
"hierarchies.yaml::ConstraintDefinition",0,1,1
"hierarchies.yaml::EntityAttributeUpdateAction",0,1,1
"hierarchies.yaml::HierarchyTreeEntityAttributeListResponse",3,1,4
"hierarchies.yaml::GET /hierarchies/{id}",1,0,1
"hierarchies.yaml::PATCH /hierarchies/{id}",3,0,3
"hierarchies.yaml::DELETE /hierarchies/{id}",1,0,1
"hierarchies.yaml::POST /hierarchies/{id}/edit",2,0,2
"hierarchies.yaml::POST /hierarchies/{id}/publish",2,0,2
"hierarchies.yaml::POST /hierarchies",3,0,3
"hierarchies.yaml::GET /hierarchies/{hierarchyId}/hierarchy-nodes/{nodeId}",1,0,1
"hierarchies.yaml::PATCH /hierarchies/{hierarchyId}/hierarchy-nodes/{nodeId}",3,0,3
"hierarchies.yaml::DELETE /hierarchies/{hierarchyId}/hierarchy-nodes/{nodeId}",1,0,1
"hierarchies.yaml::POST /hierarchies/{hierarchyId}/hierarchy-nodes/{nodeId}/children",3,0,3
"hierarchies.yaml::POST /hierarchies/{hierarchyId}/hierarchy-nodes/{nodeId}/hierarchy-node-user-profiles",3,0,3
"hierarchies.yaml::PATCH /hierarchies/{hierarchyId}/hierarchy-nodes/{nodeId}/hierarchy-node-user-profiles/{id}",3,0,3
"hierarchies.yaml::DELETE /hierarchies/{hierarchyId}/hierarchy-nodes/{nodeId}/hierarchy-node-user-profiles/{id}",1,0,1
"items.yaml::ItemListResponse",4,3,7
"hierarchies.yaml::POST /hierarchies/{hierarchyId}/hierarchy-nodes/{nodeId}/entities",3,0,3
"hierarchies.yaml::PATCH /hierarchies/{hierarchyId}/hierarchy-nodes/{nodeId}/entities",2,0,2
"hierarchies.yaml::DELETE /hierarchies/{hierarchyId}/hierarchy-nodes/{nodeId}/entities",2,0,2
"identifiers.yaml::IdentificationUHFReading",1,1,2
"identifiers.yaml::apiDateTime",0,1,1
"identifiers.yaml::UploadIdentificationUHFRequest",1,1,2
"identifiers.yaml::POST /identification-uhf/readings",2,0,2
"identities.yaml::IdentityAttributes",1,1,2
"identities.yaml::apiDateTime",0,2,2
"identities.yaml::Identity",1,2,3
"identities.yaml::IdentityListResponse",2,2,4
"identities.yaml::PaginationMeta",0,1,1
"identities.yaml::IdentityResponse",1,0,1
"identities.yaml::KeepAliveResponse",1,1,2
"identities.yaml::GET /identities/inhibited",2,0,2
"identities.yaml::PATCH /identities/keep-alive",1,0,1
"identities.yaml::POST /enrollment/code/{code}",2,0,2
"identities.yaml::EnrollmentConfirmationRequest",0,1,1
"inventoryDoc.yaml::InventoryDocLineWithHeaderFilters",2,0,2
"inventoryDoc.yaml::InventoryDocHeaderFilters",1,1,2
"inventoryDoc.yaml::InventoryDocLineFilters",0,1,1
"inventoryDoc.yaml::DocHeaderFilters",0,1,1
"inventoryDoc.yaml::InventoryDocHeaderAttributes",1,1,2
"inventoryDoc.yaml::InventoryDocHeaderAttributesWithDocHeader",2,2,4
"inventoryDoc.yaml::DocHeaderAttributes",0,1,1
"inventoryDoc.yaml::InventoryDocHeaderRelationships",1,2,3
"inventoryDoc.yaml::relToOneReadOnly",0,2,2
"inventoryDoc.yaml::InventoryDocHeader",3,2,5
"inventoryDoc.yaml::DocHeaderRelationships",0,2,2
"inventoryDoc.yaml::InventoryDocHeaderResponse",2,1,3
"inventoryDoc.yaml::InventoryDocHeaderIncluded",0,2,2
"inventoryDoc.yaml::InventoryDocHeaderListResponse",4,1,5
"inventoryDoc.yaml::PaginationMeta",0,4,4
"inventoryDoc.yaml::pagination",0,3,3
"inventoryDoc.yaml::InventoryDocLine",3,2,5
"inventoryDoc.yaml::InventoryDocLineResponse",2,0,2
"inventoryDoc.yaml::InventoryDocLineIncluded",0,2,2
"inventoryDoc.yaml::InventoryDocLineListResponse",3,1,4
"inventoryDoc.yaml::InventoryDocLineInstanceAttributes",1,1,2
"inventoryDoc.yaml::CommonDocLineAttributes",0,1,1
"inventoryDoc.yaml::InventoryDocLineInstance",4,1,5
"inventoryDoc.yaml::CommonDocLineRelationships",0,2,2
"inventoryDoc.yaml::InventoryDocLineInstanceListResponse",3,0,3
"inventoryDoc.yaml::InventoryDocLineWithHeader",6,1,7
"inventoryDoc.yaml::InventoryDocLineWithHeaderListResponse",4,1,5
"inventoryDoc.yaml::InventoryDocLineWithHeaderIncluded",0,1,1
"inventoryDoc.yaml::GET /inventory-docs/headers/{headerId}",1,0,1
"inventoryDoc.yaml::GET /inventory-docs/headers/{headerId}/linked-docs",2,0,2
"items.yaml::RecurrenceType",0,1,1
"items.yaml::ItemInstanceType",0,1,1
"items.yaml::lastChangeTs",0,13,13
"items.yaml::EntityAttributeValue",0,2,2
"items.yaml::relationshipLinks",0,1,1
"items.yaml::ItemInstance",2,3,5
"items.yaml::ItemInstanceRequest",1,2,3
"items.yaml::ItemInstanceResponse",2,3,5
"items.yaml::ItemInstanceIncluded",0,2,2
"items.yaml::PaginationMeta",0,18,18
"items.yaml::pagination",0,18,18
"items.yaml::AssetListResponse",4,1,5
"items.yaml::AssetIncluded",0,2,2
"items.yaml::AssetResponse",2,3,5
"items.yaml::AssetRequest",1,2,3
"items.yaml::Item",2,2,4
"items.yaml::UpdatedItem",2,1,3
"items.yaml::UpdatedItemAttributes",1,1,2
"items.yaml::ItemIncluded",0,2,2
"items.yaml::ItemResponse",2,6,8
"items.yaml::isDraft",0,5,5
"items.yaml::SimpleEntityReadOnly",0,1,1
"items.yaml::ItemSubscriptionService",0,1,1
"items.yaml::ItemRequest",1,2,3
"items.yaml::ClonedItemRequest",1,1,2
"items.yaml::ClonedItem",0,1,1
"items.yaml::ItemUnitOfMeasurementAttributes",2,1,3
"items.yaml::ItemUnitOfMeasurement",2,3,5
"items.yaml::ItemUnitOfMeasurementRelationships",2,1,3
"items.yaml::ItemUnitOfMeasurementRequest",1,2,3
"items.yaml::relToManyWithMeta",0,1,1
"items.yaml::ItemUnitOfMeasurementResponse",2,3,5
"items.yaml::ItemUnitOfMeasurementIncluded",0,2,2
"items.yaml::ItemUnitOfMeasurementListResponse",4,1,5
"items.yaml::DocItemUnitOfMeasurement",3,2,5
"items.yaml::DocItemUnitOfMeasurementResponse",1,0,1
"items.yaml::DocItemUnitOfMeasurementListResponse",3,1,4
"items.yaml::ItemSupplier",2,2,4
"items.yaml::ItemSupplierAttributes",1,2,3
"items.yaml::ItemSupplierLite",1,1,2
"items.yaml::ItemSupplierRequest",1,2,3
"items.yaml::ItemSupplierResponse",2,3,5
"items.yaml::ItemSupplierIncluded",0,2,2
"items.yaml::ItemSupplierListResponse",4,1,5
"items.yaml::ItemRelated",3,2,5
"items.yaml::ItemRelatedAttributes",0,1,1
"items.yaml::ItemRelatedResponse",2,2,4
"items.yaml::ItemRelatedIncluded",0,2,2
"items.yaml::ItemRelatedListResponse",4,1,5
"items.yaml::ItemStatusListResponse",2,1,3
"items.yaml::ItemStatus",0,1,1
"items.yaml::ItemStatusIncluded",0,1,1
"items.yaml::ItemBarcodeAttributes",2,2,4
"items.yaml::ItemBarcode",2,3,5
"items.yaml::ItemBarcodeRequest",1,2,3
"items.yaml::ItemBarcodeResponse",2,2,4
"items.yaml::ItemBarcodeIncluded",0,2,2
"items.yaml::ItemBarcodeListResponse",4,1,5
"items.yaml::AllergenAttributes",1,1,2
"items.yaml::Allergen",1,2,3
"items.yaml::AllergenResponse",1,1,2
"items.yaml::AllergenListResponse",3,1,4
"items.yaml::ItemAllergenAttributes",1,1,2
"items.yaml::ItemAllergenRelationships",2,1,3
"items.yaml::ItemAllergen",2,2,4
"items.yaml::ItemAllergenResponse",2,2,4
"items.yaml::ItemAllergenIncluded",0,1,1
"items.yaml::ItemAllergenListResponse",3,1,4
"items.yaml::ItemPackagingPartAttributes",1,1,2
"items.yaml::ItemPackagingPartRelationships",1,1,2
"items.yaml::ItemPackagingPart",2,3,5
"items.yaml::ItemPackagingPartRequest",1,2,3
"items.yaml::ItemPackagingPartResponse",2,3,5
"items.yaml::ItemPackagingPartIncluded",0,2,2
"items.yaml::ItemPackagingPartListResponse",4,1,5
"items.yaml::DocLineInstanceListResponse",3,1,4
"items.yaml::DocLineInstance",2,1,3
"items.yaml::ItemCategoryUnitOfMeasurement",1,1,2
"items.yaml::ItemCategoryUnitOfMeasurementIncluded",1,1,2
"items.yaml::UnitOfMeasurement",0,1,1
"items.yaml::ItemCategoryUnitOfMeasurementListResponse",4,1,5
"items.yaml::ItemCategory",1,3,4
"items.yaml::ItemCategoryResponse",1,1,2
"items.yaml::ItemCategoryListResponse",3,1,4
"items.yaml::ItemCategoryRequest",1,0,1
"items.yaml::WarehouseItemEntry",2,1,3
"items.yaml::WarehouseItemEntryListResponse",4,1,5
"items.yaml::WarehouseItemEntryIncluded",0,1,1
"items.yaml::ItemInstancePlantResponse",2,0,2
"items.yaml::Plant",0,1,1
"items.yaml::PlantIncluded",0,1,1
"items.yaml::NutritionFact",1,2,3
"items.yaml::NutritionFactResponse",1,1,2
"items.yaml::NutritionFactListResponse",3,1,4
"items.yaml::ItemNutritionFactAttributes",2,1,3
"items.yaml::ItemNutritionFactRelationships",1,1,2
"items.yaml::ItemNutritionFact",2,3,5
"items.yaml::ItemNutritionFactRequest",1,2,3
"items.yaml::ItemNutritionFactResponse",2,3,5
"items.yaml::ItemNutritionFactIncluded",0,2,2
"items.yaml::ItemNutritionFactListResponse",4,1,5
"items.yaml::ItemsRelatedFilters",1,1,2
"items.yaml::ItemsCommonFilters",0,7,7
"items.yaml::AvailabilityLevelId",0,1,1
"items.yaml::AvailableStockListResponse",4,2,6
"items.yaml::AvailableStockIncluded",0,2,2
"items.yaml::AvailableStockResponse",2,1,3
"items.yaml::AvailableStockRequest",1,1,2
"items.yaml::RelatedItemsSummary",0,1,1
"items.yaml::FullItemResponse",2,1,3
"items.yaml::FullItemIncluded",0,1,1
"items.yaml::ItemMarketplace",1,3,4
"items.yaml::ItemMarketplaceListResponse",1,2,3
"items.yaml::ItemMarketplaceResponse",1,0,1
"items.yaml::ItemMarketplaceRequest",1,1,2
"items.yaml::ItemStockLevel",1,3,4
"items.yaml::ItemStockLevelResponse",1,0,1
"items.yaml::ItemStockLevelListResponse",1,2,3
"items.yaml::ItemStockLevelRequest",1,1,2
"items.yaml::GET /items/{itemId}/units-of-measurement/{unitOfMeasurementId}",1,0,1
"items.yaml::PATCH /items/{itemId}/units-of-measurement/{unitOfMeasurementId}",3,0,3
"items.yaml::DELETE /items/{itemId}/units-of-measurement/{unitOfMeasurementId}",1,0,1
"items.yaml::POST /items/{itemId}/units-of-measurement",3,0,3
"items.yaml::GET /items/{id}",2,0,2
"items.yaml::PATCH /items/{id}",3,0,3
"items.yaml::DELETE /items/{id}",1,0,1
"items.yaml::GET /items/{id}/full",1,0,1
"items.yaml::POST /items/{id}/edit",2,0,2
"items.yaml::POST /items/{id}/publish",2,0,2
"items.yaml::POST /items/{id}/clone",3,0,3
"items.yaml::GET /items/{id}/draft-ownership",1,0,1
"items.yaml::PATCH /items/{id}/draft-ownership",2,0,2
"core.yaml::ChangeDraftEntityOwnershipRequest",0,3,3
"items.yaml::GET /items/{id}/marketplaces",1,0,1
"items.yaml::POST /items/{id}/marketplaces",3,0,3
"items.yaml::DELETE /items/{itemId}/marketplaces/{marketplaceId}",1,0,1
"items.yaml::POST /items",3,0,3
"items.yaml::GET /items/availability",2,0,2
"items.yaml::POST /items/availability",3,0,3
"items.yaml::PATCH /items/availability/{availabilityId}",5,0,5
"items.yaml::POST /items/barcodes",3,0,3
"items.yaml::PATCH /items/barcodes/{barcodeId}",3,0,3
"items.yaml::DELETE /items/barcodes/{barcodeId}",1,0,1
"items.yaml::POST /items/{itemId}/tags/{tagId}",1,0,1
"items.yaml::DELETE /items/{itemId}/tags/{tagId}",1,0,1
"items.yaml::ItemMarketplaceOperation",0,1,1
"items.yaml::POST /item-instances",3,0,3
"items.yaml::GET /item-instances/{id}",1,0,1
"items.yaml::PATCH /item-instances/{id}",3,0,3
"items.yaml::DELETE /item-instances/{id}",1,0,1
"items.yaml::GET /item-instances/{id}/warehouse-item-entries",2,0,2
"items.yaml::GET /item-instances/sheets",5,0,5
"items.yaml::POST /item-instances/assets",3,0,3
"items.yaml::GET /item-instances/assets/{assetId}",1,0,1
"items.yaml::PATCH /item-instances/assets/{assetId}",3,0,3
"items.yaml::DELETE /item-instances/assets/{assetId}",1,0,1
"items.yaml::GET /allergens/{allergenId}",1,0,1
"items.yaml::GET /items/{itemId}/containments/{allergenContainmentTypeId}/allergens/{allergenId}",1,0,1
"items.yaml::POST /items/{itemId}/containments/{allergenContainmentTypeId}/allergens/{allergenId}",2,0,2
"items.yaml::DELETE /items/{itemId}/containments/{allergenContainmentTypeId}/allergens/{allergenId}",1,0,1
"items.yaml::GET /item-categories/{id}",1,0,1
"items.yaml::GET /nutrition-facts/{id}",1,0,1
"items.yaml::POST /items/{itemId}/nutrition-facts",3,0,3
"items.yaml::GET /items/{itemId}/nutrition-facts/{nutritionFactId}",1,0,1
"items.yaml::PATCH /items/{itemId}/nutrition-facts/{nutritionFactId}",3,0,3
"items.yaml::DELETE /items/{itemId}/nutrition-facts/{nutritionFactId}",1,0,1
"items.yaml::POST /items/{itemId}/packaging-parts",3,0,3
"items.yaml::GET /items/{itemId}/packaging-parts/{packagingPartId}",1,0,1
"items.yaml::PATCH /items/{itemId}/packaging-parts/{packagingPartId}",3,0,3
"items.yaml::DELETE /items/{itemId}/packaging-parts/{packagingPartId}",1,0,1
"items.yaml::GET /items/{itemId}/suppliers/{supplierId}",2,0,2
"items.yaml::POST /items/{itemId}/suppliers/{supplierId}",3,0,3
"items.yaml::PATCH /items/{itemId}/suppliers/{supplierId}",3,0,3
"items.yaml::DELETE /items/{itemId}/suppliers/{supplierId}",1,0,1
"items.yaml::GET /items/{originalItemId}/relations/{relationTypeId}/related/{relatedItemId}",1,0,1
"items.yaml::POST /items/{originalItemId}/relations/{relationTypeId}/related/{relatedItemId}",3,0,3
"items.yaml::ItemRelatedLite",0,1,1
"items.yaml::DELETE /items/{originalItemId}/relations/{relationTypeId}/related/{relatedItemId}",1,0,1
"items.yaml::GET /items/kpis",3,0,3
"items.yaml::GET /items/kpis/{kpiId}",1,0,1
"items.yaml::GET /items/{id}/kpis",2,0,2
"items.yaml::PUT /items/{id}/minimum-stock-levels",3,0,3
"items.yaml::DELETE /items/{itemId}/minimum-stock-levels/{minStockLevelId}",1,0,1
"jobs.yaml::JobStatus",0,1,1
"jobs.yaml::JobResponse",2,1,3
"jobs.yaml::JobIncluded",0,1,1
"jobs.yaml::GET /jobs/{id}",1,0,1
"jsonapi.yaml::JSONAPIresponse",3,0,3
"jsonapi.yaml::success",6,1,7
"jsonapi.yaml::meta",0,9,9
"jsonapi.yaml::links",1,5,6
"jsonapi.yaml::pagination",0,1,1
"jsonapi.yaml::jsonapi",1,3,4
"jsonapi.yaml::onlyMeta",1,0,1
"jsonapi.yaml::relationshipMeta",1,1,2
"jsonapi.yaml::apiDateReadOnly",0,2,2
"jsonapi.yaml::relationshipToManyMeta",1,1,2
"jsonapi.yaml::nulltype",0,2,2
"jsonapi.yaml::post_datum",1,0,1
"jsonapi.yaml::post_resource",6,1,7
"jsonapi.yaml::datum",1,0,1
"jsonapi.yaml::type",0,2,2
"jsonapi.yaml::id",0,4,4
"jsonapi.yaml::attributes",0,2,2
"jsonapi.yaml::relationships",1,2,3
"jsonapi.yaml::link",2,1,3
"jsonapi.yaml::linkHref",1,1,2
"jsonapi.yaml::relationship",4,1,5
"jsonapi.yaml::relationshipToOne",0,5,5
"jsonapi.yaml::relationshipToMany",1,4,5
"jsonapi.yaml::relationshipToOneWithMeta",1,0,1
"jsonapi.yaml::linkageWithMeta",1,3,4
"jsonapi.yaml::relToOne",2,0,2
"jsonapi.yaml::relToOneWithMeta",2,0,2
"jsonapi.yaml::relToOneParty",2,0,2
"jsonapi.yaml::linkageParty",0,2,2
"jsonapi.yaml::relToOnePartyReadOnly",2,0,2
"jsonapi.yaml::relToOneWithMetaReadOnly",2,0,2
"jsonapi.yaml::relToOneReadOnly",2,0,2
"jsonapi.yaml::relToOneNullable",2,0,2
"jsonapi.yaml::relToMany",3,0,3
"jsonapi.yaml::relToManyMeta",0,7,7
"jsonapi.yaml::relToManyReadOnly",3,0,3
"jsonapi.yaml::relToManyWithMeta",3,0,3
"jsonapi.yaml::relationshipToManyWithMeta",1,2,3
"jsonapi.yaml::relToManyParties",3,0,3
"jsonapi.yaml::relationshipToManyParties",1,2,3
"jsonapi.yaml::relToManyPartiesReadOnly",3,0,3
"jsonapi.yaml::relToManyWithMetaReadOnly",3,0,3
"jsonapi.yaml::relToOneData",1,0,1
"jsonapi.yaml::relToManyData",1,0,1
"jsonapi.yaml::relToManyLink",2,0,2
"jsonapi.yaml::linkageOneToMany",1,1,2
"jsonapi.yaml::linkageToManyWithMeta",1,1,2
"jsonapi.yaml::linkageToManyParties",1,1,2
"jsonapi.yaml::empty",1,0,1
"jsonapi.yaml::relationshipToManyPartiesMeta",0,1,1
"jsonapi.yaml::metaSeq",0,1,1
"jsonapi.yaml::apiErrorMeta",0,1,1
"messages.yaml::MessagePriority",0,1,1
"messages.yaml::MessageReadingStatus",0,2,2
"messages.yaml::relToMany",0,1,1
"messages.yaml::relToManyReadOnly",0,1,1
"messages.yaml::UserMessageListResponse",4,2,6
"messages.yaml::PaginationMeta",0,2,2
"messages.yaml::pagination",0,2,2
"messages.yaml::UserMessageIncluded",0,2,2
"messages.yaml::UserMessageResponse",2,2,4
"messages.yaml::UserMessageRequest",1,1,2
"messages.yaml::UserMessageReturnReceipt",2,1,3
"messages.yaml::UserMessageReturnReceiptListResponse",3,1,4
"messages.yaml::POST /messages/message",4,0,4
"messages.yaml::GET /messages/message/{id}",1,0,1
"messages.yaml::DELETE /messages/message/{id}",1,0,1
"messages.yaml::POST /messages/reading-status",2,0,2
"messages.yaml::UserMessageReturnReceiptRequest",0,1,1
"notifications.yaml::EmailAttachment",1,1,2
"notifications.yaml::relToOne",0,2,2
"notifications.yaml::EmailAttachmentIncluded",1,1,2
"notifications.yaml::DigitalContent",0,1,1
"notifications.yaml::EmailAttachmentResponse",2,1,3
"notifications.yaml::CommunicationChannelType",0,1,1
"notifications.yaml::apiDateTime",0,1,1
"notifications.yaml::JobStatus",0,1,1
"notifications.yaml::relToOneReadOnly",0,1,1
"notifications.yaml::relToMany",0,1,1
"notifications.yaml::EmailNotificationRequest",1,1,2
"notifications.yaml::EmailNotificationResponse",2,1,3
"notifications.yaml::EmailNotificationIncluded",0,1,1
"notifications.yaml::POST /notifications/channels/email",3,0,3
"notifications.yaml::GET /notifications/channels/email/attachments",1,0,1
"payments.yaml::PaymentCondition",3,4,7
"payments.yaml::SimpleEntity",0,3,3
"payments.yaml::relToMany",0,2,2
"payments.yaml::PaymentConditionResponse",2,1,3
"payments.yaml::PaymentConditionIncluded",0,2,2
"payments.yaml::PaymentConditionListResponse",4,1,5
"payments.yaml::PaginationMeta",0,4,4
"payments.yaml::pagination",0,4,4
"payments.yaml::PaymentConditionRequest",1,0,1
"payments.yaml::PaymentConditionInstalment",3,3,6
"payments.yaml::lastChangeTs",0,2,2
"payments.yaml::PaymentConditionInstalmentIncluded",1,2,3
"payments.yaml::PaymentConditionInstalmentResponse",2,1,3
"payments.yaml::PaymentConditionInstalmentListResponse",4,1,5
"payments.yaml::PaymentConditionInstalmentRequest",1,0,1
"payments.yaml::CustomerLedgerEntryResponse",2,1,3
"payments.yaml::CustomerLedgerEntryIncluded",0,2,2
"payments.yaml::CustomerLedgerEntryListResponse",4,1,5
"payments.yaml::CustomerLedgerEntryRequest",1,0,1
"payments.yaml::PaymentMethod",1,2,3
"payments.yaml::PaymentMethodIncluded",1,2,3
"payments.yaml::Organization",0,1,1
"payments.yaml::PaymentMethodResponse",2,1,3
"payments.yaml::PaymentMethodListResponse",4,1,5
"payments.yaml::GET /payment-conditions/{id}",1,0,1
"payments.yaml::GET /payment-conditions/{paymentConditionId}/instalments/{instalmentId}",1,0,1
"payments.yaml::GET /customer-ledger-entries/{id}",1,0,1
"payments.yaml::GET /payment-methods/{id}",1,0,1
"plants.yaml::Plant",2,2,4
"plants.yaml::Address",0,1,1
"plants.yaml::relToOne",0,1,1
"plants.yaml::PlantIncluded",1,2,3
"plants.yaml::Organization",0,1,1
"plants.yaml::PlantResponse",2,1,3
"plants.yaml::PlantListResponse",4,1,5
"plants.yaml::PaginationMeta",0,2,2
"plants.yaml::pagination",0,2,2
"plants.yaml::PlantDetail",2,1,3
"plants.yaml::PlantDetailsResponse",4,1,5
"plants.yaml::PlantDetailIncluded",0,1,1
"plants.yaml::GET /plants/{id}",3,0,3
"priceCondition.yaml::PriceSearchGroupListResponse",1,1,2
"priceCondition.yaml::PriceSearchGroup",0,2,2
"priceCondition.yaml::ConditionValueType",0,1,1
"priceCondition.yaml::PriceSearchListResponse",3,1,4
"priceCondition.yaml::pagination",0,3,3
"priceCondition.yaml::PriceSearchIncluded",1,1,2
"priceCondition.yaml::lastChangeTs",0,1,1
"priceCondition.yaml::relToOne",0,1,1
"priceCondition.yaml::PriceConditionListResponse",4,1,5
"priceCondition.yaml::PaginationMeta",0,2,2
"priceCondition.yaml::PriceConditionIncluded",0,2,2
"priceCondition.yaml::PriceConditionRequest",1,2,3
"priceCondition.yaml::PriceConditionResponse",2,3,5
"priceCondition.yaml::PriceConditionDescrListResponse",1,1,2
"priceCondition.yaml::PriceSearchAttributeValuesListResponse",3,1,4
"priceCondition.yaml::GET /price-search-groups",4,0,4
"priceCondition.yaml::GET /price-searches",4,0,4
"priceCondition.yaml::POST /price-conditions",4,0,4
"priceCondition.yaml::GET /price-conditions/{id}",1,0,1
"priceCondition.yaml::PATCH /price-conditions/{id}",3,0,3
"priceCondition.yaml::DELETE /price-conditions/{id}",1,0,1
"priceCondition.yaml::POST /price-conditions/export",3,0,3
"priceCondition.yaml::GET /price-searches/{priceSearchId}/price-condition-descr",2,0,2
"priceCondition.yaml::POST /price-searches/{priceSearchId}/price-condition-descr/{priceConditionDescrId}",2,0,2
"priceCondition.yaml::DELETE /price-searches/{priceSearchId}/price-condition-descr/{priceConditionDescrId}",1,0,1
"pricelists.yaml::PriceListType",0,1,1
"pricelists.yaml::DiscountMode",0,1,1
"pricelists.yaml::lastChangeTs",0,4,4
"pricelists.yaml::ProcessingStatus",0,1,1
"pricelists.yaml::PriceListResponse",2,5,7
"pricelists.yaml::PriceListIncluded",0,2,2
"pricelists.yaml::PriceListCollectionResponse",4,1,5
"pricelists.yaml::PaginationMeta",0,3,3
"pricelists.yaml::pagination",0,3,3
"pricelists.yaml::PriceListRequest",1,2,3
"pricelists.yaml::relToOneWithMeta",0,1,1
"pricelists.yaml::PriceListPartyResponse",2,4,6
"pricelists.yaml::PriceListPartyIncluded",0,2,2
"pricelists.yaml::PriceListPartyListResponse",4,2,6
"pricelists.yaml::PriceListPartyRequest",1,2,3
"pricelists.yaml::isDraft",0,2,2
"pricelists.yaml::PriceListDetailDiscount",2,1,3
"pricelists.yaml::PriceListDetailResponse",2,3,5
"pricelists.yaml::PriceListDetailIncluded",0,2,2
"pricelists.yaml::PriceListDetailListResponse",4,1,5
"pricelists.yaml::PriceListDetailRequest",1,2,3
"pricelists.yaml::GET /price-lists/{id}",1,0,1
"pricelists.yaml::PATCH /price-lists/{id}",3,0,3
"pricelists.yaml::DELETE /price-lists/{id}",1,0,1
"pricelists.yaml::POST /price-lists/{id}/edit",2,0,2
"pricelists.yaml::POST /price-lists/{id}/publish",2,0,2
"pricelists.yaml::POST /price-lists",3,0,3
"pricelists.yaml::POST /price-lists/{priceListId}/customer-accounts",3,0,3
"pricelists.yaml::GET /price-lists/{priceListId}/customer-accounts/{id}",1,0,1
"pricelists.yaml::PATCH /price-lists/{priceListId}/customer-accounts/{id}",3,0,3
"pricelists.yaml::DELETE /price-lists/{priceListId}/customer-accounts/{id}",1,0,1
"pricelists.yaml::POST /price-lists/{priceListId}/details",3,0,3
"pricelists.yaml::GET /price-lists/{priceListId}/details/{detailId}",1,0,1
"pricelists.yaml::PATCH /price-lists/{priceListId}/details/{detailId}",3,0,3
"pricelists.yaml::DELETE /price-lists/{priceListId}/details/{detailId}",1,0,1
"pricelists.yaml::GET /price-lists/{priceListId}/suppliers/{id}",1,0,1
"purchaseDoc.yaml::FulfillmentStatus",0,2,2
"purchaseDoc.yaml::DocHeaderTotals",0,1,1
"purchaseDoc.yaml::apiDate",0,3,3
"purchaseDoc.yaml::PurchaseDocHeaderAttributesWithDocHeader",2,2,4
"purchaseDoc.yaml::DocHeaderAttributes",0,1,1
"purchaseDoc.yaml::PurchaseDocHeader",3,3,6
"purchaseDoc.yaml::DocHeaderRelationships",0,2,2
"purchaseDoc.yaml::PurchaseDocHeaderListResponse",4,1,5
"purchaseDoc.yaml::PaginationMeta",0,3,3
"purchaseDoc.yaml::pagination",0,2,2
"purchaseDoc.yaml::PurchaseDocHeaderIncluded",0,2,2
"purchaseDoc.yaml::PurchaseDocHeaderResponse",2,8,10
"purchaseDoc.yaml::PurchaseDocHeaderRequest",1,2,3
"purchaseDoc.yaml::CommonDocLineAttributes",0,1,1
"purchaseDoc.yaml::relToOneReadOnly",0,1,1
"purchaseDoc.yaml::PurchaseDocLine",3,4,7
"purchaseDoc.yaml::CommonDocLineRelationships",0,1,1
"purchaseDoc.yaml::PurchaseDocLineListResponse",4,2,6
"purchaseDoc.yaml::PurchaseDocLineIncluded",0,2,2
"purchaseDoc.yaml::DocLineTotalsPaginationMeta",0,1,1
"purchaseDoc.yaml::PurchaseDocLineResponse",2,3,5
"purchaseDoc.yaml::PurchaseDocLineRequest",1,1,2
"purchaseDoc.yaml::PurchaseDocLineListRequest",1,1,2
"purchaseDoc.yaml::PurchaseDocLineWithHeader",5,1,6
"purchaseDoc.yaml::PurchaseDocLineWithHeaderListResponse",4,1,5
"purchaseDoc.yaml::PurchaseDocLineWithHeaderIncluded",0,1,1
"purchaseDoc.yaml::LoadingUnitGenRequest",1,1,2
"purchaseDoc.yaml::LoadingUnit",1,2,3
"purchaseDoc.yaml::apiDateTime",0,3,3
"purchaseDoc.yaml::LoadingUnitListResponse",1,3,4
"purchaseDoc.yaml::LoadingUnitResponse",1,0,1
"purchaseDoc.yaml::LineMatchAttribute",0,1,1
"purchaseDoc.yaml::UnexpectedDataStrategy",0,1,1
"purchaseDoc.yaml::relToMany",0,1,1
"purchaseDoc.yaml::PurchaseDocReadingRequest",1,1,2
"purchaseDoc.yaml::PurchaseDocInboundResponse",2,2,4
"purchaseDoc.yaml::InboundLine",0,1,1
"purchaseDoc.yaml::Item",0,1,1
"purchaseDoc.yaml::ListPurchaseDocLineInstanceResponse",1,2,3
"purchaseDoc.yaml::PurchaseDocLineInstanceRequest",1,0,1
"purchaseDoc.yaml::PurchaseDocLineInstanceResponse",1,1,2
"purchaseDoc.yaml::PurchaseDocLineInstanceUpdateRequest",1,1,2
"purchaseDoc.yaml::PurchaseDocLineInstanceUpdateData",0,1,1
"purchaseDoc.yaml::PurchaseDocAggregatedDataResponse",1,0,1
"purchaseDoc.yaml::PurchaseDocAggregatedData",3,1,4
"purchaseDoc.yaml::PurchaseDocNoGroupingElement",2,1,3
"purchaseDoc.yaml::PurchaseDocNoGrouping",2,1,3
"purchaseDoc.yaml::PurchaseDocAggregatedTotals",0,3,3
"purchaseDoc.yaml::PurchaseDocGroupByPackage",2,1,3
"purchaseDoc.yaml::PurchaseDocGroupByPackageGroup",0,1,1
"purchaseDoc.yaml::PurchaseDocSerialsOnlyGroup",1,1,2
"purchaseDoc.yaml::PurchaseDocSerialsOnly",2,1,3
"purchaseDoc.yaml::POST /purchase-docs/headers",3,0,3
"purchaseDoc.yaml::POST /purchase-docs/headers/{headerId}/lines",3,0,3
"purchaseDoc.yaml::DELETE /purchase-docs/headers/{headerId}/lines",1,0,1
"purchaseDoc.yaml::GET /purchase-docs/headers/{headerId}/lines/{lineId}",1,0,1
"purchaseDoc.yaml::PATCH /purchase-docs/headers/{headerId}/lines/{lineId}",3,0,3
"purchaseDoc.yaml::DELETE /purchase-docs/headers/{headerId}/lines/{lineId}",1,0,1
"purchaseDoc.yaml::GET /purchase-docs/lines/{lineId}/string-templates",4,0,4
"purchaseDoc.yaml::GET /purchase-docs/headers/{headerId}/lines/{lineId}/loading-units",3,0,3
"purchaseDoc.yaml::POST /purchase-docs/headers/{headerId}/lines/{lineId}/loading-units",2,0,2
"purchaseDoc.yaml::GET /purchase-docs/headers/{headerId}",1,0,1
"purchaseDoc.yaml::PATCH /purchase-docs/headers/{headerId}",3,0,3
"purchaseDoc.yaml::DELETE /purchase-docs/headers/{headerId}",1,0,1
"purchaseDoc.yaml::POST /purchase-docs/headers/{headerId}/edit",2,0,2
"purchaseDoc.yaml::POST /purchase-docs/headers/{headerId}/publish",2,0,2
"purchaseDoc.yaml::POST /purchase-docs/headers/{headerId}/release",1,0,1
"purchaseDoc.yaml::GET /purchase-docs/headers/{headerId}/linked-docs",2,0,2
"purchaseDoc.yaml::GET /purchase-docs/headers/{headerId}/transfer-statuses",2,0,2
"purchaseDoc.yaml::PATCH /purchase-docs/headers/{headerId}/transfer-statuses",3,0,3
"purchaseDoc.yaml::GET /purchase-docs/headers/{headerId}/draft-ownership",1,0,1
"purchaseDoc.yaml::PATCH /purchase-docs/headers/{headerId}/draft-ownership",2,0,2
"purchaseDoc.yaml::GET /purchase-docs/headers/{headerId}/inbound",2,0,2
"purchaseDoc.yaml::POST /purchase-docs/headers/{headerId}/inbound",2,0,2
"purchaseDoc.yaml::POST /purchase-docs/loading-units",5,0,5
"purchaseDoc.yaml::POST /purchase-docs/headers/{headerId}/lines/{lineId}/loading-units/printing-callback",3,0,3
"purchaseDoc.yaml::POST /purchase-docs/reading/headers",3,0,3
"purchaseDoc.yaml::GET /purchase-docs/draft-skipped/headers/{headerId}/lines/{lineId}/instances",3,0,3
"purchaseDoc.yaml::GET /purchase-docs/draft-skipped/headers/{headerId}/instances",3,0,3
"purchaseDoc.yaml::DELETE /purchase-docs/draft-skipped/headers/{headerId}/instances",1,0,1
"purchaseDoc.yaml::PATCH /purchase-docs/draft-skipped/headers/{headerId}/instances/{lineInstanceId}",3,0,3
"purchaseDoc.yaml::POST /purchase-docs/reading/headers/{headerId}/compile",2,0,2
"purchaseDoc.yaml::POST /purchase-docs/reading/headers/{headerId}/release",2,0,2
"purchaseDoc.yaml::POST /purchase-docs/reading/headers/{headerId}/reset",3,0,3
"purchaseDoc.yaml::PATCH /purchase-docs/reading/headers/{headerId}/unexpected-instances",2,0,2
"purchaseDoc.yaml::PATCH /purchase-docs/reading/headers/{headerId}/expected-instances",2,0,2
"purchaseDoc.yaml::PATCH /purchase-docs/reading/headers/{headerId}/instances/properties",2,0,2
"recurrences.yaml::SimpleEntity",0,1,1
"recurrences.yaml::RecurrenceType",0,1,1
"recurrences.yaml::relToOne",0,1,1
"recurrences.yaml::RecurrenceIncluded",1,2,3
"recurrences.yaml::Organization",0,1,1
"recurrences.yaml::RecurrenceListResponse",4,1,5
"recurrences.yaml::PaginationMeta",0,1,1
"recurrences.yaml::pagination",0,1,1
"recurrences.yaml::RecurrenceResponse",2,1,3
"recurrences.yaml::GET /recurrence-values/{id}",1,0,1
"salesDoc.yaml::Email",0,1,1
"salesDoc.yaml::apiDate",0,7,7
"salesDoc.yaml::FulfillmentStatus",0,4,4
"salesDoc.yaml::SalesDocHeaderAttributesWithDocHeader",2,2,4
"salesDoc.yaml::DocHeaderAttributes",0,1,1
"salesDoc.yaml::SalesDocHeaderAttributesWithDocHeaderLite",2,1,3
"salesDoc.yaml::DocHeaderAttributesLite",0,1,1
"salesDoc.yaml::relToMany",0,2,2
"salesDoc.yaml::relToManyReadOnly",0,1,1
"salesDoc.yaml::SalesDocHeader",3,3,6
"salesDoc.yaml::DocHeaderRelationships",0,2,2
"salesDoc.yaml::SalesDocHeaderLite",1,1,2
"salesDoc.yaml::SalesDocHeaderRequest",1,0,1
"salesDoc.yaml::SalesDocHeaderResponse",2,6,8
"salesDoc.yaml::SalesDocHeaderIncluded",0,2,2
"salesDoc.yaml::SalesDocHeaderListResponse",4,1,5
"salesDoc.yaml::PaginationMeta",0,8,8
"salesDoc.yaml::pagination",0,6,6
"salesDoc.yaml::SalesDocHeaderLiteRequest",1,0,1
"salesDoc.yaml::SalesDocHeaderTax",2,1,3
"salesDoc.yaml::SalesDocHeaderTaxResponse",1,0,1
"salesDoc.yaml::DocLineStatus",0,1,1
"salesDoc.yaml::AvailabilityLevelId",0,2,2
"salesDoc.yaml::Warnings",0,1,1
"salesDoc.yaml::SalesDocLine",2,3,5
"salesDoc.yaml::SalesDocLineLite",1,1,2
"salesDoc.yaml::SalesDocLineAttributesLite",0,1,1
"salesDoc.yaml::SalesDocLineLiteRequest",1,0,1
"salesDoc.yaml::UpsertSalesDocLineRequest",1,1,2
"salesDoc.yaml::UpsertSalesDocLine",0,1,1
"salesDoc.yaml::SalesDocLineResponse",2,4,6
"salesDoc.yaml::SalesDocLineIncluded",0,2,2
"salesDoc.yaml::SalesDocLineListResponse",4,1,5
"salesDoc.yaml::SalesDocLineWithHeader",5,1,6
"salesDoc.yaml::SalesDocLineWithHeaderListResponse",4,1,5
"salesDoc.yaml::SalesDocLineWithHeaderIncluded",0,1,1
"salesDoc.yaml::SalesDocLineDiscountIncluded",1,1,2
"salesDoc.yaml::SalesDocLineDiscountsResponse",2,1,3
"salesDoc.yaml::SalesDocDiscountTotalsResponse",1,1,2
"salesDoc.yaml::SalesDocDiscountTotal",0,1,1
"salesDoc.yaml::SalesDocHeaderCreationRequest",1,1,2
"salesDoc.yaml::SalesDocLineItemInfoResponse",2,1,3
"salesDoc.yaml::SalesDocLineItemInfoIncluded",0,1,1
"salesDoc.yaml::EntityAttributeValue",0,1,1
"salesDoc.yaml::SalesDocHeaderUpdateRequest",1,1,2
"salesDoc.yaml::EligibleSellToCustomerAccountListResponse",2,1,3
"salesDoc.yaml::EligibleSellToCustomerAccount",0,1,1
"salesDoc.yaml::BillToCustomerAccountResponse",1,1,2
"salesDoc.yaml::BillToCustomerAccount",0,1,1
"salesDoc.yaml::EligiblePriceListListResponse",2,1,3
"salesDoc.yaml::SalesDocLineCreationData",1,1,2
"salesDoc.yaml::SalesDocLineCreationRequest",1,1,2
"salesDoc.yaml::SalesDocLineUpdateRequest",1,1,2
"salesDoc.yaml::EligibleItem",1,1,2
"salesDoc.yaml::relToManyWithMeta",0,1,1
"salesDoc.yaml::EligibleItemIncluded",1,1,2
"salesDoc.yaml::Item",0,1,1
"salesDoc.yaml::EligibleItemsListResponse",4,1,5
"salesDoc.yaml::SalesDocWidgetListResponse",1,1,2
"salesDoc.yaml::TallyWidget",0,1,1
"salesDoc.yaml::ExceededBudgetLimitsResponse",4,1,5
"salesDoc.yaml::ExceededBudgetLimitsIncluded",0,1,1
"salesDoc.yaml::SalesDocLineWarningsListResponse",2,1,3
"salesDoc.yaml::SalesDocLineWarningIncluded",0,1,1
"salesDoc.yaml::SalesDocConstraintWarning",1,1,2
"salesDoc.yaml::ConstraintType",0,1,1
"salesDoc.yaml::SalesDocConstraintWarningsResponse",1,1,2
"salesDoc.yaml::ShippingCostListResponse",4,1,5
"salesDoc.yaml::ShippingCostIncluded",0,1,1
"salesDoc.yaml::GET /sales-docs/headers/{id}/transfer-statuses",2,0,2
"salesDoc.yaml::PATCH /sales-docs/headers/{id}/transfer-statuses",3,0,3
"salesDoc.yaml::GET /sales-docs/headers/{headerId}/lines/{lineId}",1,0,1
"salesDoc.yaml::PATCH /sales-docs/headers/{headerId}/lines/{lineId}",3,0,3
"salesDoc.yaml::DELETE /sales-docs/headers/{headerId}/lines/{lineId}",1,0,1
"salesDoc.yaml::GET /sales-docs/headers/{headerId}/lines/{lineId}/item-info",2,0,2
"salesDoc.yaml::GET /sales-docs/headers/{headerId}/lines/{lineId}/discounts",2,0,2
"salesDoc.yaml::POST /sales-docs/headers/{id}/lines",3,0,3
"salesDoc.yaml::POST /sales-docs/headers/{headerId}/lines/by-item-code",2,0,2
"salesDoc.yaml::GET /sales-docs/headers/{headerId}/linked-docs",2,0,2
"salesDoc.yaml::POST /sales-docs/headers/{id}/release",1,0,1
"salesDoc.yaml::POST /sales-docs/headers/{id}/publish",2,0,2
"salesDoc.yaml::GET /sales-docs/headers/{id}",2,0,2
"salesDoc.yaml::PATCH /sales-docs/headers/{id}",3,0,3
"salesDoc.yaml::DELETE /sales-docs/headers/{id}",1,0,1
"salesDoc.yaml::PATCH /sales-docs/headers/{id}/bulk-deletion",2,0,2
"salesDoc.yaml::POST /sales-docs/headers",4,0,4
"salesDoc.yaml::POST /sales-docs/headers/{id}/edit",2,0,2
"salesDoc.yaml::POST /sales-docs/headers/{id}/reports",3,0,3
"salesDoc.yaml::GET /sales-docs/headers/{id}/reports/templates",4,0,4
"salesDoc.yaml::GET /sales-docs/customer-accounts/{customerAccountId}/bill-to",1,0,1
"salesDoc.yaml::POST /sales-docs/{id}/reorder",2,0,2
"salesDoc.yaml::GET /sales-docs/headers/{headerId}/lines/{lineId}/warnings",2,0,2
"salesDoc.yaml::GET /sales-docs/headers/{id}/constraints-check",1,0,1
"salesDoc.yaml::GET /sales-docs/{id}/draft-ownership",1,0,1
"salesDoc.yaml::PATCH /sales-docs/{id}/draft-ownership",3,0,3
"salesDoc.yaml::POST /sales-docs/headers/{id}/lines/upsert",3,0,3
"salesDoc.yaml::UpsertSalesDocLineResponse",0,1,1
"salesReps.yaml::relToOne",0,1,1
"salesReps.yaml::SalesRepListResponse",4,1,5
"salesReps.yaml::PaginationMeta",0,2,2
"salesReps.yaml::pagination",0,2,2
"salesReps.yaml::SalesRepIncluded",0,2,2
"salesReps.yaml::SalesRepResponse",2,3,5
"salesReps.yaml::SalesRepRequest",1,2,3
"salesReps.yaml::SalesRepLiteListResponse",3,1,4
"salesReps.yaml::SalesRepLite",0,1,1
"salesReps.yaml::POST /sales-reps",4,0,4
"salesReps.yaml::GET /sales-reps/{id}",2,0,2
"salesReps.yaml::PATCH /sales-reps/{id}",4,0,4
"salesReps.yaml::DELETE /sales-reps/{id}",1,0,1
"salesReps.yaml::GET /sales-reps/{id}/commissions/last-calculation-date",1,0,1
"dataTypes.yaml::apiDate",0,1,1
"salesReps.yaml::GET /sales-reps/{id}/kpis",1,0,1
"salesReps.yaml::GET /sales-reps/{id}/kpis/{kpiId}",1,0,1
"salesReps.yaml::GET /sales-reps/{id}/targets",2,0,2
"target.yaml::TargetValueListResponse",4,2,6
"stats.yaml::StatTypeGraphX",0,1,1
"stats.yaml::StatTypeMeasure",0,1,1
"stats.yaml::StatLayout",0,1,1
"stats.yaml::XAxisColumn",0,1,1
"stats.yaml::relToOne",0,2,2
"stats.yaml::StatsConfigListResponse",4,1,5
"stats.yaml::PaginationMeta",0,1,1
"stats.yaml::pagination",0,1,1
"stats.yaml::StatsConfigIncluded",0,1,1
"stats.yaml::SalesStatsDatasetListResponse",2,1,3
"stats.yaml::SalesStatsDatasetIncluded",0,1,1
"suppliers.yaml::Supplier",8,3,11
"suppliers.yaml::LegalEntityType",0,1,1
"suppliers.yaml::SimpleEntity",0,1,1
"suppliers.yaml::Address",0,2,2
"suppliers.yaml::Email",0,1,1
"suppliers.yaml::Phone",0,1,1
"suppliers.yaml::lastChangeTs",0,1,1
"suppliers.yaml::EntityAttributeValue",0,1,1
"suppliers.yaml::relToOne",0,1,1
"suppliers.yaml::SupplierIncluded",1,2,3
"suppliers.yaml::Organization",0,1,1
"suppliers.yaml::SupplierResponse",2,4,6
"suppliers.yaml::SupplierListResponse",4,1,5
"suppliers.yaml::PaginationMeta",0,2,2
"suppliers.yaml::pagination",0,2,2
"suppliers.yaml::SupplierRequest",1,2,3
"suppliers.yaml::SupplierInfo",1,1,2
"suppliers.yaml::SupplierInfoListResponse",3,1,4
"suppliers.yaml::TargetOrganizationRequest",1,1,2
"suppliers.yaml::TargetOrganization",0,1,1
"suppliers.yaml::POST /suppliers",3,0,3
"suppliers.yaml::GET /suppliers/{supplierId}",2,0,2
"suppliers.yaml::PATCH /suppliers/{supplierId}",3,0,3
"suppliers.yaml::POST /suppliers/{supplierId}/clone",3,0,3
"surveyDoc.yaml::SurveyDocHeaderAttributes",2,1,3
"surveyDoc.yaml::SurveyDocHeaderAttributesWithDocHeader",2,1,3
"surveyDoc.yaml::DocHeaderAttributes",0,1,1
"surveyDoc.yaml::SurveyDocHeaderRelationships",3,1,4
"surveyDoc.yaml::relToOneWithMetaReadOnly",0,1,1
"surveyDoc.yaml::relToOneReadOnly",0,1,1
"surveyDoc.yaml::SurveyDocHeader",3,3,6
"surveyDoc.yaml::DocHeaderRelationships",0,1,1
"surveyDoc.yaml::SurveyDocHeaderResponse",2,6,8
"surveyDoc.yaml::SurveyDocHeaderIncluded",0,2,2
"surveyDoc.yaml::SurveyDocHeaderListResponse",4,1,5
"surveyDoc.yaml::PaginationMeta",0,7,7
"surveyDoc.yaml::pagination",0,7,7
"surveyDoc.yaml::SurveyDocSectionTypeId",0,2,2
"surveyDoc.yaml::SurveyDocSection",2,2,4
"surveyDoc.yaml::SurveyDocSectionResponse",2,0,2
"surveyDoc.yaml::SurveyDocSectionIncluded",0,2,2
"surveyDoc.yaml::SurveyDocSectionListResponse",4,1,5
"surveyDoc.yaml::apiDateTime",0,1,1
"surveyDoc.yaml::relToOneWithMeta",0,4,4
"surveyDoc.yaml::relToMany",0,1,1
"surveyDoc.yaml::SurveyAttachmentListResponse",4,1,5
"surveyDoc.yaml::SurveyAttachmentIncluded",0,2,2
"surveyDoc.yaml::SurveyAttachmentResponse",2,1,3
"surveyDoc.yaml::SurveyDocHeaderRequest",1,1,2
"surveyDoc.yaml::SurveyDocHeaderCreationRequest",1,1,2
"surveyDoc.yaml::SurveyDocSectionQuestionAndAnswersResponse",1,1,2
"surveyDoc.yaml::SurveyDocSectionQuestionAndAnswer",1,1,2
"surveyDoc.yaml::SurveyDocSectionQuestionAndAnswersAttributes",1,1,2
"surveyDoc.yaml::SurveyAnswer",1,1,2
"surveyDoc.yaml::SheetExEntityAttributeValue",0,1,1
"surveyDoc.yaml::SurveyTemplateSectionEntity",2,1,3
"surveyDoc.yaml::SurveyClusterEntityAnswer",0,3,3
"surveyDoc.yaml::SurveyTemplateSectionEntityListResponse",4,1,5
"surveyDoc.yaml::SurveyTemplateSectionEntityIncluded",0,1,1
"surveyDoc.yaml::ProcessingStatus",0,1,1
"surveyDoc.yaml::apiDateTimeReadOnly",0,1,1
"surveyDoc.yaml::relToManyReadOnly",0,1,1
"surveyDoc.yaml::SurveyDocTemplateResponse",2,5,7
"surveyDoc.yaml::SurveyDocTemplateIncluded",0,2,2
"surveyDoc.yaml::SurveyDocTemplateListResponse",4,1,5
"surveyDoc.yaml::SurveyDocTemplateRequest",1,2,3
"surveyDoc.yaml::SurveyDocTemplateSectionListResponse",4,1,5
"surveyDoc.yaml::SurveyDocTemplateSectionIncluded",0,2,2
"surveyDoc.yaml::SurveyDocTemplateSectionResponse",2,2,4
"surveyDoc.yaml::SurveyDocTemplateSectionRequest",1,2,3
"surveyDoc.yaml::SurveyDocTemplateClusterListResponse",4,1,5
"surveyDoc.yaml::SurveyDocTemplateClusterIncluded",0,1,1
"surveyDoc.yaml::SurveyClusterEntityAnswerListResponse",1,1,2
"surveyDoc.yaml::SurveyClusterEntityAnswerRequest",1,1,2
"surveyDoc.yaml::GET /survey-docs/headers/{id}",1,0,1
"surveyDoc.yaml::PATCH /survey-docs/headers/{id}",3,0,3
"surveyDoc.yaml::DELETE /survey-docs/headers/{id}",1,0,1
"surveyDoc.yaml::POST /survey-docs/headers",3,0,3
"surveyDoc.yaml::GET /survey-docs/headers/{headerId}/template-sections/{templateSectionId}/q-and-a",1,0,1
"surveyDoc.yaml::PATCH /survey-docs/headers/{headerId}/sections/{sectionId}/answers",3,0,3
"surveyDoc.yaml::GET /survey-docs/headers/{id}/transfer-statuses",2,0,2
"surveyDoc.yaml::PATCH /survey-docs/headers/{id}/transfer-statuses",3,0,3
"surveyDoc.yaml::GET /survey-docs/headers/{id}/linked-docs",2,0,2
"surveyDoc.yaml::POST /survey-docs/templates",3,0,3
"surveyDoc.yaml::GET /survey-docs/templates/{id}",1,0,1
"surveyDoc.yaml::PATCH /survey-docs/templates/{id}",3,0,3
"surveyDoc.yaml::DELETE /survey-docs/templates/{id}",1,0,1
"surveyDoc.yaml::POST /survey-docs/templates/{templateId}/edit",2,0,2
"surveyDoc.yaml::POST /survey-docs/templates/{templateId}/publish",2,0,2
"surveyDoc.yaml::POST /survey-docs/templates/{templateId}/template-sections",3,0,3
"surveyDoc.yaml::PATCH /survey-docs/templates/{templateId}/template-sections/{templateSectionId}",3,0,3
"surveyDoc.yaml::DELETE /survey-docs/templates/{templateId}/template-sections/{templateSectionId}",1,0,1
"surveyDoc.yaml::POST /survey-docs/attachments/export",4,0,4
"surveyDoc.yaml::GET /survey-docs/headers/{headerId}/lines/{lineId}/attachments/{attachmentId}",1,0,1
"surveyDoc.yaml::GET /survey-docs/headers/{headerId}/lines/{lineId}/attachments/{attachmentId}/download",1,0,1
"surveyDoc.yaml::POST /survey-docs/templates/{templateId}/clusters",2,0,2
"surveyDoc.yaml::DELETE /survey-docs/templates/{templateId}/clusters/{clusterId}",1,0,1
"surveyDoc.yaml::POST /survey-docs/headers/{id}/publish",2,0,2
"surveyDoc.yaml::POST /survey-docs/headers/{id}/edit",2,0,2
"target.yaml::TargetMeasurementMethod",2,1,3
"target.yaml::TargetLimitType",0,2,2
"target.yaml::TargetCounterType",0,2,2
"target.yaml::TargetMeasurementMethodListResponse",3,1,4
"target.yaml::PaginationMeta",0,3,3
"target.yaml::pagination",0,3,3
"target.yaml::SimpleEntity",0,1,1
"target.yaml::Action",0,1,1
"target.yaml::relToOne",0,2,2
"target.yaml::TargetValueStatus",0,1,1
"target.yaml::lastChangeTs",0,1,1
"target.yaml::TargetResponse",2,5,7
"target.yaml::TargetIncluded",0,2,2
"target.yaml::TargetValueResponse",2,3,5
"target.yaml::TargetValueIncluded",0,2,2
"target.yaml::TargetListResponse",4,1,5
"target.yaml::TargetRequest",1,2,3
"target.yaml::TargetValueRequest",1,2,3
"target.yaml::POST /targets",3,0,3
"target.yaml::GET /targets/{targetId}",1,0,1
"target.yaml::PATCH /targets/{targetId}",3,0,3
"target.yaml::DELETE /targets/{targetId}",1,0,1
"target.yaml::POST /targets/{targetId}/values",3,0,3
"target.yaml::GET /targets/{targetId}/values/{targetValueId}",2,0,2
"target.yaml::PATCH /targets/{targetId}/values/{targetValueId}",3,0,3
"target.yaml::DELETE /targets/{targetId}/values/{targetValueId}",1,0,1
"target.yaml::POST /targets/{targetId}/edit",2,0,2
"target.yaml::POST /targets/{targetId}/publish",2,0,2
"tasks.yaml::Task",2,3,5
"tasks.yaml::TaskAttributes",4,1,5
"tasks.yaml::TaskPriorityId",0,1,1
"tasks.yaml::apiDate",0,2,2
"tasks.yaml::relToMany",0,1,1
"tasks.yaml::TaskListResponse",4,1,5
"tasks.yaml::PaginationMeta",0,6,6
"tasks.yaml::pagination",0,6,6
"tasks.yaml::TaskIncluded",0,2,2
"tasks.yaml::TaskResponse",2,3,5
"tasks.yaml::TaskRequest",1,2,3
"tasks.yaml::TaskActionListResponse",4,1,5
"tasks.yaml::TaskActionIncluded",0,2,2
"tasks.yaml::TaskActionResponse",2,3,5
"tasks.yaml::TaskActionRequest",1,2,3
"tasks.yaml::TaskOutcome",1,1,2
"tasks.yaml::TaskOutcomeIncluded",1,1,2
"tasks.yaml::TaskType",1,2,3
"tasks.yaml::TaskOutcomeListResponse",4,1,5
"tasks.yaml::TaskTypeIncluded",1,1,2
"tasks.yaml::Organization",0,1,1
"tasks.yaml::TaskTypeListResponse",4,1,5
"tasks.yaml::Calendar",1,3,4
"tasks.yaml::CalendarIncluded",1,2,3
"tasks.yaml::UserProfile",0,1,1
"tasks.yaml::CalendarListResponse",4,1,5
"tasks.yaml::CalendarResponse",2,3,5
"tasks.yaml::CalendarRequest",1,2,3
"tasks.yaml::RecurrenceType",0,1,1
"tasks.yaml::relToManyParties",0,1,1
"tasks.yaml::CalendarEventIncluded",0,3,3
"tasks.yaml::CalendarEventResponse",2,3,5
"tasks.yaml::CalendarEventRequest",1,2,3
"tasks.yaml::CalendarEventAttendee",2,2,4
"tasks.yaml::relToOneWithMetaReadOnly",0,1,1
"tasks.yaml::CalendarEventAttendeeListResponse",2,3,5
"tasks.yaml::CalendarEventAttendeesRequest",1,1,2
"tasks.yaml::POST /tasks",3,0,3
"tasks.yaml::GET /tasks/{id}",1,0,1
"tasks.yaml::PATCH /tasks/{id}",3,0,3
"tasks.yaml::DELETE /tasks/{id}",1,0,1
"tasks.yaml::POST /tasks/{id}/actions",3,0,3
"tasks.yaml::GET /tasks/{id}/actions/{actionId}",1,0,1
"tasks.yaml::PATCH /tasks/{id}/actions/{actionId}",3,0,3
"tasks.yaml::DELETE /tasks/{id}/actions/{actionId}",1,0,1
"tasks.yaml::GET /tasks/kpis",2,0,2
"tasks.yaml::GET /tasks/kpis/{kpiId}",1,0,1
"tasks.yaml::POST /calendars",3,0,3
"tasks.yaml::PATCH /calendars/{calendarId}",3,0,3
"tasks.yaml::DELETE /calendars/{calendarId}",1,0,1
"tasks.yaml::POST /calendars/{calendarId}/events",3,0,3
"tasks.yaml::GET /calendars/{calendarId}/events/{eventId}",1,0,1
"tasks.yaml::PATCH /calendars/{calendarId}/events/{eventId}",3,0,3
"tasks.yaml::DELETE /calendars/{calendarId}/events/{eventId}",1,0,1
"tasks.yaml::POST /calendars/events/{eventId}/attendees",3,0,3
"tasks.yaml::PATCH /calendars/events/{eventId}/attendees",3,0,3
"tasks.yaml::Calendars",0,1,1
"tasks.yaml::DELETE /calendars/events/{eventId}/attendees/{attendeeCalendarId}",1,0,1
"tickets.yaml::TicketTypeListResponse",4,1,5
"tickets.yaml::PaginationMeta",0,3,3
"tickets.yaml::pagination",0,3,3
"tickets.yaml::TicketTypeIncluded",0,1,1
"tickets.yaml::TicketReason",2,1,3
"tickets.yaml::TicketReasonListResponse",4,1,5
"tickets.yaml::TicketReasonIncluded",0,1,1
"tickets.yaml::TicketListResponse",4,1,5
"tickets.yaml::TicketIncluded",0,2,2
"tickets.yaml::TicketResponse",2,0,2
"vehicles.yaml::Vehicle",1,2,3
"vehicles.yaml::relToOne",0,1,1
"vehicles.yaml::VehicleIncluded",1,2,3
"vehicles.yaml::Warehouse",0,1,1
"vehicles.yaml::VehicleResponse",2,1,3
"vehicles.yaml::VehicleListResponse",4,1,5
"vehicles.yaml::PaginationMeta",0,1,1
"vehicles.yaml::pagination",0,1,1
"vehicles.yaml::GET /vehicles/{id}",1,0,1
"warehouseDoc.yaml::WarehouseDocLineWithHeaderFilters",2,0,2
"warehouseDoc.yaml::WarehouseDocHeaderFilters",1,1,2
"warehouseDoc.yaml::WarehouseDocLineFilters",1,1,2
"warehouseDoc.yaml::DocWithItemsHeaderFilters",0,1,1
"warehouseDoc.yaml::DocWithItemsLineFilters",0,1,1
"warehouseDoc.yaml::FulfillmentStatus",0,2,2
"warehouseDoc.yaml::apiDate",0,3,3
"warehouseDoc.yaml::ReadingDocCounters",0,1,1
"warehouseDoc.yaml::ReadingDocPackageCounters",0,1,1
"warehouseDoc.yaml::WarehouseDocHeaderAttributesWithDocHeader",2,2,4
"warehouseDoc.yaml::DocHeaderAttributes",0,1,1
"warehouseDoc.yaml::WarehouseDocHeaderRelationships",1,2,3
"warehouseDoc.yaml::relToOneReadOnly",0,3,3
"warehouseDoc.yaml::WarehouseDocHeader",3,3,6
"warehouseDoc.yaml::DocHeaderRelationships",0,2,2
"warehouseDoc.yaml::WarehouseDocResponse",2,5,7
"warehouseDoc.yaml::WarehouseDocHeaderIncluded",0,2,2
"warehouseDoc.yaml::WarehouseDocHeaderListResponse",4,1,5
"warehouseDoc.yaml::PaginationMeta",0,4,4
"warehouseDoc.yaml::pagination",0,3,3
"warehouseDoc.yaml::WarehouseDocRequest",1,2,3
"warehouseDoc.yaml::CommonWarehouseDocLineRelationships",2,3,5
"warehouseDoc.yaml::relToOneWithMeta",0,2,2
"warehouseDoc.yaml::relToOneWithMetaReadOnly",0,1,1
"warehouseDoc.yaml::CommonDocLineAttributes",0,2,2
"warehouseDoc.yaml::WarehouseDocLine",4,3,7
"warehouseDoc.yaml::CommonDocLineRelationships",0,3,3
"warehouseDoc.yaml::WarehouseDocLineRequest",1,1,2
"warehouseDoc.yaml::WarehouseDocLineResponse",2,1,3
"warehouseDoc.yaml::WarehouseDocLineIncluded",0,2,2
"warehouseDoc.yaml::WarehouseDocLineListResponse",3,2,5
"warehouseDoc.yaml::WarehouseDocLineInstanceAttributes",2,1,3
"warehouseDoc.yaml::WarehouseDocLineInstanceRelationships",2,1,3
"warehouseDoc.yaml::WarehouseDocLineInstance",4,2,6
"warehouseDoc.yaml::MultipleWarehouseDocLineInstanceRequest",1,2,3
"warehouseDoc.yaml::WarehouseDocLineInstanceListResponse",3,2,5
"warehouseDoc.yaml::WarehouseDocLineWithHeader",7,1,8
"warehouseDoc.yaml::WarehouseDocLineWithHeaderListResponse",4,1,5
"warehouseDoc.yaml::WarehouseDocLineWithHeaderIncluded",0,1,1
"warehouseDoc.yaml::InboundLine",0,1,1
"warehouseDoc.yaml::WarehouseDocNoGroupingElement",2,1,3
"warehouseDoc.yaml::apiDateTime",0,1,1
"warehouseDoc.yaml::WarehouseDocNoGrouping",2,1,3
"warehouseDoc.yaml::WarehouseDocAggregatedTotals",0,3,3
"warehouseDoc.yaml::WarehouseDocGroupByPackage",2,1,3
"warehouseDoc.yaml::WarehouseDocGroupByPackageGroup",0,1,1
"warehouseDoc.yaml::WarehouseDocSerialsOnly",2,1,3
"warehouseDoc.yaml::WarehouseDocSerialsOnlyGroup",0,1,1
"warehouseDoc.yaml::WarehouseDocAggregatedData",3,1,4
"warehouseDoc.yaml::WarehouseDocAggregatedDataResponse",1,0,1
"warehouseDoc.yaml::LineMatchAttribute",0,1,1
"warehouseDoc.yaml::UnexpectedDataStrategy",0,1,1
"warehouseDoc.yaml::relToMany",0,1,1
"warehouseDoc.yaml::WarehouseDocReadingRequest",1,1,2
"warehouseDoc.yaml::GET /warehouse-docs/headers/{headerId}",1,0,1
"warehouseDoc.yaml::PATCH /warehouse-docs/headers/{headerId}",3,0,3
"warehouseDoc.yaml::DELETE /warehouse-docs/headers/{headerId}",1,0,1
"warehouseDoc.yaml::GET /warehouse-docs/headers/{headerId}/linked-docs",2,0,2
"warehouseDoc.yaml::POST /warehouse-docs/headers",3,0,3
"warehouseDoc.yaml::POST /warehouse-docs/headers/{headerId}/lines",3,0,3
"warehouseDoc.yaml::DELETE /warehouse-docs/headers/{headerId}/lines",1,0,1
"warehouseDoc.yaml::POST /warehouse-docs/headers/{headerId}/line-instances",3,0,3
"warehouseDoc.yaml::POST /warehouse-docs/headers/{headerId}/release",1,0,1
"warehouseDoc.yaml::POST /warehouse-docs/headers/{headerId}/lines/{lineId}/instances",3,0,3
"warehouseDoc.yaml::GET /warehouse-docs/headers/{headerId}/inbound",1,0,1
"warehouseDoc.yaml::PATCH /warehouse-docs/draft-skipped/headers/{headerId}/lines/{lineId}",2,0,2
"warehouseDoc.yaml::POST /warehouse-docs/reading/headers/{headerId}/compile",2,0,2
"warehouseDoc.yaml::POST /warehouse-docs/reading/headers",3,0,3
"warehouseDoc.yaml::DELETE /warehouse-docs/draft-skipped/headers/{headerId}/instances",1,0,1
"warehouseDoc.yaml::POST /warehouse-docs/reading/headers/{headerId}/release",2,0,2
"warehouseDoc.yaml::POST /warehouse-docs/reading/headers/{headerId}/reset",3,0,3
"warehouseDoc.yaml::PATCH /warehouse-docs/reading/headers/{headerId}/unexpected-instances",2,0,2
"warehouseDoc.yaml::PATCH /warehouse-docs/reading/headers/{headerId}/expected-instances",2,0,2
"warehouseDoc.yaml::PATCH /warehouse-docs/reading/headers/{headerId}/instances/properties",2,0,2
"widgets.yaml::WidgetCategory",0,1,1
"widgets.yaml::WidgetResponse",2,0,2
"widgets.yaml::WidgetIncluded",0,2,2
"widgets.yaml::WidgetListResponse",2,1,3
"widgets.yaml::TallyWidgetResponse",1,0,1
"widgets.yaml::TallyWidget",0,1,1
"widgets.yaml::RatioTrackerWidgetResponse",1,0,1
"widgets.yaml::RatioTrackerWidget",0,1,1
"workSessions.yaml::SimpleEntityReadOnly",0,1,1
"workSessions.yaml::TransferStatus",0,1,1
"workSessions.yaml::WorkSessionResponse",2,2,4
"workSessions.yaml::WorkSessionIncluded",0,2,2
"workSessions.yaml::WorkSessionListResponse",4,1,5
"workSessions.yaml::PaginationMeta",0,1,1
"workSessions.yaml::pagination",0,1,1
"workSessions.yaml::WorkSessionRequest",1,1,2
"workSessions.yaml::GET /work-sessions/{id}",1,0,1
"workSessions.yaml::PATCH /work-sessions/{id}",3,0,3
"workSessions.yaml::GET /work-sessions/{id}/documents",2,0,2
"workSessions.yaml::GET /work-sessions/{id}/customers",2,0,2
"workSessions.yaml::GET /work-sessions/{id}/suppliers",2,0,2
"workSessions.yaml::GET /work-sessions/kpis",2,0,2
"workSessions.yaml::GET /work-sessions/kpis/{kpiId}",4,0,4
"workSessions.yaml::GET /work-sessions/{id}/kpis",1,0,1
"workSessions.yaml::GET /work-sessions/{workSessionId}/kpis/{kpiId}",1,0,1
